id,title,category,shortlist_rank,type,location_town,plz,district_or_region,region,price_eur,price_note,living_m2,plot_m2,rooms,year_built,energy_hwb_class,energy_hwb_value,heating,heating_tech,heating_tech_source,has_garden,has_parking,parking_note,has_garage,has_sauna,has_pool,condition_note,commute_pt_min_low,commute_pt_min_high,commute_car_rush_low,commute_car_rush_high,drive_anton_boeck_min,drive_anton_boeck_note,pt_lange_gasse_min,pt_lange_gasse_note,lat,lon,location_precision,url_primary,url_alt,notes,research_date,listing_status,first_seen,last_seen,disappeared_date,price_eur_previous,price_changed_at,price_change_eur,price_history,change_flags,seller_type,seller_type_note,makler_name,price_per_m2,fees_statutory_pct,fees_makler_pct,fee_grunderwerbsteuer_eur,fee_grundbuch_eur,fee_notar_eur,fee_makler_eur,fees_total_eur,all_in_price_eur,betriebskosten_monat_eur,betriebskosten_note,finish_status,finish_status_note,finish_status_source,image,archive,archived_at,first_seen_at,fit_score,fit_label,fit_components,rooms_ok,rec_summary,rec_strengths,rec_weaknesses,rec_opportunities,reno_estimate_low,reno_estimate_high,total_cost_low,total_cost_high,operating_monthly_est,operating_note,has_cellar,garden_est_m2,fit_scored_at,reno_basis
SL1,EFH gekuppelt — Mehr Raum für Familie (Tulln),shortlist,1,EFH,Tulln an der Donau,3430,Bezirk Tulln / Langenlebarner-Viertel,Tulln area,400000,,122.0,493.0,5,1966,F,205.2,Gas ZH (Vaillant Therme 2025),Gas,Gas ZH; Vaillant Therme,True,True,Garage + Stellplatz,True,False,False,Renovierungsbedürftig; BJ 1966 gekuppelt; Keller ~61 m²,60,80,55,80,32,osrm_free_flow,62,vao_hafas_weekday_100000_best_of_7,48.3341,16.04999,town,https://www.ir.at/de/immobilien/1690346-mehr-raum-fur-familie-leben-in-tulln,https://www.dibeo.at/expose/2243032,"Covered terrace, balcony, Brunnen; near Bahnhof & Aubad. Town centroid — exact street withheld. All-in ~€440–448k with NK.",2026-09-28,active,2026-09-20,2026-10-10,,,,,,seen,makler,IR Immobilienring; Provision €14.400 inkl. 20% USt (page),Immobilien86 KG / IR,3278.69,6.1,3.6,14000,4400,6000,14400,38800,438800,83.34,"src: Betriebskosten: 83,34 € (ir.at)",sanierungsbedarf,"Renovierungsbedürftig; BJ 1966 gekuppelt; Keller ~61 m² Covered terrace, balcony, Brunnen;",listing_text,img/SL1.jpg,archive/SL1.html,2026-09-26,2026-09-20,54,Not recommended,"{""cost"":15.0,""pt"":13.1,""drive"":6.6,""living"":4.3,""garden"":6.4,""storage"":5,""room5"":4,""sauna"":0,""penalty"":0}",True,Weak fit (54/100): Good public transport to the 8th district (62 min); 5 rooms: one spare for guests/office.,Good public transport to the 8th district (62 min) | 5 rooms: one spare for guests/office | Cellar mentioned,,"Renovate to own taste; NÖ/federal renovation subsidies (e.g. Sanierungsbonus, heating replacement) may reduce cost",85000,170000,523800,608800,334,"Est. ~€334/month: BK €83 (listing) + heating ~€250 (HWB 205, Gas). Estimate.",yes,419,2026-10-10,"renovation needed, heavy (old/poor energy/complete): €700–1,400/m²"
SL2,EFH „Jetzt einziehen – dann fertigstellen!“,shortlist,2,EFH,Altenwörth,3474,Bezirk Tulln,Tulln area,380000,Richtpreis,121.0,471.0,5,2000,,,,Unknown,no heating system named in the listing text,True,True,Garage,True,False,False,EG bezugsfertig; DG+Keller roh; Nutzfläche ~192 m²,,,,,37,osrm_free_flow,83,vao_hafas_weekday_100000_best_of_6,48.38976,15.86862,town,https://www.remax.at/de/1626-29004,https://findheim.at/de/immobilie/quot-jetzt-einziehen-dann-fertigstellen-quot-72da6d48,~20–25 min to Tulln. Town centroid. Clear under-budget cushion for finishing.,2026-09-28,active,2026-09-20,2026-10-10,,,,,,seen,makler,RE/MAX listing (remax.at/1626-29004); buyer commission typical 3%+USt,RE/MAX,3140.5,6.1,3.6,13300,4180,5700,13680,36860,416860,,nicht angegeben (RE/MAX Kosten section has Kaufpreis/Makler only; findheim mirror removed),schluesselfertig,EG bezugsfertig; DG+Keller roh; Nutzfläche ~192 m² ~20–25 min to Tulln. Town centroid,listing_text,,,,2026-09-20,63,Worth a look,"{""cost"":31.6,""pt"":7.4,""drive"":5.1,""living"":4.1,""garden"":6.0,""storage"":5,""room5"":4,""sauna"":0,""penalty"":0}",True,Possible fit (63/100): Low overall cost (est. €447k–€472k incl. renovation); 5 rooms: one spare for guests/office.,Low overall cost (est. €447k–€472k incl. renovation) | 5 rooms: one spare for guests/office | Cellar mentioned,,Negotiate on price; check BK and heating bills,30000,55000,446860,471860,368,"Est. ~€368/month: BK €150 (assumed, not in listing) + heating ~€218 (HWB 180 assumed, Unknown). Estimate.",yes,398,2026-10-10,"turnkey in part, but listing says parts are unfinished (roh): €250–450/m²"
SL3,EFH mit Garten & Garage (Langenlebarn),shortlist,3,EFH,Langenlebarn,3425,Bezirk Tulln (neighbour of Tulln),Tulln area,435000,,100.0,807.0,4,1966,G,280.0,Gas ZH,Gas,Gas ZH; Gaszentralheizung; Gasheizung,True,True,Garage / Nebengebäude,True,False,False,Mittlerer bis guter Zustand; gepflegt; mehrere Terrassen,55,75,50,75,36,osrm_free_flow,70,vao_hafas_weekday_100000_best_of_5,48.33228,16.12399,town,https://www.immobilienscout24.at/expose/65f8c829a1bc22d52add4361,https://www.willhaben.at/iad/immobilien/d/haus-kaufen/niederoesterreich/tulln/tolles-wohnhaus-in-guter-zentraler-lage-mit-garage-herrlichem-garten-und-nebengebaeude-892441201/,Largest plot in shortlist. All-in with NK ~€479–487k (over €450k budget after NK). Town centroid.,2026-09-28,active,2026-09-20,2026-10-10,,,,,,seen,makler,ImmoScout24: Provision 3% des Kaufpreises plus 20% USt,,4350.0,6.1,3.6,15225,4785,6525,15660,42195,477195,,nicht angegeben (ImmoScout24 expose; no monthly BK field),unknown,no finish keywords found,listing_text,img/SL3.jpg,archive/SL3.html,2026-09-26,2026-09-20,49,Not recommended,"{""cost"":16.7,""pt"":10.9,""drive"":5.4,""living"":1.3,""garden"":10.0,""storage"":5,""room5"":0,""sauna"":0,""penalty"":0}",True,Weak fit (49/100): 4 rooms: meets the parents/boys/girls need; Large garden (est. ~747 m²).,4 rooms: meets the parents/boys/girls need | Large garden (est. ~747 m²) | Cellar mentioned,,"Big plot: room for play area, garden shed or extension | Cellar could take an office/hobby room",45000,90000,522195,567195,430,"Est. ~€430/month: BK €150 (assumed, not in listing) + heating ~€280 (HWB 280, Gas). Estimate.",yes,747,2026-10-10,pre-1970 or HWB F/G: substantial renovation €450–900/m²
SL4,Eck-Reihenhaus modern (Altenwörth),shortlist,4,RH,Altenwörth,3474,Bezirk Tulln,Tulln area,369000,,114.65,153.0,4,2019,,,Luft-Wärmepumpe,Air-source heat pump,Luft-Wärmepumpe,True,True,Stellplatz,False,False,False,Turnkey 2019 massiv; Terrasse ~12 m²; Grünruhelage,,,,,37,osrm_free_flow,83,vao_hafas_weekday_100000_best_of_6,48.38976,15.86862,town,https://www.remax.at/de/2442-2427,https://findheim.at/de/immobilie/modernes-reihenhaus-in-gruenruhelage-14bda900,Best plug-and-play under budget in shortlist. Small plot. ~20–25 min to Tulln. Town centroid.,2026-09-28,active,2026-09-20,2026-10-10,,,,,,seen,makler,RE/MAX listing (remax.at/2442-2427); buyer commission typical 3%+USt,RE/MAX,3218.49,6.1,3.6,12915,4059,5535,13284,35793,404793,,,schluesselfertig,Turnkey 2019 massiv; Terrasse ~12 m²; Grünruhelage Best plug-and-play under b,listing_text,img/SL4.jpg,archive/SL4.html,2026-09-26,2026-09-20,59,Worth a look,"{""cost"":41.4,""pt"":7.4,""drive"":5.1,""living"":3.3,""garden"":0.0,""storage"":2,""room5"":0,""sauna"":0,""penalty"":0}",True,Possible fit (59/100): Low overall cost (est. €405k–€415k incl. renovation); 4 rooms: meets the parents/boys/girls need; Little garden (est. ~84 m²).,Low overall cost (est. €405k–€415k incl. renovation) | 4 rooms: meets the parents/boys/girls need | Some storage (no cellar named),Little garden (est. ~84 m²),Negotiate on price; check BK and heating bills,0,10000,404793,414793,270,"Est. ~€270/month: BK €150 (assumed, not in listing) + heating ~€120 (HWB 180 assumed, Air-source heat pump). Estimate.",storage,84,2026-10-10,turnkey: minor works only
SL5,EFH „Rohdiamant“ teilsaniert (St. Andrä-Wördern),sold,5,EFH,St. Andrä-Wördern,3423,Bezirk Tulln / Speckgürtel,Tulln area,320000,RE/MAX €320k Richtpreis; some mirrors €349k — confirm live,100.0,414.0,3,1930,B,63.3,Gas ZH (BAXI); FBH in Wohn-Ess-Küche,Gas,Gas ZH; Gasheizung,True,False,Garage optional,False,False,False,"2025 shell (Dach, WDVS, 3-fach Glas); Küche/Bad/Garten unfinished; gekuppelt; Nutz ~150 m²",45,65,40,60,41,osrm_free_flow,51,vao_hafas_weekday_100000_best_of_6,48.33772,16.20349,town,https://findheim.at/de/immobilie/quot-rohdiamant-teilsaniertes-haus-auf-eigengrund-in-woerdern-quot-154af676,https://www.willhaben.at/iad/immobilien/d/haus-kaufen/niederoesterreich/tulln/-rohdiamant-teilsaniertes-haus-auf-eigengrund-in-woerdern-1283245280/,Best PT/car commute to the 8th district. Eigengrund stated. Pool spoken of as future option. Town centroid. 2026-09-23: findheim primary flaky/410; willhaben mirror confirmed live. Listing removed from FINDHEIM 2026-09-24 (user confirmed off-market). Marked sold.,2026-09-22,sold,2026-09-20,2026-09-24,2026-09-24,,,,,sold,makler,ISPRIVATE=0; REMAX Wien Donaustadt; Provision:3% des Kaufpreises zzgl. 20% USt.,REMAX Wien Donaustadt,3200.0,6.1,3.6,11200,3520,4800,11520,31040,351040,,nicht angegeben,sanierungsbedarf,Zustand Sanierungsbedürftig Wohnfläche 100 m² Grundfläche 414 m² Zimmer 3 Nut…,listing_text,img/SL5.jpg,archive/SL5.html,2026-09-26,2026-09-20,,,,,,,,,,,,,,,,,,
SL6,EFH modernisiert + Stadl (Fels am Wagram),shortlist,6,EFH,Fels am Wagram,3481,Bezirk Tulln / Wagram,Tulln area,310000,,150.0,503.0,5,,,,Pellets + Solar,Pellets,Pellets · also Holzofen; Solaranlage,True,True,Stadl with Hebebühne,False,False,False,"Refresh from ~2012 (Dach, WD); farther Wagram location",,,,,42,osrm_free_flow,92,vao_hafas_weekday_100000_best_of_5,48.44387,15.83501,town,https://findheim.at/de/immobilie/quot-grosszuegiges-einfamilienhaus-mit-viel-platz-fuer-familie-beruf-und-hobby-quot-6c2a7480,https://www.willhaben.at/iad/immobilien/d/haus-kaufen/niederoesterreich/tulln/-grosszuegiges-einfamilienhaus-mit-viel-platz-fuer-familie-beruf-und-hobby-919534160/,Farther from Wien/Tulln corridor. Town centroid. 2026-09-23: findheim primary flaky/410; willhaben mirror confirmed live. Link-check 2026-09-24: disappeared — HTTP 410 FINDHEIM 2026-09-24 HTTP 410: 'Dieses Objekt wurde leider vom Anbieter entfernt und ist derzeit nicht mehr am Markt.' Marked disappeared (not confirmed sold).,2026-09-22,disappeared,2026-09-20,2026-09-24,2026-09-24,,,,,disappeared,makler,ISPRIVATE=0; REMAX Tulln-Purkersdorf; Provision:3% des Kaufpreises zzgl. 20% USt.,REMAX Tulln-Purkersdorf,2066.67,6.1,3.6,10850,3410,4650,11160,30070,340070,,nicht angegeben,unknown,no finish keywords found,listing_text,img/SL6.jpg,archive/SL6.html,2026-09-26,2026-09-20,,,,,,,,,,,,,,,,,,
SL7,Neubau DHH Erstbezug belagsfertig (Frauendorf),shortlist,7,DHH,Frauendorf an der Au,3481,KG Königsbrunn am Wagram / Absdorf area,Tulln area,425000,,109.0,,4,2023,,,Wärmepumpe + FBH,Heat pump,Wärmepumpe · air or ground not stated,True,True,2 Stellplätze,False,False,False,Massiv 2022–24; 3 SZ; garden/terrace; confirm exact address/PLZ,,,,,34,osrm_free_flow,89,vao_hafas_weekday_100000_best_of_6,48.39231,15.92114,town,https://findheim.at/de/immobilie/wohnen-an-den-donauauen-und-am-wagram-modern-massiv-hochwertig-wohnen-in-der-weinregion-wagram-mit-bester-infrastruktur-und-verkehrsanbindung-d768ab07,,Listed Absdorf-area branding. Town centroid Frauendorf.,2026-09-28,active,2026-09-20,2026-10-10,,,,,,seen,makler,findheim: Raiffeisen Immobilienvermittlung / Peter Fellhofer; Vermittlungsprovision=Ja,Raiffeisen Immobilienvermittlung,3899.08,6.1,3.6,14875,4675,6375,15300,41225,466225,,,belagsfertig,"Die Übergabe erfolgt im belagsfertigen Zustand, um Ihren individuellen Bedürfnissen be",listing_text,img/SL7.jpg,archive/SL7.html,2026-09-26,2026-09-20,42,Not recommended,"{""cost"":26.5,""pt"":5.7,""drive"":6.0,""living"":2.5,""garden"":1.0,""storage"":0,""room5"":0,""sauna"":0,""penalty"":0}",True,Weak fit (42/100): 4 rooms: meets the parents/boys/girls need; Garden size unknown.,4 rooms: meets the parents/boys/girls need,Garden size unknown | Cellar unknown,Choose own floors/finishes,25000,50000,491225,516225,264,"Est. ~€264/month: BK €150 (assumed, not in listing) + heating ~€114 (HWB 180 assumed, Heat pump). Estimate.",unknown,,2026-10-10,"belagsfertig: floors, doors, painting, fittings at €250–450/m²"
SL8,Neubau Reihenhaus Erstbezug (Dürnrohr),shortlist,8,RH,Dürnrohr,3435,Zwentendorf an der Donau / Bezirk Tulln,Tulln area,399000,Belagsfertig; +~€50k schlüsselfertig,126.6,,5,2028,,,Wärmepumpe + PV,Air-source heat pump,Luftwärmepumpe · also PV,True,False,,False,False,False,Handover Q1 2028; terraces/loggias; garden ~43–165 m² per unit,,,,,42,osrm_free_flow,90,vao_hafas_weekday_100000_best_of_5,48.3318,15.89913,town,https://www.ir.at/de/immobilien/1614455-erstbezug-moderne-reihenhauser-mit-freiflachen-bei-allen-zimmern,https://www.willhaben.at/iad/immobilien/d/haus-kaufen/niederoesterreich/tulln/erstbezug-moderne-reihenhaeuser-mit-freiflaechen-bei-allen-zimmern-879662535/,Future handover. Plot size varies by unit. Town centroid.,2026-09-28,active,2026-09-20,2026-10-10,,,,,,seen,makler,IR Immobilienring; Provision €14.364 inkl. 20% USt (page),IR Immobilienring,3151.66,6.1,3.6,13965,4389,5985,14364,38703,437703,,nicht angegeben (ir.at detail has no Betriebskosten row),belagsfertig,Belagsfertig; +~€50k schlüsselfertig,listing_text,img/SL8.jpg,archive/SL8.html,2026-09-26,2026-09-20,51,Not recommended,"{""cost"":29.9,""pt"":5.5,""drive"":3.7,""living"":4.9,""garden"":1.0,""storage"":2,""room5"":4,""sauna"":0,""penalty"":0}",True,Weak fit (51/100): Low overall cost (est. €468k–€493k incl. renovation); 5 rooms: one spare for guests/office; Garden size unknown.,Low overall cost (est. €468k–€493k incl. renovation) | 5 rooms: one spare for guests/office | Some storage (no cellar named),Garden size unknown,Choose own floors/finishes,30000,55000,467703,492703,283,"Est. ~€283/month: BK €150 (assumed, not in listing) + heating ~€133 (HWB 180 assumed, Air-source heat pump). Estimate.",storage,,2026-10-10,"belagsfertig: floors, doors, painting, fittings at €250–450/m²"
HM1,Jahrhundertwende-Stilhaus mit Wald (Hütteldorf),honourable,,EFH,Hütteldorf,3452,"Atzenbrugg / Trasdorf area, Bezirk Tulln",Tulln area,330000,,109.0,8785.0,6,1914,,,Holzofen,Wood,Holzofen,True,False,,False,False,False,Partial reno; nature/hobby/Zweitwohnsitz character more than classic commute home,,,,,45,osrm_free_flow,108,vao_hafas_weekday_100000_best_of_6,48.30501,15.86334,town,https://www.remax.at/de/1626-28071,https://findheim.at/de/immobilie/jahrhundertwende-stilhaus-mit-wald-98b64385,"~8,785 m² Mischwald. Weaker family-commute match. Town centroid. 2026-09-21: RE/MAX Cloudflare-blocked; ImmoScout expose 410; confirmed live €330k via findheim + lib.at. ImmoScout alt stale.",2026-09-28,active,2026-09-20,2026-10-10,,,,,,seen,makler,RE/MAX listing (remax.at/1626-28071); buyer commission typical 3%+USt,RE/MAX,3027.52,6.1,3.6,11550,3630,4950,11880,32010,362010,,page gone/removed (RE/MAX 404; findheim mirror removed),unknown,fetch unavailable (blocked_or_captcha); no clear cached finish signal,unavailable,,,,2026-09-20,56,Worth a look,"{""cost"":35.6,""pt"":0.5,""drive"":2.9,""living"":2.5,""garden"":10.0,""storage"":0,""room5"":4,""sauna"":0,""penalty"":0}",True,Possible fit (56/100): Low overall cost (est. €412k–€462k incl. renovation); 6 rooms: one spare for guests/office; Long public-transport commute to the 8th district (108 min).,Low overall cost (est. €412k–€462k incl. renovation) | 6 rooms: one spare for guests/office | Large garden (est. ~8719 m²),Long public-transport commute to the 8th district (108 min) | Cellar unknown,"Renovate to own taste; NÖ/federal renovation subsidies (e.g. Sanierungsbonus, heating replacement) may reduce cost | Big plot: room for play area, garden shed or extension",50000,100000,412010,462010,346,"Est. ~€346/month: BK €150 (assumed, not in listing) + heating ~€196 (HWB 180 assumed, Wood). Estimate.",unknown,8719,2026-10-10,pre-1970 or HWB F/G: substantial renovation €450–900/m²
HM2,Sanierungsbedürftiges Landhaus (Absdorf),honourable,,EFH,Absdorf,3462,Bezirk Tulln,Tulln area,140000,,60.0,306.0,,,,,,Wood,Einzelofenheizung,True,False,,False,False,False,"Schwer sanierungsbedürftig; project house, not move-in; small Holzschuppen",,,,,39,osrm_free_flow,55,vao_hafas_via_Absdorf-Hippersdorf_Bf_weekday_100000,48.38891,15.95912,town,https://www.raiffeisen-immobilien.at/de/immobilien/kauf/3462/absdorf/liebevolles-sanierungsbeduerftiges-landhaus-mit-kleinem-holzschuppen-und-ruhigem-innenhof-mit-bester-infrastruktur-und-bahnanbindung.0001011193.md,https://www.willhaben.at/iad/immobilien/d/haus-kaufen/niederoesterreich/tulln/liebevolles-sanierungsbeduerftiges-landhaus-mit-kleinem-holzschuppen-und-ruhigem-innenhof-mit-bester-infrastruktur-und-bahnanbindung-2031401635/,Bahn Absdorf. Too small / heavy reno for classic family home. Town centroid.,2026-09-28,active,2026-09-20,2026-10-10,,,,,,seen,makler,raiffeisen-immobilien.at: Kaufprovision 3% zzgl. 20% USt,Raiffeisen Immobilien,2333.33,6.1,3.6,4900,1540,2100,5040,13580,153580,,,sanierungsbedarf,"# LIEBEVOLLES, SANIERUNGSBEDÜRFTIGES LANDHAUS MIT KLEINEM HOLZSCHUPPEN UND RUHIGEM INNENHOF MIT BESTER INF",listing_text,img/HM2.jpg,archive/HM2.html,2026-09-26,2026-09-20,62,Worth a look,"{""cost"":45.0,""pt"":15.0,""drive"":4.6,""living"":0.0,""garden"":3.4,""storage"":2,""room5"":0,""sauna"":0,""penalty"":-8}",,Possible fit (62/100): Low overall cost (est. €184k–€214k incl. renovation); Good public transport to the 8th district (55 min); Room count unknown — check before viewing.,Low overall cost (est. €184k–€214k incl. renovation) | Good public transport to the 8th district (55 min) | Some storage (no cellar named),Room count unknown — check before viewing | Small living area (60 m²),"Renovate to own taste; NÖ/federal renovation subsidies (e.g. Sanierungsbonus, heating replacement) may reduce cost",30000,60000,183580,213580,258,"Est. ~€258/month: BK €150 (assumed, not in listing) + heating ~€108 (HWB 180 assumed, Wood). Estimate.",storage,270,2026-10-10,"renovation needed: €500–1,000/m²"
SA1,LAND.LEBEN.ZUHAUSE — EFH mit Sauna + Fitnessraum,sauna,,EFH,Dürnrohr,3435,"Gem. Zwentendorf an der Donau, Bezirk Tulln",Tulln area,375000,,112.5,523.0,4,2005,C,69.5,,District heating,Fernwärme,True,True,Garage; Garten ~378 m²,True,True,False,Sauna + Fitnessraum im Keller; Wintergarten; clearest move-in+sauna under €450k,,,,,42,osrm_free_flow,90,vao_hafas_weekday_100000_best_of_5,48.3318,15.89913,town,https://findheim.at/de/immobilie/land-leben-zuhause-0b940ff8,https://www.willhaben.at/iad/immobilien/d/haus-kaufen/niederoesterreich/tulln/land-leben-zuhause-1682038842/,Listing cites ~50 min Wien. Farther west of Tulln than Langenlebarn/Wördern. Town centroid. 2026-09-23: findheim primary flaky/410; willhaben mirror confirmed live.,2026-09-28,active,2026-09-20,2026-10-10,,,,,,seen,makler,ISPRIVATE=0; WOHNCLOUD IMMOBILIEN GMBH; Provision:3% des Kaufpreises zzgl. 20% USt.,WOHNCLOUD IMMOBILIEN GMBH,3333.33,6.1,3.6,13125,4125,5625,13500,36375,411375,,nicht angegeben,unknown,no finish keywords found,listing_text,img/SA1.jpg,archive/SA1.html,2026-09-26,2026-09-20,66,Worth a look,"{""cost"":38.8,""pt"":5.5,""drive"":3.7,""living"":3.0,""garden"":7.1,""storage"":5,""room5"":0,""sauna"":3,""penalty"":0}",True,Possible fit (66/100): Low overall cost (est. €421k–€441k incl. renovation); 4 rooms: meets the parents/boys/girls need.,Low overall cost (est. €421k–€441k incl. renovation) | 4 rooms: meets the parents/boys/girls need | Large garden (est. ~455 m²) | Cellar mentioned | Sauna,,Cellar could take an office/hobby room,10000,30000,421375,441375,228,"Est. ~€228/month: BK €150 (assumed, not in listing) + heating ~€78 (HWB 70, District heating). Estimate.",yes,455,2026-10-10,1990–2009 or HWB C: refresh €80–250/m²
SA2,"Haus mit Weitblick, Garten & Doppelgarage (Sauna)",sauna,,EFH,Sitzenberg-Reidling,3454,Bezirk Tulln,Tulln area,368000,,190.0,622.0,3,2008,,,,Gas + Wood,Gas-Therme; Gasheizung; Schwedenofen,True,True,Doppelgarage + Carport,True,True,False,Sauna + Kellerstüberl; EG ~98 + DG ~92 Ausbaupotenzial; currently 3 Zi in EG; DG unfinished,,,,,49,osrm_free_flow,109,vao_hafas_weekday_100000_best_of_6,48.31908,15.81813,town,https://www.willhaben.at/iad/immobilien/d/haus-kaufen/niederoesterreich/tulln/-haus-mit-weitblick-garten-doppelgarage-857474740/,,190 m² includes Ausbaupotenzial DG. Agent Immobilien Tulln KHG. Town centroid.,2026-09-28,active,2026-09-20,2026-10-10,,,,,,seen,makler,ISPRIVATE=0; Immobilien Tulln KHG; Provision:3% zzgl. gesetzliche MwSt,Immobilien Tulln KHG,1936.84,6.1,3.6,12880,4048,5520,13248,35696,403696,,nicht angegeben,unknown,no finish keywords found,listing_text,img/SA2.jpg,archive/SA2.html,2026-09-26,2026-09-20,34,Not recommended,"{""cost"":32.9,""pt"":0.3,""drive"":1.7,""living"":8.0,""garden"":8.2,""storage"":5,""room5"":0,""sauna"":3,""penalty"":-25}",False,Weak fit (34/100): Low overall cost (est. €419k–€454k incl. renovation); Spacious (190 m² living); Long public-transport commute to the 8th district (109 min).,Low overall cost (est. €419k–€454k incl. renovation) | Spacious (190 m² living) | Large garden (est. ~508 m²) | Cellar mentioned | Sauna,Long public-transport commute to the 8th district (109 min) | Long drive to the 21st district (49 min) | Only 3 rooms — fails the 4-room need,Negotiate on price; check BK and heating bills,15000,50000,418696,453696,492,"Est. ~€492/month: BK €150 (assumed, not in listing) + heating ~€342 (HWB 180 assumed, Gas + Wood). Estimate.",yes,508,2026-10-10,1990–2009 or HWB C: refresh €80–250/m²
AU1,EFH mit Sauna (Zwangsversteigerung Grafenwörth),auction,,EFH,Grafenwörth,3484,"Schweizerhofsiedlung, Bezirk Tulln",Tulln area,233100,"Schätzwert €233,100; geringstes Gebot often ~50% = €116,550 — not normal Kauf",150.0,857.0,4,1985,,,,Unknown,no heating system named in the listing text,True,True,Doppelgarage + Carport,True,True,False,Sauna im DG-Bad; Nutz ~70 m²; foreclosure process risk,,,,,43,osrm_free_flow,133,vao_hafas_weekday_100000_best_of_5,48.40261,15.79136,town,https://www.immowelt.at/expose/25288012-e512-49b1-9bcd-f6b224880111,,"Zwangsversteigerung — check Ediktsdatei/Notar. Plot size portal-dependent. Town centroid. 2026-09-21: Immowelt primary CAPTCHA-blocked; ImmoScout mirror exposes returned 410 — status uncertain, kept active pending re-check. 2026-09-22: Immowelt still 403/CAPTCHA; no willhaben/ImmoScout mirror found — status uncertain, kept active.",2026-09-28,active,2026-09-20,2026-10-10,,,,,,seen|uncertain,unknown,Zwangsversteigerung (Immowelt); no standard buyer Maklerprovision,,1554.0,6.1,0.0,8159,2564,3496,0,14219,247319,,fetch blocked (immowelt anti-bot); no alt URL,unknown,fetch unavailable (http_403); no clear cached finish signal,unavailable,,,,2026-09-20,69,Worth a look,"{""cost"":45.0,""pt"":0.0,""drive"":3.4,""living"":8.0,""garden"":10.0,""storage"":0,""room5"":0,""sauna"":3,""penalty"":0}",True,Possible fit (69/100): Low overall cost (est. €287k–€337k incl. renovation); 4 rooms: meets the parents/boys/girls need; Long public-transport commute to the 8th district (133 min).,Low overall cost (est. €287k–€337k incl. renovation) | 4 rooms: meets the parents/boys/girls need | Spacious (150 m² living) | Large garden (est. ~767 m²) | Sauna,Long public-transport commute to the 8th district (133 min) | Cellar unknown,"Big plot: room for play area, garden shed or extension",40000,90000,287319,337319,420,"Est. ~€420/month: BK €150 (assumed, not in listing) + heating ~€270 (HWB 180 assumed, Unknown). Estimate.",unknown,767,2026-10-10,1970–89 or HWB D/E: partial renovation €250–600/m²
OB1,EFH mit Pool & Sauna (Wilfersdorf / Tulbing) — RESERVIERT,over_budget,,EFH,Wilfersdorf,3434,"Tulbing, Bezirk Tulln (~6 km to Tulln)",Tulln area,499000,dibeo €499k RESERVIERT as of 2026-09-22; Immowelt mirror CAPTCHA,109.0,823.0,4,,,,Kamin mentioned,Unknown,"only an open fireplace mentioned (Kamin mentioned), not counted as the heating system",True,True,2er-Garage,True,True,True,Hauseigene Sauna + Solarkabine im Keller; Außenpool; Wohnnutz ~218 m²,,,,,40,osrm_free_flow,86,vao_hafas_weekday_100000_best_of_6,48.28342,16.11604,town,https://www.dibeo.at/expose/2237376,https://www.immowelt.at/expose/ee8a1c8a-ef12-45f3-ace5-75d24ce676b5,"Closest classic wellness EFH to Tulln but over €450k. Plot up to ~1,592 m² if Doppelgrundstück variant. Town centroid. 2026-09-22: dibeo image/asset marked reserviert--in-vergabe — still listed €499k but reserved.",2026-09-28,active,2026-09-20,2026-10-10,,,,,,reserved|seen,makler,dibeo: Donnerbauer Immobilien GmbH; Maklerprovision breakdown on page,Donnerbauer Immobilien GmbH,4577.98,6.1,3.6,17465,5489,7485,17964,48403,547403,,,unknown,fetch unavailable (http_403); no clear cached finish signal,unavailable,img/OB1.jpg,archive/OB1.html,2026-09-26,2026-09-20,44,Not recommended,"{""cost"":12.2,""pt"":6.5,""drive"":4.3,""living"":2.5,""garden"":10.0,""storage"":5,""room5"":0,""sauna"":3,""penalty"":0}",True,Weak fit (44/100): 4 rooms: meets the parents/boys/girls need; Large garden (est. ~757 m²); High overall cost (est. €562k–€602k incl. renovation).,4 rooms: meets the parents/boys/girls need | Large garden (est. ~757 m²) | Cellar mentioned | Sauna,High overall cost (est. €562k–€602k incl. renovation),"Big plot: room for play area, garden shed or extension | Cellar could take an office/hobby room",15000,55000,562403,602403,346,"Est. ~€346/month: BK €150 (assumed, not in listing) + heating ~€196 (HWB 180 assumed, Unknown). Estimate.",yes,757,2026-10-10,condition unknown: €150–500/m²
OB2,"EFH Garten, Pool & separates Saunahaus (Kierling)",over_budget,,EFH,Kierling,3400,Klosterneuburg / Bezirk Tulln listing area,Tulln area,680000,,,,,,,,,Gas,Gaszentralheizung; Gastherme; Gasheizung,True,False,,False,True,True,Sauna as Nebengebäude ~17 m² + Pool; far over budget,,,,,32,osrm_free_flow,53,vao_hafas_weekday_100000_best_of_5,48.31052,16.25942,town,https://www.willhaben.at/iad/immobilien/d/haus-kaufen/niederoesterreich/tulln/einfamilienhaus-mit-traumhaften-garten-pool-sauna-2030470312/,,Size details sparse in research note. Town centroid.,2026-09-28,active,2026-09-20,2026-10-10,,,,,,seen,makler,ISPRIVATE=0; Römer Real GmbH; Provision:3% des Kaufpreises zzgl. 20% USt.,Römer Real GmbH,,6.1,3.6,23800,7480,10200,24480,65960,745960,,nicht angegeben,unknown,no finish keywords found,listing_text,img/OB2.jpg,archive/OB2.html,2026-09-26,2026-09-20,23,Not recommended,"{""cost"":0.0,""pt"":15.0,""drive"":6.6,""living"":0.0,""garden"":1.0,""storage"":5,""room5"":0,""sauna"":3,""penalty"":-8}",,Weak fit (23/100): Good public transport to the 8th district (53 min); Cellar mentioned; High overall cost (est. €766k–€806k incl. renovation).,Good public transport to the 8th district (53 min) | Cellar mentioned | Sauna,High overall cost (est. €766k–€806k incl. renovation) | Room count unknown — check before viewing | Living area unknown | Garden size unknown,Negotiate on price; check BK and heating bills,20000,60000,765960,805960,366,"Est. ~€366/month: BK €150 (assumed, not in listing) + heating ~€216 (HWB 180 assumed, Gas). Estimate.",yes,,2026-10-10,condition unknown: €150–500/m²
OB3,Ruhig gelegenes Traumhaus / Wellnessbad (Tulln),over_budget,,EFH,Tulln an der Donau,3430,"Birkenweg area, Tulln",Tulln area,780000,,,,,,,,,Unknown,no heating system named in the listing text,True,False,,False,True,False,"Wellnessbad with Sauna, Solarium, Whirlpool; Tulln town but way over budget",,,,,32,osrm_free_flow,62,vao_hafas_weekday_100000_best_of_7,48.3341,16.04999,town,https://findheim.at/de/immobilie/quot-ruhig-gelegenes-traumhaus-mit-wohlfuehlgarantie-quot-a5828378,https://www.immobilienscout24.at/expose/68d6b3ae3e77e960ae5d6632,Approx Tulln town centroid (Birkenweg area). Size not in research extract. Removed from findheim (410) and ImmoScout (410) on 2026-09-21 — Anbieter entfernt.,2026-09-22,disappeared,2026-09-20,2026-09-21,2026-09-21,,,,,disappeared,unknown,disappeared; findheim 410 / ImmoScout stub — cannot verify seller,,,6.1,0.0,27300,8580,11700,0,47580,827580,,listing_status=disappeared; not fetched,unknown,fetch unavailable (http_410); no clear cached finish signal,unavailable,,,,2026-09-20,,,,,,,,,,,,,,,,,,
OB4,Haus zum Verlieben + Pool (Michelhausen),over_budget,,EFH,Michelhausen,3451,Bezirk Tulln,Tulln area,666000,,,,,,,,,Air-source heat pump + Pellets + Wood,Luftwärmepumpe; Pelletsheizung; Pelletheizung; Heizungsart: HOLZ · also Holzofen,True,False,,False,True,True,Infrarotkabine + 8×4 m Pool — over budget,,,,,42,osrm_free_flow,69,vao_hafas_weekday_100000_best_of_6,48.28742,15.94126,town,https://www.willhaben.at/iad/immobilien/d/haus-kaufen/niederoesterreich/tulln/ein-haus-zum-verlieben-modern-energie-effizient-mit-8-x-4-meter-pool-1108567368/,,IR kabine counted as sauna-type amenity. Town centroid. Evening 2026-09-27: willhaben adid 1108567368 expired (fromExpiredAdId → Tulln search). No republish found (Michelhausen/Pool/Verlieben keyword + 600–750k pool scans).,2026-09-27,disappeared,2026-09-20,2026-09-27,2026-09-27,,,,,disappeared,makler,"ISPRIVATE=0; Kokron Immobilien e.U.; Provision:23.976,00 EUR inkl. 20% USt.",Kokron Immobilien e.U.,,6.1,3.6,23310,7326,9990,23976,64602,730602,,nicht angegeben,unknown,no finish keywords found,listing_text,img/OB4.jpg,archive/OB4.html,2026-09-26,2026-09-20,,,,,,,,,,,,,,,,,,
OB5,Elegantes Landhaus Wellness (Nitzing),over_budget,,EFH,Nitzing,3430,Tulln an der Donau / Nitzing,Tulln area,999000,"ImmoScout ~€1,080,000; other mirrors ~€999k — use lower",,,,,,,,Air-source heat pump,Luftwärmepumpe · also Kachelofen; Allesbrenner; Solaranlage; Photovoltaik,True,False,,False,True,True,"Full Spa (Sauna, Dampfbad, Whirlpool) + Pool — luxury, ignore for budget",,,,,35,osrm_free_flow,79,vao_hafas_weekday_100000_best_of_5,48.30993,16.09427,town,https://www.immobilienscout24.at/expose/69e2917b694996bea3eb9b17,,price_eur uses lower mirror (~€999k). Town centroid.,2026-09-28,active,2026-09-20,2026-10-10,,,,,,seen,makler,ImmoScout24: Provision €35.964 inkl. 20% USt,,,6.1,3.6,34965,10989,14985,35964,96903,1095903,,,unknown,no finish keywords found,listing_text,img/OB5.jpg,archive/OB5.html,2026-09-26,2026-09-20,15,Not recommended,"{""cost"":0.0,""pt"":8.5,""drive"":5.7,""living"":0.0,""garden"":1.0,""storage"":5,""room5"":0,""sauna"":3,""penalty"":-8}",,Weak fit (15/100): Cellar mentioned; Sauna; High overall cost (est. €1.116k–€1.156k incl. renovation).,Cellar mentioned | Sauna,High overall cost (est. €1.116k–€1.156k incl. renovation) | Room count unknown — check before viewing | Living area unknown | Garden size unknown,Negotiate on price; check BK and heating bills,20000,60000,1115903,1155903,276,"Est. ~€276/month: BK €150 (assumed, not in listing) + heating ~€126 (HWB 180 assumed, Air-source heat pump). Estimate.",yes,,2026-10-10,condition unknown: €150–500/m²
OB6,"EFH in Tulln mit Garten, Terrasse und Garage (EXPIRED/GONE)",over_budget,,EFH,Tulln an der Donau,3430,Bezirk Tulln,Tulln area,499000,Was Richtpreis €499k RESERVIERT; listing expired 2026-09-22,131.0,396.0,6,,D,126.7,Gas ZH + FBH; Pelletofen,Gas + Pellets,Gas ZH; Pelletofen · also PV; Balkonkraftwerk,True,True,Garage + 2 Stellplätze,True,False,False,"RESERVIERT; EG renov. 2015, OG ~2000; Brunnen; PV Balkonkraftwerk; near Bahnhof/Krankenhaus",,,,,32,osrm_free_flow,62,vao_hafas_weekday_100000_best_of_7,48.3341,16.04999,town,https://www.willhaben.at/iad/immobilien/d/haus-kaufen/niederoesterreich/tulln/einfamilienhaus-in-tulln-mit-garten-terrasse-und-garage-1611695752/,,Matched prior OB6 near-miss placeholder. Still listed but reserved — watch for free-up or price cut. Town centroid. 2026-09-22: willhaben redirects to Tulln search with fromExpiredAdId=1611695752 — listing expired/removed (was RESERVIERT).,2026-09-22,disappeared,2026-09-20,2026-09-22,2026-09-22,,,,,disappeared,makler,ISPRIVATE=0,,3809.16,6.1,3.6,17465,5489,7485,17964,48403,547403,,listing_status=disappeared; not fetched,unknown,no finish keywords found,listing_text,,,,2026-09-20,,,,,,,,,,,,,,,,,,
SO1,Solides Haus mit Garten und Pool (+ Keller-Sauna) — VERKAUFT,sold,,EFH,Altenberg,3422,St. Andrä-Wördern,Tulln area,425000,"Was €425,000 — VERKAUFT",102.0,507.0,,,,,,Unknown,no heating system named in the listing text,True,False,,False,True,True,Would have been top under-budget Pool+Sauna match; already sold,,,,,40,osrm_free_flow,60,vao_hafas_weekday_100000_best_of_5,48.34102,16.24394,town,,,RE/MAX Tulln-Purkersdorf mirrors marked sold. Included for reference. Town centroid. Status corrected to sold on 2026-09-21 watch (was category=sold but listing_status=active).,2026-09-22,sold,2026-09-20,2026-09-21,,,,,,sold,unknown,sold; no url_primary,,4166.67,6.1,0.0,14875,4675,6375,0,25925,450925,,listing_status=sold; not fetched,unknown,fetch unavailable (no_url); no clear cached finish signal,unavailable,,,,2026-09-20,,,,,,,,,,,,,,,,,,
NEW1,Preisreduktion: Jugendstil-Villa mit Garten (St. Andrä-Wördern),shortlist,9,EFH,St. Andrä-Wördern,3423,Bezirk Tulln / Speckgürtel,Tulln area,350000,Preisreduktion; previously advertised ~€445k on some portals,147.9,591.0,5,1931,G,268.5,Gas ZH,Gas,Gas ZH; Zentralheizung mit Gas; Gasheizung · also feste Brennstoffe,True,False,,False,False,False,Umfassend sanierungsbedürftig; Massiv; Keller; Altbaumbestand; DG partial,,,,,41,osrm_free_flow,51,vao_hafas_weekday_100000_best_of_6,48.33772,16.20349,town,https://www.immobilienscout24.at/expose/6980a817d67ecd68a8327298,https://www.willhaben.at/iad/immobilien/d/haus-kaufen/niederoesterreich/tulln/preisreduktion-sanierungsbeduerftige-villa-im-jugendstil-mit-traumhaftem-garten-samt-altbaumbestand-in-allerbester-wohn-und-zentrumslage-1124467065/,Strong location near Bahnhof / Wienerwald edge. Heavy reno — under €450k after drop. Town centroid. Raiffeisen Imm.,2026-09-28,active,2026-09-21,2026-10-10,,399000,2026-09-28,-49000,"[{""price_eur"":399000,""at"":""2026-09-21""},{""price_eur"":350000,""at"":""2026-09-28""}]",price_drop|seen,makler,ISPRIVATE=0; Raiffeisen Immobilien Vermittlung Ges.m.b.H; Provision:3% des Kaufpreises plus 20% USt.,Raiffeisen Immobilien Vermittlung Ges.m.b.H,2366.46,6.1,3.6,12250,3850,5250,12600,33950,383950,,nicht angegeben,sanierungsbedarf,Preisreduktion: Sanierungsbedürftige Villa Im Jugendstil Mit Traumhaftem Garten Samt Altbaumbestand In All,listing_text,img/NEW1.jpg,archive/NEW1.html,2026-09-26,2026-09-21,59,Worth a look,"{""cost"":15.3,""pt"":15.0,""drive"":4.0,""living"":7.7,""garden"":8.0,""storage"":5,""room5"":4,""sauna"":0,""penalty"":0}",True,Possible fit (59/100): Good public transport to the 8th district (51 min); 5 rooms: one spare for guests/office.,Good public transport to the 8th district (51 min) | 5 rooms: one spare for guests/office | Spacious (148 m² living) | Large garden (est. ~502 m²) | Cellar mentioned,,"Price already cut by €49k: seller may negotiate | Renovate to own taste; NÖ/federal renovation subsidies (e.g. Sanierungsbonus, heating replacement) may reduce cost",105000,205000,488950,588950,547,"Est. ~€547/month: BK €150 (assumed, not in listing) + heating ~€397 (HWB 268, Gas). Estimate.",yes,502,2026-10-10,"renovation needed, heavy (old/poor energy/complete): €700–1,400/m²"
NEW2,Sanierungsbedürftiges charakterstarkes EFH (Langenlebarn),honourable,,EFH,Langenlebarn,3425,Bezirk Tulln (neighbour of Tulln),Tulln area,239000,,154.1,440.0,5,,,,Gas ZH,Gas,Gas ZH; Zentralheizung mit Gas,True,False,,False,False,False,Umfassender Sanierungsbedarf; Massiv; 2 kleine Keller; Garten gepflegt; Bahnhofsnähe,55,75,50,75,36,osrm_free_flow,70,vao_hafas_weekday_100000_best_of_5,48.33228,16.12399,town,https://www.raiffeisen-immobilien.at/de/immobilien/kauf/3425/langenlebarn/sanierungsbeduerftiges-charakterstarkes-einfamilienhaus-in-guter-wohnlage-und-bahnhofsnaehe.0001011621,https://immobilien.derstandard.at/detail/15126609,Top location/price but heavy reno — honourable not shortlist. Town centroid. 2026-09-22: derstandard alt shows expiredListing; Raiffeisen primary still live €239k.,2026-09-28,active,2026-09-21,2026-10-10,,,,,,seen,makler,Raiffeisen Immobilien Vermittlung (portal); Kaufprovision 3%+USt,Raiffeisen Immobilien Vermittlung,1550.94,6.1,3.6,8365,2629,3585,8604,23183,262183,,,sanierungsbedarf,"SANIERUNGSBEDÜRFTIGES, CHARAKTERSTARKES EINFAMILIENHAUS IN GUTER WOHNLAGE UND BAHNHOFSNÄHE",listing_text,img/NEW2.jpg,archive/NEW2.html,2026-09-26,2026-09-21,82,Highly recommended,"{""cost"":43.6,""pt"":10.9,""drive"":5.4,""living"":8.0,""garden"":4.9,""storage"":5,""room5"":4,""sauna"":0,""penalty"":0}",True,Top family fit (82/100): Low overall cost (est. €337k–€417k incl. renovation); 5 rooms: one spare for guests/office.,Low overall cost (est. €337k–€417k incl. renovation) | 5 rooms: one spare for guests/office | Spacious (154 m² living) | Cellar mentioned,,"Renovate to own taste; NÖ/federal renovation subsidies (e.g. Sanierungsbonus, heating replacement) may reduce cost",75000,155000,337183,417183,427,"Est. ~€427/month: BK €150 (assumed, not in listing) + heating ~€277 (HWB 180 assumed, Gas). Estimate.",yes,347,2026-10-10,"renovation needed: €500–1,000/m²"
NEW3,Bauträgerliegenschaft / sanierungsbedürftiges Landhaus (Dürnrohr),honourable,,EFH,Dürnrohr,3435,Zwentendorf an der Donau / Bezirk Tulln,Tulln area,247000,,90.0,1597.0,5,1900,,,Zentralheizung Festbrennstoff,Wood,Festbrennstoff; feste Brennstoffe,True,True,Garage + Stellplätze,True,False,False,Schwer sanierungsbedürftig; Bauland Agrar with plans for up to 8 WE — project more than classic family Kauf,,,,,42,osrm_free_flow,90,vao_hafas_weekday_100000_best_of_5,48.3318,15.89913,town,https://www.immobilienscout24.at/expose/69c2782a95affaefc0043dd7,https://www.willhaben.at/iad/immobilien/d/haus-kaufen/niederoesterreich/tulln/bautraegerliegenschaft-oder-sanierungsbeduertiges-landhaus-mit-baulandreserve-in-sehr-guter-wohnlage-mit-herrlichem-garten-963238633/,Developer/project character. Large plot. Town centroid.,2026-09-28,active,2026-09-21,2026-10-10,,,,,,seen,makler,ImmoScout24: Provision 3%+USt; Raiffeisen Immobilien Vermittlung Ges.m.b.H,Raiffeisen Immobilien Vermittlung Ges.m.b.H,2744.44,6.1,3.6,8645,2717,3705,8892,23959,270959,,,sanierungsbedarf,"lternativ Beschreibung Bauträgerliegenschaft oder sanierungsbedürftiges Landhaus mit herrlichem Garten in guter, sehr n…",listing_text,img/NEW3.jpg,archive/NEW3.html,2026-09-26,2026-09-21,70,Worth a look,"{""cost"":45.0,""pt"":5.5,""drive"":3.7,""living"":0.0,""garden"":10.0,""storage"":2,""room5"":4,""sauna"":0,""penalty"":0}",True,Possible fit (70/100): Low overall cost (est. €336k–€396k incl. renovation); 5 rooms: one spare for guests/office; Small living area (90 m²).,Low overall cost (est. €336k–€396k incl. renovation) | 5 rooms: one spare for guests/office | Large garden (est. ~1543 m²) | Some storage (no cellar named),Small living area (90 m²),"Renovate to own taste; NÖ/federal renovation subsidies (e.g. Sanierungsbonus, heating replacement) may reduce cost | Big plot: room for play area, garden shed or extension",65000,125000,335959,395959,312,"Est. ~€312/month: BK €150 (assumed, not in listing) + heating ~€162 (HWB 180 assumed, Wood). Estimate.",storage,1543,2026-10-10,"renovation needed, heavy (old/poor energy/complete): €700–1,400/m²"
NEW4,Neubau DHH Erstbezug mit Klimaanlage (Dürnrohr),shortlist,10,DHH,Dürnrohr,3435,Zwentendorf an der Donau / Bezirk Tulln,Tulln area,444000,Unit ~Haus3; sibling units €430–445k,124.74,247.45,4,2026,B,37.0,Luftwärmepumpe + FBH,Air-source heat pump,Luftwärmepumpe · also PV,True,True,2 Stellplätze; Carport optional,False,False,False,Erstbezug Neubau 2026; Garten ~240 m²; Brunnen; E-Ladestation; massiv,,,,,42,osrm_free_flow,90,vao_hafas_weekday_100000_best_of_5,48.3318,15.89913,town,https://www.willhaben.at/iad/immobilien/d/haus-kaufen/niederoesterreich/tulln/doppelhaushaelfte-in-ruhelage-erstbezug-mit-klimaanlage-und-stellplaetze-1811903973/,,Under €450k plug-and-play DHH. Farther west corridor than Langenlebarn. Town centroid. Marketed also as Vorsorge/Vermietung.,2026-09-28,active,2026-09-21,2026-10-10,,,,,,seen,makler,ISPRIVATE=0; LANDAA Immobilien GmbH; Provision:2% des Kaufpreises zzgl. 20% USt.,LANDAA Immobilien GmbH,3559.4,6.1,3.6,15540,4884,6660,15984,43068,487068,,nicht angegeben,unknown,no finish keywords found,listing_text,img/NEW4.jpg,archive/NEW4.html,2026-09-26,2026-09-21,47,Not recommended,"{""cost"":29.6,""pt"":5.5,""drive"":3.7,""living"":4.6,""garden"":1.4,""storage"":2,""room5"":0,""sauna"":0,""penalty"":0}",True,Weak fit (47/100): Low overall cost (est. €487k–€502k incl. renovation); 4 rooms: meets the parents/boys/girls need.,Low overall cost (est. €487k–€502k incl. renovation) | 4 rooms: meets the parents/boys/girls need | Some storage (no cellar named),,Negotiate on price; check BK and heating bills,0,15000,487068,502068,177,"Est. ~€177/month: BK €150 (assumed, not in listing) + heating ~€27 (HWB 37, Air-source heat pump). Estimate.",storage,172,2026-10-10,recent/efficient: €0–15k
WF1,Modernes Wohnen in Absdorf – Neubau auf Eigengrund,over_budget,,EFH,Absdorf,3462,Bezirk Tulln; Stockerauerstraße area,Tulln area,495000,Project units also listed ~€495–525k on willhaben; this unit €499k Immowelt | 2026-09-23: willhaben now „ab € 495.000“ (was €499k),120.0,311.0,5,2026,B,,Wärmepumpe + FBH; PV geplant,Heat pump,Wärmepumpe · also PV · air or ground not stated,True,True,Carport,False,False,False,EFH Neubau/Erstbezug auf Eigengrund; Terrasse ~15.75 m²; belagsfertig (Malen/Boden); 3 SZ + Büro,,,,,37,osrm_free_flow,66,vao_hafas_weekday_100000_best_of_6,48.4003,15.9785,town,https://www.immowelt.at/expose/9721e4d0-6faf-4d56-bea0-486eb8e7d566,https://www.willhaben.at/iad/immobilien/d/neubauprojekt/niederoesterreich/tulln/modernes-wohnen-in-absdorf-neubau-auf-eigengrund-1152595648/,Wife find 2026-09-21. Agent Decus Immobilien GmbH. Exact street withheld (Stockerauerstraße). Near Absdorf-Hippersdorf Bhf / S5. All-in with NK ~€549–559k — clearly over €450k budget. See wife-find-9721e4d0.md. Price eased €4k on 2026-09-23.,2026-09-28,active,2026-09-21,2026-10-10,,499000,2026-09-23,-4000,"[{""price_eur"":499000,""at"":""2026-09-21""},{""price_eur"":495000,""at"":""2026-09-23""}]",price_drop|seen|wife_find,makler,ISPRIVATE=0; DECUS Immobilien GmbH,DECUS Immobilien GmbH,4125.0,6.1,3.6,17325,5445,7425,17820,48015,543015,,nicht angegeben,belagsfertig,bau/Erstbezug auf Eigengrund; Terrasse ~15.75 m²; belagsfertig (Malen/Boden); 3 SZ + Büro Wife find 2026-09-21. Agent D…,listing_text,img/WF1.jpg,archive/WF1.html,2026-09-26,2026-09-21,48,Not recommended,"{""cost"":14.6,""pt"":12.0,""drive"":5.1,""living"":4.0,""garden"":2.8,""storage"":5,""room5"":4,""sauna"":0,""penalty"":0}",True,Weak fit (48/100): 5 rooms: one spare for guests/office; Cellar mentioned; High overall cost (est. €573k–€598k incl. renovation).,5 rooms: one spare for guests/office | Cellar mentioned,High overall cost (est. €573k–€598k incl. renovation),Price already cut by €4k: seller may negotiate | Choose own floors/finishes,30000,55000,573015,598015,196,"Est. ~€196/month: BK €150 (assumed, not in listing) + heating ~€46 (HWB 65 from class B, Heat pump). Estimate.",yes,239,2026-10-10,"belagsfertig: floors, doors, painting, fittings at €250–450/m²"
SIM1,Moderne DHH mit Garten & 2 Terrassen (Absdorf),over_budget,,DHH,Absdorf,3462,Bezirk Tulln / Absdorf-Hippersdorf,Tulln area,530000,IR/findheim €530k; Immowelt/derstandard mirrors sometimes €550k — use €530k,127.0,346.0,5,2021,B,39.3,Luftwärmepumpe + FBH (Kühlfunktion),Air-source heat pump,Luftwärmepumpe,True,True,2 Stellplätze,False,False,False,Erstbezug/Neubau 2021 massiv; 2 Terrassen (~27 m² sun terrace); Flachdach; Alarmanlage; 3-fach Glas,,,,,37,osrm_free_flow,66,vao_hafas_weekday_100000_best_of_6,48.4003,15.9785,town,https://www.ir.at/de/immobilien/1697618-ankommen-durchatmen-zuhause-sein-moderne-doppelhaushalfte-mit-garten-und-2-terrassen-in-absdorf-6,https://www.willhaben.at/iad/immobilien/d/haus-kaufen/niederoesterreich/tulln/ankommen-durchatmen-zuhause-sein-moderne-doppelhaushaelfte-mit-garten-und-2-terrassen-in-absdorf-1549534113/,Closest same-town modern comp to WF1 but DHH not freestanding EFH; ~€31k+ above WF1. Agent Immobilien86 KG. Town centroid. willhaben mirror 1549534113 confirmed 2026-10-09. (prev alt immowelt kept in notes: https://www.immowelt.at/expose/21d5fee3-a735-42f5-b1a8-0da07571c85d),2026-09-28,active,2026-09-21,2026-10-10,,,,,,seen|similar_wf1,makler,IR Immobilienring; Provision €19.080 inkl. 20% USt (page),IR Immobilienring,4173.23,6.1,3.6,18550,5830,7950,19080,51410,581410,,nicht angegeben (ir.at detail has no Betriebskosten row),unknown,fetch unavailable (http_403); no clear cached finish signal,unavailable,img/SIM1.jpg,archive/SIM1.html,2026-09-26,2026-09-21,46,Not recommended,"{""cost"":14.4,""pt"":12.0,""drive"":5.1,""living"":4.9,""garden"":3.4,""storage"":2,""room5"":4,""sauna"":0,""penalty"":0}",True,Weak fit (46/100): 5 rooms: one spare for guests/office; Some storage (no cellar named); High overall cost (est. €581k–€596k incl. renovation).,5 rooms: one spare for guests/office | Some storage (no cellar named),High overall cost (est. €581k–€596k incl. renovation),Negotiate on price; check BK and heating bills,0,15000,581410,596410,179,"Est. ~€179/month: BK €150 (assumed, not in listing) + heating ~€29 (HWB 39, Air-source heat pump). Estimate.",storage,269,2026-10-10,recent/efficient: €0–15k
SIM2,Neubau DHH Erstbezug €399k (Frauendorf / Königsbrunn),honourable,,DHH,Frauendorf an der Au,3462,KG Königsbrunn am Wagram / Absdorf area,Tulln area,399000,Immowelt/findheim €399k unit; sibling units €425k (SL7) and €449k (SIM3),108.99,,4,2023,B,33.0,Luftwärmepumpe + FBH,Air-source heat pump,Luftwärmepumpe,True,True,2 Stellplätze,False,False,False,Massiv 2022–24 Erstbezug; 3 SZ; terrace + Eigengarten; same Siedlung as SL7,,,,,34,osrm_free_flow,89,vao_hafas_weekday_100000_best_of_6,48.39231,15.92114,town,https://www.immowelt.at/expose/47cafc37-23bf-4d73-b7a3-8e965fae2362,https://findheim.at/de/immobilie/wohnen-an-den-donauauen-und-am-wagram-996eb490,Best under-budget Neubau alternative near Absdorf vs WF1. Smaller living/rooms than WF1; DHH not EFH. Town centroid Frauendorf. 2026-09-22: findheim alt live €399k; Immowelt primary 403.,2026-09-28,active,2026-09-21,2026-10-10,,,,,,seen|similar_wf1,makler,findheim alt: Raiffeisen Immobilienvermittlung / Peter Fellhofer; Vermittlungsprovision=Ja,Raiffeisen Immobilienvermittlung,3660.89,6.1,3.6,13965,4389,5985,14364,38703,437703,,,belagsfertig,"Die Übergabe erfolgt im belagsfertigen Zustand, um Ihren individuellen Bedürfnissen be",listing_text,img/SIM2.jpg,archive/SIM2.html,2026-09-26,2026-09-21,48,Not recommended,"{""cost"":32.8,""pt"":5.7,""drive"":6.0,""living"":2.5,""garden"":1.0,""storage"":0,""room5"":0,""sauna"":0,""penalty"":0}",True,Weak fit (48/100): Low overall cost (est. €463k–€488k incl. renovation); 4 rooms: meets the parents/boys/girls need; Garden size unknown.,Low overall cost (est. €463k–€488k incl. renovation) | 4 rooms: meets the parents/boys/girls need,Garden size unknown | Cellar unknown,Choose own floors/finishes,25000,50000,462703,487703,171,"Est. ~€171/month: BK €150 (assumed, not in listing) + heating ~€21 (HWB 33, Air-source heat pump). Estimate.",unknown,,2026-10-10,"belagsfertig: floors, doors, painting, fittings at €250–450/m²"
SIM3,Neubau DHH Erstbezug €449k (Frauendorf / Königsbrunn),honourable,,DHH,Frauendorf an der Au,3462,KG Königsbrunn am Wagram / Absdorf area,Tulln area,449000,At €450k budget line; sibling of SL7/SIM2 Siedlung,108.99,,4,2023,B,,Luftwärmepumpe + FBH,Air-source heat pump,Luftwärmepumpe,True,True,2 Stellplätze,False,False,False,Massiv 2022–24 Erstbezug; garden/terrace; same Siedlung as SL7/SIM2,,,,,34,osrm_free_flow,89,vao_hafas_weekday_100000_best_of_6,48.39231,15.92114,town,https://www.immowelt.at/expose/5feae690-4b2d-40b2-86ba-38abf95df316,https://www.willhaben.at/iad/immobilien/d/haus-kaufen/niederoesterreich/tulln/wohnen-an-den-donauauen-und-am-wagram-modern-massiv-1057688132/,Near-budget Neubau DHH near Absdorf. €50k under WF1 but smaller and DHH. Town centroid. 2026-09-22: Immowelt primary 403; confirmed live €449k via willhaben Frauendorf listing. 2026-09-30 morning: willhaben alt adid 1057688132 expired (redirect fromExpiredAdId); Immowelt primary still 403; Frauendorf Donauauen/Wagram project ads gone from Bezirk Tulln search (no republish twin). Marked disappeared.,2026-09-28,disappeared,2026-09-21,2026-09-30,2026-09-30,,,,,disappeared|seen|similar_wf1,makler,ISPRIVATE=0; Raiffeisen Immobilien Vermittlung Ges.m.b.H; Provision:3% des Kaufpreises plus 20% USt.,Raiffeisen Immobilien Vermittlung Ges.m.b.H,4119.64,6.1,3.6,15715,4939,6735,16164,43553,492553,,nicht angegeben,belagsfertig,"Die Übergabe erfolgt im belagsfertigen Zustand, um Ihren individuellen Bedürfnissen be",listing_text,img/SIM3.jpg,archive/SIM3.html,2026-09-26,2026-09-21,,,,,,,,,,,,,,,,,,
SIM4,Gepflegtes EFH mit Pool & Wintergarten (Langenlebarn-Oberaigen),honourable,,EFH,Langenlebarn,3425,Bezirk Tulln (neighbour of Tulln),Tulln area,390000,gesucht-gefunden/derstandard €390k; Immowelt mirror €399k; immodirekt sometimes €430k — use €390k,120.35,638.0,4,,D,113.0,Gas ZH (2005) + Solar; Kachelofen,Gas + Wood,Gas ZH; Kachelofen,True,True,Stellplatz; E-Ladestation vorbereitet,False,False,True,Move-in-ready; Pool solar-heated; Wintergarten; Keller Hobby/Werkstatt; not Neubau,55,75,50,75,36,osrm_free_flow,70,vao_hafas_weekday_100000_best_of_5,48.33228,16.12399,town,https://gesucht-gefunden.at/objekt/3491279/,https://www.immowelt.at/expose/70879af2-9e68-4535-90ac-283dede48298,Strong under-budget size match to WF1 (~120 m²) with much larger plot + pool; older stock/energy D vs WF1 Neubau B. Better Wien/Tulln corridor. Town centroid.,2026-09-28,active,2026-09-21,2026-10-10,,,,,,seen|similar_wf1,makler,gesucht-gefunden.at: Vermittler als Doppelmakler tätig,,3240.55,6.1,3.6,13650,4290,5850,14040,37830,427830,125.0,"src: Betriebskosten 125,00 €",unknown,fetch unavailable (http_403); no clear cached finish signal,unavailable,,archive/SIM4.html,2026-09-24,2026-09-21,65,Worth a look,"{""cost"":30.7,""pt"":10.9,""drive"":5.4,""living"":4.0,""garden"":9.3,""storage"":5,""room5"":0,""sauna"":0,""penalty"":0}",True,Possible fit (65/100): Low overall cost (est. €458k–€498k incl. renovation); 4 rooms: meets the parents/boys/girls need.,Low overall cost (est. €458k–€498k incl. renovation) | 4 rooms: meets the parents/boys/girls need | Large garden (est. ~565 m²) | Cellar mentioned,,Cellar could take an office/hobby room,30000,70000,457830,497830,261,"Est. ~€261/month: BK €125 (listing) + heating ~€136 (HWB 113, Gas + Wood). Estimate.",yes,565,2026-10-10,1970–89 or HWB D/E: partial renovation €250–600/m²
SIM5,Neubau DHH belagsfertig Top A (Neuaigen / Tulln),over_budget,,DHH,Neuaigen,3430,Tulln an der Donau / Neuaigen,Tulln area,539000,Belagsfertig; schlüsselfertig option available; Top B sold,153.19,484.0,6,2025,,,Luft-Wärmepumpe + FBH; PV am Dach,Air-source heat pump,Luft-Wärmepumpe · also PV,True,True,2 Stellplätze,False,False,False,Neubau massiv belagsfertig; DG studio with Küche+Bad; 2 Terrassen; garden ~324 m²,,,,,35,osrm_free_flow,98,vao_hafas_via_Neuaigen_Tulln_weekday_100000,48.365,15.995,town,https://www.immowelt.at/expose/c7e351ea-cc63-4780-9de7-0804135a9295,,Closer to Tulln Zentrum (~8 min) than Absdorf; larger living but ~€40k over WF1 and DHH. Town centroid Neuaigen. 2026-09-22: Immowelt still 403; no willhaben mirror for Neuaigen DHH found — kept active pending re-check.,2026-09-28,active,2026-09-21,2026-10-10,,,,,,seen|similar_wf1|uncertain,unknown,Immowelt 403 and no willhaben mirror — cannot verify seller_type,,3518.51,6.1,0.0,18865,5929,8085,0,32879,571879,,fetch blocked (immowelt anti-bot); no alt URL,belagsfertig,Belagsfertig; schlüsselfertig option available; Top B sold,listing_text,,,,2026-09-21,33,Not recommended,"{""cost"":5.8,""pt"":3.3,""drive"":5.7,""living"":8.0,""garden"":5.8,""storage"":0,""room5"":4,""sauna"":0,""penalty"":0}",True,Weak fit (33/100): 6 rooms: one spare for guests/office; Spacious (153 m² living); High overall cost (est. €612k–€642k incl. renovation).,6 rooms: one spare for guests/office | Spacious (153 m² living),High overall cost (est. €612k–€642k incl. renovation) | Long public-transport commute to the 8th district (98 min) | Cellar unknown,Choose own floors/finishes,40000,70000,611879,641879,311,"Est. ~€311/month: BK €150 (assumed, not in listing) + heating ~€161 (HWB 180 assumed, Air-source heat pump). Estimate.",unknown,392,2026-10-10,"belagsfertig: floors, doors, painting, fittings at €250–450/m²"
NEW5,Charmantes Holzhaus mit Naturgarten (Königstetten),honourable,,EFH,Königstetten,3433,Bezirk Tulln (~8 km to Tulln),Tulln area,269000,,73.0,1222.0,,1987,F,210.0,,Wood + Electric,Schwedenofen; Holzofen; Infrarotheizung,True,False,,False,False,False,Holzhaus renoviert; großer Naturgarten mit Obstbäumen; living only 73 m² — tight for family,,,,,41,osrm_free_flow,78,vao_hafas_weekday_100000_best_of_6,48.29801,16.15495,approx,https://www.willhaben.at/iad/immobilien/d/haus-kaufen/niederoesterreich/tulln/ein-kleines-paradies-im-gruenen-charmantes-holzhaus-mit-naturgarten-1304876213/,,Excellent Tulln-area location and huge garden but small living area. Agent MZI Immobilien. Coords from listing (Mühlbachweg area).,2026-09-28,active,2026-09-22,2026-10-10,,,,,,seen,makler,ISPRIVATE=0; Provision:3 % zuzüglich 20 % Umsatzsteuer,,3684.93,6.1,3.6,9415,2959,4035,9684,26093,295093,,nicht angegeben,unknown,no finish keywords found,listing_text,img/NEW5.jpg,archive/NEW5.html,2026-09-26,2026-09-22,60,Worth a look,"{""cost"":45.0,""pt"":8.7,""drive"":4.0,""living"":0.0,""garden"":10.0,""storage"":0,""room5"":0,""sauna"":0,""penalty"":-8}",,Possible fit (60/100): Low overall cost (est. €330k–€360k incl. renovation); Large garden (est. ~1178 m²); Room count unknown — check before viewing.,Low overall cost (est. €330k–€360k incl. renovation) | Large garden (est. ~1178 m²),Room count unknown — check before viewing | Small living area (73 m²) | Cellar unknown,"Big plot: room for play area, garden shed or extension",35000,65000,330093,360093,303,"Est. ~€303/month: BK €150 (assumed, not in listing) + heating ~€153 (HWB 210, Wood + Electric). Estimate.",unknown,1178,2026-10-10,pre-1970 or HWB F/G: substantial renovation €450–900/m²
NEW6,Rohbau DHH — Pool & Carport möglich (Fels am Wagram / Thürnthal),honourable,,DHH,Fels am Wagram,3481,Thürnthal / Bezirk Tulln / Wagram,Tulln area,290000,,170.0,427.0,5,2024,B,34.2,Erdwärme,Geothermal,Erdwärme · also Photovoltaik,True,True,Carport möglich,False,False,False,Rohbau/unfinished DHH 2024; windows/services prepared; pool possible; finish cost on buyer,,,,,41,osrm_free_flow,86,vao_hafas_weekday_100000_best_of_5,48.4373,15.84841,approx,https://www.willhaben.at/iad/immobilien/d/haus-kaufen/niederoesterreich/tulln/rohbau-in-fels-am-wagram-pool-und-carport-moeglich-1434413359/,,Strong size/price but rohbau — honourable not shortlist. Agent Steinhoff Immobilien. Listing coords Alleestraße/Thürnthal.,2026-09-28,active,2026-09-22,2026-10-10,,,,,,seen,makler,ISPRIVATE=0; Christian Steinhoff; Provision:3% plus Ust.,Christian Steinhoff,1705.88,6.1,3.6,10150,3190,4350,10440,28130,318130,,nicht angegeben,schluesselfertig,"Schlüsselfertig für Sie ausgebaut. Die Fotos sind Beispiele, wie es S…",listing_text,img/NEW6.jpg,archive/NEW6.html,2026-09-26,2026-09-22,72,Worth a look,"{""cost"":45.0,""pt"":6.5,""drive"":4.0,""living"":8.0,""garden"":4.5,""storage"":0,""room5"":4,""sauna"":0,""penalty"":0}",True,Possible fit (72/100): Low overall cost (est. €318k–€328k incl. renovation); 5 rooms: one spare for guests/office; Cellar unknown.,Low overall cost (est. €318k–€328k incl. renovation) | 5 rooms: one spare for guests/office | Spacious (170 m² living),Cellar unknown,Negotiate on price; check BK and heating bills,0,10000,318130,328130,184,"Est. ~€184/month: BK €150 (assumed, not in listing) + heating ~€34 (HWB 34, Geothermal). Estimate.",unknown,325,2026-10-10,turnkey: minor works only
NEW7,Modernisiertes Landhaus mit Innenhof (Sitzenberg-Reidling),shortlist,11,EFH,Sitzenberg-Reidling,3454,Bezirk Tulln,Tulln area,349000,,129.0,1281.0,4,1903,C,89.0,Fußbodenheizung,Gas,Gas-Zentralheizung; Gasheizung,True,False,,False,False,False,Modernisiert Altbau 1903; Hauptwohnung ~129 m² + Gästewohnung ~19.5 m²; Garten ~768 m²; Terrasse ~24 m²; Gewölbekeller,,,,,47,osrm_free_flow,101,vao_hafas_weekday_100000_best_of_4,48.34563,15.839334,approx,https://www.willhaben.at/iad/immobilien/d/haus-kaufen/niederoesterreich/tulln/modernisiertes-landhaus-mit-garten-und-umschlossenen-innenhof-1831671750/,,Under-budget family Landhaus same town as SA2. Agent s REAL NÖ. 360° tour available. Radius-blurred coords from listing.,2026-09-28,active,2026-09-22,2026-10-10,,,,,,seen,makler,ISPRIVATE=0; Zwettl (Termine nach Vereinbarung); Provision:3% des Kaufpreises zzgl. 20% USt.,Zwettl (Termine nach Vereinbarung),2705.43,6.1,3.6,12215,3839,5235,12564,33853,382853,,nicht angegeben,unknown,no finish keywords found,listing_text,img/NEW7.jpg,archive/NEW7.html,2026-09-26,2026-09-22,57,Worth a look,"{""cost"":31.8,""pt"":2.5,""drive"":2.3,""living"":5.2,""garden"":10.0,""storage"":5,""room5"":0,""sauna"":0,""penalty"":0}",True,Possible fit (57/100): Low overall cost (est. €443k–€498k incl. renovation); 4 rooms: meets the parents/boys/girls need; Long public-transport commute to the 8th district (101 min).,Low overall cost (est. €443k–€498k incl. renovation) | 4 rooms: meets the parents/boys/girls need | Large garden (est. ~1203 m²) | Cellar mentioned,Long public-transport commute to the 8th district (101 min) | Long drive to the 21st district (47 min),"Renovate to own taste; NÖ/federal renovation subsidies (e.g. Sanierungsbonus, heating replacement) may reduce cost | Big plot: room for play area, garden shed or extension | Cellar could take an office/hobby room",60000,115000,442853,497853,265,"Est. ~€265/month: BK €150 (assumed, not in listing) + heating ~€115 (HWB 89, Gas). Estimate.",yes,1203,2026-10-10,pre-1970 or HWB F/G: substantial renovation €450–900/m²
NEW8,Familienglück DHH 130 m² auf Eigengrund (Großweikersdorf),honourable,,DHH,Großweikersdorf,3701,Bezirk Tulln (north / farther from Wien),Tulln area,369000,,130.37,559.0,4,,B,46.0,Pellets,Pellets + Electric,Pellets; Pelletheizung; Elektroheizung,True,True,Garage mentioned in listing text,True,False,False,Neubau-type DHH; Terrasse ~26 m²; good energy; farther commute than Tulln corridor,,,,,36,osrm_free_flow,82,vao_hafas_weekday_100000_best_of_5,48.47813,15.980488,approx,https://www.willhaben.at/iad/immobilien/d/haus-kaufen/niederoesterreich/tulln/familienglueck-in-grossweikersdorf-130m-doppelhaushaelfte-auf-559m-grossem-eigengrund-1767093891/,,Solid under-budget DHH but north of Tulln — weaker Wien commute. Agent Bero Immobilien.,2026-09-28,active,2026-09-22,2026-10-10,,,,,,seen,makler,ISPRIVATE=0; Bero Immobilien GmbH,Bero Immobilien GmbH,2830.41,6.1,3.6,12915,4059,5535,13284,35793,404793,133.0,willhaben MONTHCOSTS_GROSS=133,unknown,no finish keywords found,listing_text,img/NEW8.jpg,archive/NEW8.html,2026-09-26,2026-09-22,74,Highly recommended,"{""cost"":42.5,""pt"":7.6,""drive"":5.4,""living"":5.4,""garden"":7.6,""storage"":5,""room5"":0,""sauna"":0,""penalty"":0}",True,Top family fit (74/100): Low overall cost (est. €405k–€420k incl. renovation); 4 rooms: meets the parents/boys/girls need.,Low overall cost (est. €405k–€420k incl. renovation) | 4 rooms: meets the parents/boys/girls need | Large garden (est. ~480 m²) | Cellar mentioned,,Cellar could take an office/hobby room,0,15000,404793,419793,193,"Est. ~€193/month: BK €133 (listing) + heating ~€60 (HWB 46, Pellets + Electric). Estimate.",yes,480,2026-10-10,recent/efficient: €0–15k
NEW9,EFH Paradies im Wienerwald (Hintersdorf),shortlist,12,EFH,Hintersdorf,3413,St. Andrä-Wördern / Wienerwald Speckgürtel,Tulln area,450000,,115.0,1136.0,5,,F,211.0,,Gas,Gaszentralheizung · also offene Kamin,True,True,Garage,True,False,False,At exact €450k budget line; large plot; energy F,,,,,34,osrm_free_flow,56,vao_hafas_weekday_100000_best_of_7,48.27676,16.205486,approx,https://www.willhaben.at/iad/immobilien/d/haus-kaufen/niederoesterreich/tulln/ein-kleines-paradies-mitten-im-wienerwald-1412027197/,,Budget-line Speckgürtel EFH near St. Andrä. Agent SMK Immo. All-in with NK will exceed €450k.,2026-09-28,active,2026-09-22,2026-10-10,,,,,,seen,makler,ISPRIVATE=0; SMK Immo Treuhand GmbH,SMK Immo Treuhand GmbH,3913.04,6.1,3.6,15750,4950,6750,16200,43650,493650,,nicht angegeben,unknown,no finish keywords found,listing_text,img/NEW9.jpg,archive/NEW9.html,2026-09-26,2026-09-22,53,Not recommended,"{""cost"":13.1,""pt"":14.7,""drive"":6.0,""living"":3.3,""garden"":10.0,""storage"":2,""room5"":4,""sauna"":0,""penalty"":0}",True,Weak fit (53/100): Good public transport to the 8th district (56 min); 5 rooms: one spare for guests/office.,Good public transport to the 8th district (56 min) | 5 rooms: one spare for guests/office | Large garden (est. ~1067 m²) | Some storage (no cellar named),,"Renovate to own taste; NÖ/federal renovation subsidies (e.g. Sanierungsbonus, heating replacement) may reduce cost | Big plot: room for play area, garden shed or extension",50000,105000,543650,598650,393,"Est. ~€393/month: BK €150 (assumed, not in listing) + heating ~€243 (HWB 211, Gas). Estimate.",storage,1067,2026-10-10,pre-1970 or HWB F/G: substantial renovation €450–900/m²
NEW10,Familienglück EFH am Rande von Königsbrunn (Absdorf area),shortlist,13,EFH,Königsbrunn am Wagram,3465,"KG near Frauendorf / Absdorf area, Bezirk Tulln",Tulln area,285000,,160.02,350.0,4,1994,D,101.1,Zentralheizung,Oil,Ölheizung,True,False,,False,False,False,Sehr gut/gut; BJ 1994; Nutz ~180 m²; strong €/m² near Absdorf vs WF1,,,,,43,osrm_free_flow,92,vao_hafas_weekday_100000_best_of_5,48.408875,15.9483385,approx,https://www.willhaben.at/iad/immobilien/d/haus-kaufen/niederoesterreich/tulln/familienglueck-am-rande-von-koenigsbrunn-top-angebot-fuer-jungfamilien-und-paare-1040007641/,,Standout under-budget size near Absdorf/Frauendorf corridor (WF1 comps). Agent von Merveldt. Radius-blurred coords. Confirm parking on visit.,2026-09-28,active,2026-09-22,2026-10-10,,,,,,seen,makler,"ISPRIVATE=0; von Merveldt Immobilien e.U.; Provision:10.260,00 EUR inkl. 20% USt.",von Merveldt Immobilien e.U.,1781.03,6.1,3.6,9975,3135,4275,10260,27645,312645,89.49,"willhaben MONTHCOSTS_GROSS=89,49",unknown,no finish keywords found,listing_text,img/NEW10.jpg,archive/NEW10.html,2026-09-26,2026-09-22,65,Worth a look,"{""cost"":43.4,""pt"":4.9,""drive"":3.4,""living"":8.0,""garden"":3.1,""storage"":2,""room5"":0,""sauna"":0,""penalty"":0}",True,Possible fit (65/100): Low overall cost (est. €368k–€433k incl. renovation); 4 rooms: meets the parents/boys/girls need; Long public-transport commute to the 8th district (92 min).,Low overall cost (est. €368k–€433k incl. renovation) | 4 rooms: meets the parents/boys/girls need | Spacious (160 m² living) | Some storage (no cellar named),Long public-transport commute to the 8th district (92 min) | Oil heating: replacement expected,"Renovate to own taste; NÖ/federal renovation subsidies (e.g. Sanierungsbonus, heating replacement) may reduce cost",55000,120000,367645,432645,251,"Est. ~€251/month: BK €89 (listing) + heating ~€162 (HWB 101, Oil). Estimate.",storage,253,2026-10-10,1970–89 or HWB D/E: partial renovation €250–600/m²; + €15–25k oil-heating replacement
NEW11,Neu saniertes Landhaus mit Innenhof & Stadel (Unterstockstall),honourable,,EFH,Unterstockstall,3470,"Kirchberg am Wagram / Wagram, Bezirk Tulln",Tulln area,365000,,120.0,615.0,4,,,,Zentralheizung,Pellets,Pellets,True,True,Stadel / garage-type,True,False,False,Liebevoll neu saniert; geschlossener Innenhof; Stadel,,,,,39,osrm_free_flow,74,vao_hafas_weekday_100000_best_of_6,48.43,15.9,town,https://www.willhaben.at/iad/immobilien/d/haus-kaufen/niederoesterreich/tulln/liebevoll-neu-saniertes-landhaus-in-gruenruhelage-mit-geschlossenem-innenhof-und-stadel-1846384213/,,Move-in-ish Landhaus on Wagram; farther than Tulln/Langenlebarn corridor. Town centroid Unterstockstall (exact street withheld).,2026-09-28,active,2026-09-22,2026-10-10,,,,,,seen,makler,ISPRIVATE=0; Raiffeisen Immobilien Vermittlung Ges.m.b.H; Provision:3% des Kaufpreises plus 20% USt.,Raiffeisen Immobilien Vermittlung Ges.m.b.H,3041.67,6.1,3.6,12775,4015,5475,13140,35405,400405,,nicht angegeben,unknown,no finish keywords found,listing_text,img/NEW11.jpg,archive/NEW11.html,2026-09-26,2026-09-22,67,Worth a look,"{""cost"":34.7,""pt"":9.8,""drive"":4.6,""living"":4.0,""garden"":8.9,""storage"":5,""room5"":0,""sauna"":0,""penalty"":0}",True,Possible fit (67/100): Low overall cost (est. €420k–€460k incl. renovation); 4 rooms: meets the parents/boys/girls need.,Low overall cost (est. €420k–€460k incl. renovation) | 4 rooms: meets the parents/boys/girls need | Large garden (est. ~543 m²) | Cellar mentioned,,Cellar could take an office/hobby room,20000,60000,420405,460405,366,"Est. ~€366/month: BK €150 (assumed, not in listing) + heating ~€216 (HWB 180 assumed, Pellets). Estimate.",yes,543,2026-10-10,condition unknown: €150–500/m²
SA3,Traumhaus mit Sauna (Kirchberg am Wagram),sauna,,EFH,Kirchberg am Wagram,3470,Wagram / Bezirk Tulln,Tulln area,449000,,171.0,319.0,4,,,,Elektroheizung,Wood + Electric,Heizungsart: HOLZ; Elektroheizung,True,False,,False,True,False,Sauna on terrace/outdoor living; under €450k with sauna — rare,,,,,38,osrm_free_flow,73,vao_hafas_weekday_100000_best_of_6,48.4267,15.9,town,https://www.willhaben.at/iad/immobilien/d/haus-kaufen/niederoesterreich/tulln/aussergewoehnlich-traumhaus-in-kirchberg-am-wagram-ruhe-privatsphaere-und-luxus-vereint-1914180817/,,New under-budget sauna EFH on Wagram. Smaller plot. Town centroid Kirchberg. Sibling-ish Engelmannsbrunn SA4 also €449k+sauna.,2026-09-28,active,2026-09-22,2026-10-10,,,,,,seen,makler,ISPRIVATE=0; SAQURA Immobilien GmbH; Provision:3 % plus 20 % Ust,SAQURA Immobilien GmbH,2625.73,6.1,3.6,15715,4939,6735,16164,43553,492553,119.9,"willhaben MONTHCOSTS_GROSS=119,9",unknown,no finish keywords found,listing_text,img/SA3.jpg,archive/SA3.html,2026-09-26,2026-09-22,50,Not recommended,"{""cost"":16.2,""pt"":10.1,""drive"":4.9,""living"":8.0,""garden"":2.3,""storage"":5,""room5"":0,""sauna"":3,""penalty"":0}",True,Weak fit (50/100): 4 rooms: meets the parents/boys/girls need; Spacious (171 m² living).,4 rooms: meets the parents/boys/girls need | Spacious (171 m² living) | Cellar mentioned | Sauna,,Cellar could take an office/hobby room,25000,85000,517553,577553,428,"Est. ~€428/month: BK €120 (listing) + heating ~€308 (HWB 180 assumed, Wood + Electric). Estimate.",yes,216,2026-10-10,condition unknown: €150–500/m²
SA4,Landhausvilla mit Sauna & Grillbereich (Engelmannsbrunn),sauna,,EFH,Engelmannsbrunn,3470,"Kirchberg am Wagram / Wagram, Bezirk Tulln",Tulln area,449000,,171.0,,4,2010,D,,Zentralheizung,Wood + Electric,Kaminofen; Heizungsart: HOLZ; Elektroheizung,True,False,,False,True,False,Sauna & Grillbereich ~27.5 m²; BJ 2010; under €450k with sauna,,,,,44,osrm_free_flow,110,vao_hafas_weekday_100000_best_of_5,48.446045,15.859601,approx,https://www.willhaben.at/iad/immobilien/d/haus-kaufen/niederoesterreich/tulln/exklusive-landhausvilla-in-engelmannsbrunn-luxus-ruhe-privatsphaere-im-herzen-des-wagrams-1748592534/,,Second under-budget sauna hit on Wagram (distinct from SA3). Listing coords. Confirm plot size on visit.,2026-09-28,active,2026-09-22,2026-10-10,,,,,,seen,makler,ISPRIVATE=0; RIMMO Prime Vermittlungs GmbH; Provision:3% des Kaufpreises zzgl. 20% USt.,RIMMO Prime Vermittlungs GmbH,2625.73,6.1,3.6,15715,4939,6735,16164,43553,492553,,nicht angegeben,unknown,no finish keywords found,listing_text,img/SA4.jpg,archive/SA4.html,2026-09-26,2026-09-22,34,Not recommended,"{""cost"":14.1,""pt"":0.0,""drive"":3.1,""living"":8.0,""garden"":1.0,""storage"":5,""room5"":0,""sauna"":3,""penalty"":0}",True,Weak fit (34/100): 4 rooms: meets the parents/boys/girls need; Spacious (171 m² living); Long public-transport commute to the 8th district (110 min).,4 rooms: meets the parents/boys/girls need | Spacious (171 m² living) | Cellar mentioned | Sauna,Long public-transport commute to the 8th district (110 min) | Garden size unknown,Cellar could take an office/hobby room,45000,105000,537553,597553,372,"Est. ~€372/month: BK €150 (assumed, not in listing) + heating ~€222 (HWB 130 from class D, Wood + Electric). Estimate.",yes,,2026-10-10,1970–89 or HWB D/E: partial renovation €250–600/m²
OB7,Modernes EFH mit Lagerhalle/Werkstatt (St. Andrä-Wördern),over_budget,,EFH,St. Andrä-Wördern,3423,Bezirk Tulln / Speckgürtel,Tulln area,499000,,173.0,905.0,4,1996,,,,Gas + Wood,Gaszentralheizung; Gasheizung; Ofen für feste Brennstoffe; Kaminofen; festen Brennstoffen,True,True,Lagerhalle/Werkstatt,True,False,False,Large living + hall; over €450k; strong Speckgürtel commute location,,,,,41,osrm_free_flow,51,vao_hafas_weekday_100000_best_of_6,48.33772,16.20349,town,https://www.willhaben.at/iad/immobilien/d/haus-kaufen/niederoesterreich/tulln/modernes-einfamilienhaus-mit-grosszuegiger-lagerhalle-wer-1917456332/,,Over-budget but top commute Speckgürtel. Town centroid St. Andrä-Wördern. Disappeared 2026-10-06 evening: willhaben adid 1917456332 → fromExpiredAdId; no republish found in Bezirk Tulln search (no ~€499k/173 m² St. Andrä-Wördern ad).,2026-09-28,disappeared,2026-09-22,2026-10-06,2026-10-06,,,,,disappeared,makler,ISPRIVATE=0; BONREAL Immobilienvermittlung GmbH; Provision:3% vom Kaufpreis zzgl. 20% MwSt.,BONREAL Immobilienvermittlung GmbH,2884.39,6.1,3.6,17465,5489,7485,17964,48403,547403,,nicht angegeben,sanierungsbedarf,er Ofen für feste Brennstoffe. Dieses Gebäude ist sanierungsbedürftig . Die Raumaufteilung kann dem beigelegten Grundri…,listing_text,img/OB7.jpg,archive/OB7.html,2026-09-26,2026-09-22,,,,,,,,,,,,,,,,,,
HM3,Sanierungsbedürftiges Landhaus mit Altbaumbestand (Kirchberg am Wagram),honourable,,EFH,Kirchberg am Wagram,3470,Wagram / Bezirk Tulln,Tulln area,227000,,136.3,889.0,5,,G,,,Oil,Zentralheizung mit Öl; Ölheizung,True,True,Garage,True,False,False,Sanierungsbedürftig; Zentrumslage Kirchberg; Altbaumbestand,,,,,38,osrm_free_flow,73,vao_hafas_weekday_100000_best_of_6,48.4267,15.9,town,https://www.willhaben.at/iad/immobilien/d/haus-kaufen/niederoesterreich/tulln/sanierungsbeduerftiges-landhaus-mit-traumhaftem-garten-samt-altbaumbestand-in-allerbester-wohn-und-zentrumslage-von-kirchberg-am-wagram-1511812105/,,Low price / heavy reno on Wagram. Town centroid.,2026-09-28,active,2026-09-22,2026-10-10,,,,,,seen,makler,ISPRIVATE=0; Raiffeisen Immobilien Vermittlung Ges.m.b.H; Provision:3% des Kaufpreises plus 20% USt.,Raiffeisen Immobilien Vermittlung Ges.m.b.H,1665.44,6.1,3.6,7945,2497,3405,8172,22019,249019,,nicht angegeben,sanierungsbedarf,Sanierungsbedarf ist hier notwendig. Beheizt wird das gesamte Haus de…,listing_text,img/HM3.jpg,archive/HM3.html,2026-09-26,2026-09-22,76,Highly recommended,"{""cost"":35.6,""pt"":10.1,""drive"":4.9,""living"":6.2,""garden"":10.0,""storage"":5,""room5"":4,""sauna"":0,""penalty"":0}",True,Top family fit (76/100): Low overall cost (est. €359k–€464k incl. renovation); 5 rooms: one spare for guests/office; Oil heating: replacement expected.,Low overall cost (est. €359k–€464k incl. renovation) | 5 rooms: one spare for guests/office | Large garden (est. ~807 m²) | Cellar mentioned,Oil heating: replacement expected,"Renovate to own taste; NÖ/federal renovation subsidies (e.g. Sanierungsbonus, heating replacement) may reduce cost | Big plot: room for play area, garden shed or extension",110000,215000,359019,464019,559,"Est. ~€559/month: BK €150 (assumed, not in listing) + heating ~€409 (HWB 300 from class G, Oil). Estimate.",yes,807,2026-10-10,"renovation needed, heavy (old/poor energy/complete): €700–1,400/m²; + €15–25k oil-heating replacement"
NEW12,Viel Platz. Viel Potenzial. Viel Zuhause. (Langenlebarn),shortlist,14,MFH,Langenlebarn,3430,Bezirk Tulln / Langenlebarn-Oberaigen,Tulln area,370000,,156.0,484.0,6,,G,329.7,Zentralheizung,Gas,Gas-Zentralheizung; Gasheizung,True,True,,False,False,False,Mehrfamilienhaus / conversion potential; energy G — reno,,,,,34,osrm_free_flow,80,vao_hafas_weekday_100000_best_of_6,48.3317,16.10772,approx,https://www.willhaben.at/iad/immobilien/d/haus-kaufen/niederoesterreich/tulln/-viel-platz-viel-potenzial-viel-zuhause-1650153814/,,New 2026-09-23. Strong Tulln S-Bahn corridor. MFH layout — verify unit/usage. Under budget with size. Town/listing coords.,2026-09-28,active,2026-09-23,2026-10-10,,,,,,seen,makler,ISPRIVATE=0; REMAX Tulln-Purkersdorf; Provision:3% des Kaufpreises zzgl. 20% USt.,REMAX Tulln-Purkersdorf,2371.79,6.1,3.6,12950,4070,5550,13320,35890,405890,,nicht angegeben,unknown,no finish keywords found,listing_text,img/NEW12.jpg,archive/NEW12.html,2026-09-26,2026-09-23,40,Not recommended,"{""cost"":17.6,""pt"":8.2,""drive"":6.0,""living"":8.0,""garden"":5.8,""storage"":5,""room5"":4,""sauna"":0,""penalty"":-15}",True,Weak fit (40/100): 6 rooms: one spare for guests/office; Spacious (156 m² living); Type MFH is not a plain family home.,6 rooms: one spare for guests/office | Spacious (156 m² living) | Cellar mentioned,Type MFH is not a plain family home,"Renovate to own taste; NÖ/federal renovation subsidies (e.g. Sanierungsbonus, heating replacement) may reduce cost",70000,140000,475890,545890,664,"Est. ~€664/month: BK €150 (assumed, not in listing) + heating ~€514 (HWB 330, Gas). Estimate.",yes,390,2026-10-10,pre-1970 or HWB F/G: substantial renovation €450–900/m²
NEW13,Familienfreundliches Haus mit Nebengebäude & Garage (Zwentendorf),honourable,,EFH,Zwentendorf an der Donau,3435,Bezirk Tulln,Tulln area,359000,,145.0,440.0,6,,F,,Zentralheizung,District heating,Fernwärme · also feste Brennstoffe,True,True,Garage,True,False,False,Family EFH with Nebengebäude,,,,,42,osrm_free_flow,91,vao_hafas_weekday_100000_best_of_5,48.3405,15.901784,approx,https://www.willhaben.at/iad/immobilien/d/haus-kaufen/niederoesterreich/tulln/familienfreundliches-haus-mit-nebengebaeude-und-garage-in-zwentendorf-1066706658/,,New 2026-09-23. Solid under-budget family house west of Tulln; weaker Wien commute than Langenlebarn.,2026-09-28,active,2026-09-23,2026-10-10,,375000,2026-09-28,-16000,"[{""price_eur"":375000,""at"":""2026-09-23""},{""price_eur"":359000,""at"":""2026-09-28""}]",price_drop|seen,makler,ISPRIVATE=0; Immobilien Corner GmbH & Co KG REMAX GOLD; Provision:3% des Kaufpreises zzgl. 20% USt.,Immobilien Corner GmbH & Co KG REMAX GOLD,2475.86,6.1,3.6,12565,3949,5385,12924,34823,393823,,nicht angegeben,unknown,no finish keywords found,listing_text,img/NEW13.jpg,archive/NEW13.html,2026-09-26,2026-09-23,52,Not recommended,"{""cost"":24.2,""pt"":5.2,""drive"":3.7,""living"":7.3,""garden"":5.1,""storage"":2,""room5"":4,""sauna"":0,""penalty"":0}",True,Weak fit (52/100): 6 rooms: one spare for guests/office; Spacious (145 m² living); Long public-transport commute to the 8th district (91 min).,6 rooms: one spare for guests/office | Spacious (145 m² living) | Some storage (no cellar named),Long public-transport commute to the 8th district (91 min),"Price already cut by €16k: seller may negotiate | Renovate to own taste; NÖ/federal renovation subsidies (e.g. Sanierungsbonus, heating replacement) may reduce cost",65000,130000,458823,523823,484,"Est. ~€484/month: BK €150 (assumed, not in listing) + heating ~€334 (HWB 230 from class F, District heating). Estimate.",storage,353,2026-10-10,pre-1970 or HWB F/G: substantial renovation €450–900/m²
NEW14,Neuer Preis — Bungalow mit großem Grundstück (Wipfing),shortlist,15,Bungalow,Muckendorf-Wipfing,3426,Bezirk Tulln / Speckgürtel,Tulln area,398000,,110.0,1710.0,4,,G,294.4,Elektroheizung,Wood + Electric,Kachelofen; Elektroheizung,True,True,Garage,True,False,True,Bungalow; price reduced; large plot; electric heat,,,,,40,osrm_free_flow,72,vao_hafas_weekday_100000_best_of_8,48.322105,16.140612,approx,https://www.willhaben.at/iad/immobilien/d/haus-kaufen/niederoesterreich/tulln/neuer-preis-bungalow-in-ruhiger-idyllischer-lage-nahe-tulln-867437541/,,New 2026-09-23. Speckgürtel near Tulln; huge plot + pool mention; energy/heat weak — budget cushion for upgrades.,2026-09-28,active,2026-09-23,2026-10-10,,,,,,seen,makler,ISPRIVATE=0; REMAX Elite; Provision:3% des Kaufpreises zzgl. 20% USt.,REMAX Elite,3618.18,6.1,3.6,13930,4378,5970,14328,38606,436606,,nicht angegeben,sanierungsbedarf,"Das Haus weist starken Sanierungsbedarf auf, überzeugt jedoch durch seinen Charme, die ebene…",listing_text,img/NEW14.jpg,archive/NEW14.html,2026-09-26,2026-09-23,47,Not recommended,"{""cost"":14.7,""pt"":10.4,""drive"":4.3,""living"":2.7,""garden"":10.0,""storage"":5,""room5"":0,""sauna"":0,""penalty"":0}",True,Weak fit (47/100): 4 rooms: meets the parents/boys/girls need; Large garden (est. ~1644 m²).,4 rooms: meets the parents/boys/girls need | Large garden (est. ~1644 m²) | Cellar mentioned,,"Renovate to own taste; NÖ/federal renovation subsidies (e.g. Sanierungsbonus, heating replacement) may reduce cost | Big plot: room for play area, garden shed or extension | Cellar could take an office/hobby room",75000,155000,511606,591606,474,"Est. ~€474/month: BK €150 (assumed, not in listing) + heating ~€324 (HWB 294, Wood + Electric). Estimate.",yes,1644,2026-10-10,"renovation needed, heavy (old/poor energy/complete): €700–1,400/m²"
NEW15,PREISREDUKTION — Familientraum mit Obstgarten (Katzelsdorf),shortlist,16,EFH,Katzelsdorf,3433,Bezirk Tulln / Tulbing area,Tulln area,445000,,177.0,1287.0,7,,D,114.0,Sonstige,Oil + Wood,Ölkessel; Ölheizung; festen Brennstoffen,True,True,Garage,True,False,True,Move-in family home; price reduced; Obstgarten,,,,,38,osrm_free_flow,81,vao_hafas_weekday_100000_best_of_6,48.28614,16.114449,approx,https://www.willhaben.at/iad/immobilien/d/haus-kaufen/niederoesterreich/tulln/-preisreduktion-familientraum-mit-obstgarten-1007803719/,,New 2026-09-23. Large living+plot under €450k after price cut; Katzelsdorf near Tulbing (not WN). Confirm pool.,2026-09-28,active,2026-09-23,2026-10-10,,,,,,seen,makler,ISPRIVATE=0; REMAX Tulln-Purkersdorf; Provision:3% des Kaufpreises zzgl. 20% USt.,REMAX Tulln-Purkersdorf,2514.12,6.1,3.6,15575,4895,6675,16020,43165,488165,120.0,willhaben MONTHCOSTS_GROSS=120,unknown,no finish keywords found,listing_text,img/NEW15.jpg,archive/NEW15.html,2026-09-26,2026-09-23,52,Not recommended,"{""cost"":12.6,""pt"":7.9,""drive"":4.9,""living"":8.0,""garden"":10.0,""storage"":5,""room5"":4,""sauna"":0,""penalty"":0}",True,Weak fit (52/100): 7 rooms: one spare for guests/office; Spacious (177 m² living); Oil heating: replacement expected.,7 rooms: one spare for guests/office | Spacious (177 m² living) | Large garden (est. ~1180 m²) | Cellar mentioned,Oil heating: replacement expected,"Renovate to own taste; NÖ/federal renovation subsidies (e.g. Sanierungsbonus, heating replacement) may reduce cost | Big plot: room for play area, garden shed or extension",60000,130000,548165,618165,322,"Est. ~€322/month: BK €120 (listing) + heating ~€202 (HWB 114, Oil + Wood). Estimate.",yes,1180,2026-10-10,1970–89 or HWB D/E: partial renovation €250–600/m²; + €15–25k oil-heating replacement
NEW16,Klein Schönbrunn im Wienerwald (Weidlingbach),honourable,,EFH,Weidlingbach,3400,Klosterneuburg / Wienerwald,Tulln area,450000,,107.0,621.0,4,,E,181.5,Zentralheizung,Gas,Gasheizung,True,True,Garage,True,False,False,Wienerwald EFH at budget line,,,,,32,osrm_free_flow,63,vao_hafas_weekday_100000_best_of_5,48.271366,16.218634,approx,https://www.willhaben.at/iad/immobilien/d/haus-kaufen/niederoesterreich/tulln/klein-schoenbrunn-im-wienerwald-1503225621/,,New 2026-09-23. Exact €450k; Klosterneuburg/Wienerwald — better Wien than Tulln-work fit. Disappeared 2026-09-26: willhaben adid 1503225621 → fromExpiredAdId; no republish found (Schönbrunn/Weidlingbach keyword search empty for this listing).,2026-09-23,disappeared,2026-09-23,2026-09-26,2026-09-26,,,,,disappeared,makler,ISPRIVATE=0; REMAX Magic Doris Deutsch Immobilien GmbH; Provision:3% des Kaufpreises zzgl. 20% USt.,REMAX Magic Doris Deutsch Immobilien GmbH,4205.61,6.1,3.6,15750,4950,6750,16200,43650,493650,,nicht angegeben,unknown,no finish keywords found,listing_text,img/NEW16.jpg,archive/NEW16.html,2026-09-24,2026-09-23,,,,,,,,,,,,,,,,,,
NEW17,LEBEN IM GRÜNEN — EFH zum Wurzeln schlagen (Großweikersdorf),shortlist,17,EFH,Großweikersdorf,3701,Bezirk Tulln (north),Tulln area,425000,,187.0,1999.0,6,,,,,Unknown,no heating system named in the listing text,True,True,Garage,True,False,False,Large garden with Obstbäumen; two kitchens / flexible levels,,,,,34,osrm_free_flow,72,vao_hafas_weekday_100000_best_of_5,48.471,15.982,approx,https://www.willhaben.at/iad/immobilien/d/haus-kaufen/niederoesterreich/tulln/leben-im-gruenen-ein-zuhause-zum-wurzeln-schlagen-1030708605/,,New 2026-09-23. Excellent size/garden under budget; farther north commute than Tulln corridor.,2026-09-28,active,2026-09-23,2026-10-10,,,,,,seen,makler,ISPRIVATE=0; BETTERHOMES Real GmbH; Provision:3 %,BETTERHOMES Real GmbH,2272.73,6.1,3.6,14875,4675,6375,15300,41225,466225,,nicht angegeben,unknown,no finish keywords found,listing_text,img/NEW17.jpg,archive/NEW17.html,2026-09-26,2026-09-23,62,Worth a look,"{""cost"":18.1,""pt"":10.4,""drive"":6.0,""living"":8.0,""garden"":10.0,""storage"":5,""room5"":4,""sauna"":0,""penalty"":0}",True,Possible fit (62/100): 6 rooms: one spare for guests/office; Spacious (187 m² living).,6 rooms: one spare for guests/office | Spacious (187 m² living) | Large garden (est. ~1886 m²) | Cellar mentioned,,"Big plot: room for play area, garden shed or extension",30000,95000,496225,561225,487,"Est. ~€487/month: BK €150 (assumed, not in listing) + heating ~€337 (HWB 180 assumed, Unknown). Estimate.",yes,1886,2026-10-10,condition unknown: €150–500/m²
OB8,Einmalige Gelegenheit in Tulln (Projekt/Renovation),over_budget,,EFH,Tulln an der Donau,3430,Bezirk Tulln / town,Tulln area,500000,,162.0,1140.0,5,,F,250.0,Zentralheizung,Gas,Gasheizung,True,True,Garage,True,False,False,Project character near Tulln centre; large plot,,,,,32,osrm_free_flow,60,vao_hafas_weekday_100000_best_of_6,48.32615,16.045681,approx,https://www.willhaben.at/iad/immobilien/d/haus-kaufen/niederoesterreich/tulln/-einmalige-gelegenheit-in-tulln-1091058730/,,New 2026-09-23. Rare Tulln-Stadt large plot but €500k over budget + reno. Watch.,2026-09-28,active,2026-09-23,2026-10-10,,,,,,seen,makler,ISPRIVATE=0; REMAX Dynamic; Provision:3% des Kaufpreises zzgl. 20% USt.,REMAX Dynamic,3086.42,6.1,3.6,17500,5500,7500,18000,48500,548500,,nicht angegeben,unknown,no finish keywords found,listing_text,img/OB8.jpg,archive/OB8.html,2026-09-26,2026-09-23,47,Not recommended,"{""cost"":0.0,""pt"":13.6,""drive"":6.6,""living"":8.0,""garden"":10.0,""storage"":5,""room5"":4,""sauna"":0,""penalty"":0}",True,Weak fit (47/100): Good public transport to the 8th district (60 min); 5 rooms: one spare for guests/office; High overall cost (est. €624k–€694k incl. renovation).,Good public transport to the 8th district (60 min) | 5 rooms: one spare for guests/office | Spacious (162 m² living) | Large garden (est. ~1042 m²) | Cellar mentioned,High overall cost (est. €624k–€694k incl. renovation),"Renovate to own taste; NÖ/federal renovation subsidies (e.g. Sanierungsbonus, heating replacement) may reduce cost | Big plot: room for play area, garden shed or extension",75000,145000,623500,693500,555,"Est. ~€555/month: BK €150 (assumed, not in listing) + heating ~€405 (HWB 250, Gas). Estimate.",yes,1042,2026-10-10,pre-1970 or HWB F/G: substantial renovation €450–900/m²
SA5,Gepflegter Wohnsitz mit Schwimmbiotop & Sauna (Ollern),sauna,,EFH,Ollern,3443,Sieghartskirchen / Nähe Tulln,Tulln area,490000,,117.0,629.0,4,,D,116.0,Zentralheizung,Oil,Ölheizung · also Photovoltaik,True,True,Garage,True,True,True,Sauna + Schwimmbiotop; Fertigteil; Sackgasse,,,,,41,osrm_free_flow,74,vao_hafas_weekday_100000_best_of_6,48.259476,16.077915,approx,https://www.willhaben.at/iad/immobilien/d/haus-kaufen/niederoesterreich/tulln/gepflegter-wohnsitz-mit-schwimmbiotop-naehe-tulln-1458914659/,,New 2026-09-23. Sauna hit but ~€40k over €450k; ~15–20 min to Tulln.,2026-09-28,active,2026-09-23,2026-10-10,,,,,,seen,makler,ISPRIVATE=0; Rudi Dräxler Immobilientreuhand GesmbH; Provision:3% des Kaufpreises zzgl. 20% USt.,Rudi Dräxler Immobilientreuhand GesmbH,4188.03,6.1,3.6,17150,5390,7350,17640,47530,537530,,nicht angegeben,unknown,no finish keywords found,listing_text,img/SA5.jpg,archive/SA5.html,2026-09-26,2026-09-23,44,Not recommended,"{""cost"":9.3,""pt"":9.8,""drive"":4.0,""living"":3.6,""garden"":9.2,""storage"":5,""room5"":0,""sauna"":3,""penalty"":0}",True,Weak fit (44/100): 4 rooms: meets the parents/boys/girls need; Large garden (est. ~558 m²); High overall cost (est. €583k–€633k incl. renovation).,4 rooms: meets the parents/boys/girls need | Large garden (est. ~558 m²) | Cellar mentioned | Sauna,High overall cost (est. €583k–€633k incl. renovation) | Oil heating: replacement expected,Cellar could take an office/hobby room,45000,95000,582530,632530,286,"Est. ~€286/month: BK €150 (assumed, not in listing) + heating ~€136 (HWB 116, Oil). Estimate.",yes,558,2026-10-10,1970–89 or HWB D/E: partial renovation €250–600/m²; + €15–25k oil-heating replacement
HM4,Stadthaus zur Selbstverwirklichung (Großweikersdorf),honourable,,EFH,Großweikersdorf,3701,Bezirk Tulln (north),Tulln area,199900,,110.0,542.0,5,,F,247.4,Zentralheizung,Gas,Gaszentralheizung; Gasheizung,True,False,,False,False,False,Reno/project Stadthaus; Bieterverfahren note possible,,,,,36,osrm_free_flow,74,vao_hafas_weekday_100000_best_of_5,48.465633,15.978984,approx,https://www.willhaben.at/iad/immobilien/d/haus-kaufen/niederoesterreich/tulln/seltene-gelegenheit-stadthaus-mit-viel-raum-zur-selbstverwirklichung-und-bester-anbindung-1850387514/,,New 2026-09-23. Low entry; heavy self-work; north of Tulln.,2026-09-28,active,2026-09-23,2026-10-10,,,,,,seen,makler,ISPRIVATE=0; Immobilien Corner GmbH & Co KG REMAX GOLD; Provision:3% des Kaufpreises zzgl. 20% USt.,Immobilien Corner GmbH & Co KG REMAX GOLD,1817.27,6.1,3.6,6997,2199,2998,7196,19390,219290,,nicht angegeben,unknown,no finish keywords found,listing_text,img/HM4.jpg,archive/HM4.html,2026-09-26,2026-09-23,79,Highly recommended,"{""cost"":45.0,""pt"":9.8,""drive"":5.4,""living"":2.7,""garden"":7.5,""storage"":5,""room5"":4,""sauna"":0,""penalty"":0}",True,Top family fit (79/100): Low overall cost (est. €269k–€319k incl. renovation); 5 rooms: one spare for guests/office.,Low overall cost (est. €269k–€319k incl. renovation) | 5 rooms: one spare for guests/office | Large garden (est. ~476 m²) | Cellar mentioned,,"Renovate to own taste; NÖ/federal renovation subsidies (e.g. Sanierungsbonus, heating replacement) may reduce cost",50000,100000,269290,319290,422,"Est. ~€422/month: BK €150 (assumed, not in listing) + heating ~€272 (HWB 247, Gas). Estimate.",yes,476,2026-10-10,pre-1970 or HWB F/G: substantial renovation €450–900/m²
HM5,Leben mit Weitblick — unverbaubare Aussicht (Großweikersdorf),honourable,,EFH,Großweikersdorf,3701,Bezirk Tulln (north),Tulln area,239900,"; Evening 2026-10-02 price cut €295,000→€239,900 (willhaben OLD_PRICE confirms)",98.0,558.0,3,,,,Zentralheizung,Gas,Gas-Zentralheizung; Gasheizung,True,True,Garage,True,False,False,Smaller EFH; view,,,,,36,osrm_free_flow,84,vao_hafas_weekday_100000_best_of_5,48.474277,15.992114,approx,https://www.willhaben.at/iad/immobilien/d/haus-kaufen/niederoesterreich/tulln/leben-mit-weitblick-unverbaubare-aussicht-in-perfekter-familienlage-1770400789/,,New 2026-09-23. Under budget but only ~98 m² / 3 rooms — tight for family.; Evening 2026-10-02: price cut €295000→€239900 (−€55100); still sanierungsbedürftig BJ 1974 / 98 m² / 558 m² Großweikersdorf via REMAX GOLD.,2026-09-28,active,2026-09-23,2026-10-10,,295000,2026-10-02,-55100,"[{""price_eur"":295000,""at"":""2026-09-23""},{""price_eur"":239900,""at"":""2026-10-02""}]",seen|price_drop,makler,ISPRIVATE=0; Immobilien Corner GmbH & Co KG REMAX GOLD; Provision:3% des Kaufpreises zzgl. 20% USt.,Immobilien Corner GmbH & Co KG REMAX GOLD,2447.96,6.1,3.6,8396,2639,3598,8636,23269,263169,,nicht angegeben,sanierungsbedarf,"Zustand Sanierungsbedürftig Wohnfläche 98 m² Grundfläche 558 m² Zimmer 3,5 Nu…",listing_text,img/HM5.jpg,archive/HM5.html,2026-09-26,2026-09-23,47,Not recommended,"{""cost"":45.0,""pt"":7.1,""drive"":5.4,""living"":1.1,""garden"":8.0,""storage"":5,""room5"":0,""sauna"":0,""penalty"":-25}",False,Weak fit (47/100): Low overall cost (est. €313k–€363k incl. renovation); Large garden (est. ~499 m²); Only 3 rooms — fails the 4-room need.,Low overall cost (est. €313k–€363k incl. renovation) | Large garden (est. ~499 m²) | Cellar mentioned,Only 3 rooms — fails the 4-room need | Small living area (98 m²),"Price already cut by €55k: seller may negotiate | Renovate to own taste; NÖ/federal renovation subsidies (e.g. Sanierungsbonus, heating replacement) may reduce cost",50000,100000,313169,363169,326,"Est. ~€326/month: BK €150 (assumed, not in listing) + heating ~€176 (HWB 180 assumed, Gas). Estimate.",yes,499,2026-10-10,"renovation needed: €500–1,000/m²"
HM6,Charmantes EFH mit Weinkeller (Neudegg),honourable,,EFH,Neudegg,3471,Großriedenthal / Bezirk Tulln,Tulln area,198000,,77.0,190.0,3,,,,Zentralheizung,Pellets,Pelletheizung,True,False,,False,False,False,Small living + tiny plot; Weinkeller,,,,,52,osrm_free_flow,94,vao_hafas_weekday_100000_best_of_6,48.489315,15.870282,approx,https://www.willhaben.at/iad/immobilien/d/haus-kaufen/niederoesterreich/tulln/charmantes-einfamilienhaus-mit-weinkeller-in-neudegg-grossriedenthal-1696108479/,,New 2026-09-23. Cheap entry but too small for classic family Kauf.,2026-09-28,active,2026-09-23,2026-10-10,,,,,,seen,makler,ISPRIVATE=0; Immolution GmbH; Provision:3% des Kaufpreises zzgl. 20% USt.,Immolution GmbH,2571.43,6.1,3.6,6930,2178,2970,7128,19206,217206,80.0,exkl. Heizung (Heizkosten netto €40 separately listed); willhaben MONTHCOSTS_GROSS=80,unknown,no finish keywords found,listing_text,img/HM6.jpg,archive/HM6.html,2026-09-26,2026-09-23,31,Not recommended,"{""cost"":45.0,""pt"":4.4,""drive"":0.9,""living"":0.0,""garden"":0.9,""storage"":5,""room5"":0,""sauna"":0,""penalty"":-25}",False,Weak fit (31/100): Low overall cost (est. €227k–€257k incl. renovation); Cellar mentioned; Long public-transport commute to the 8th district (94 min).,Low overall cost (est. €227k–€257k incl. renovation) | Cellar mentioned,Long public-transport commute to the 8th district (94 min) | Long drive to the 21st district (52 min) | Only 3 rooms — fails the 4-room need | Small living area (77 m²) | Little garden (est. ~143 m²),Negotiate on price; check BK and heating bills,10000,40000,227206,257206,219,"Est. ~€219/month: BK €80 (listing) + heating ~€139 (HWB 180 assumed, Pellets). Estimate.",yes,143,2026-10-10,condition unknown: €150–500/m²
NEW18,Zauberhafte Familienvilla mit Garten (Reidling),shortlist,18,EFH,Reidling,3454,Bezirk Tulln / Sitzenberg-Reidling,Tulln area,249000,,143.0,997.0,4,1900,,,Sonstige,Oil + Electric,Ölheizung; Elektroheizung,True,True,,False,False,False,Herrenhaus ~1900; reno/DG-Ausbau possible; Garten ~862–997 m²,,,,,50,osrm_free_flow,120,vao_hafas_weekday_100000_best_of_6,48.32561,15.823286,listing,https://www.willhaben.at/iad/immobilien/d/haus-kaufen/niederoesterreich/tulln/-zauberhafte-familienvilla-mit-lebenserfahrung-sucht-eigentuemer-in-die-ihr-neuen-glanz-verleiht-1524064999/,,Evening 2026-09-23 NEW. Strong under-budget family villa west of Tulln; needs reno. Listing coords.,2026-09-28,disappeared,2026-09-23,2026-10-10,2026-10-10,,,,,disappeared,makler,ISPRIVATE=0; Immobilien Rabas; Provision:3% des Kaufpreises zzgl. 20% USt.,Immobilien Rabas,1741.26,6.1,3.6,8715,2739,3735,8964,24153,273153,,nicht angegeben,sanierungsbedarf,Zustand Sanierungsbedürftig Wohnfläche 143 m² Grundfläche 997 m² Zimmer 4 Ver…,listing_text,img/NEW18.jpg,archive/NEW18.html,2026-09-26,2026-09-23,,,,,,,,,,,,,,,,,,
NEW19,"EFH mit nordischem Flair, Pool & Garten (Weinzierl)",shortlist,19,EFH,Weinzierl,3004,Nähe Tulln (~10 min car) / PLZ 3004,Tulln area,350000,,115.0,,5,,,,Etagenheizung,Gas,Gasetagenheizung,True,True,,False,False,True,Gepflegt; Pool + Garten; ~10 Autominuten Tulln,,,,,35,osrm_free_flow,83,vao_hafas_weekday_100000_best_of_6,48.31,16.02,town,https://www.willhaben.at/iad/immobilien/d/haus-kaufen/niederoesterreich/tulln/naehe-tulln-weinzierl-einfamilienhaus-mit-nordischem-flair-pool-und-herrlichem-garten-795202026/,,Evening 2026-09-23 NEW. Pool bonus under budget; PLZ 3004 west/southwest of Tulln — confirm exact Ortsteil. Town-centroid coords (street withheld).,2026-09-28,disappeared,2026-09-23,2026-09-30,2026-09-30,,,,,seen|disappeared,makler,"ISPRIVATE=0; PlanetHome Immobilien Austria GmbH; Provision:3,00 % zzgl. gesetzliche MwSt",PlanetHome Immobilien Austria GmbH,3043.48,6.1,3.6,12250,3850,5250,12600,33950,383950,,nicht angegeben,unknown,no finish keywords found,listing_text,img/NEW19.jpg,archive/NEW19.html,2026-09-26,2026-09-23,,,,,,,,,,,,,,,,,,
NEW20,Großzügiges Zuhause auf weitläufigem Grund (Bierbaum),shortlist,20,EFH,Bierbaum am Kleebühel,3462,Bezirk Tulln / Absdorf area,Tulln area,429000,,130.0,1471.0,5,,,,Zentralheizung,Gas + Wood,Gasheizung; Holzbrenner; Heizungsart: HOLZ,True,True,,False,False,False,130 m² EG + Keller; DG-Ausbau ~100 m² possible; large sunny plot,,,,,37,osrm_free_flow,96,vao_hafas_weekday_100000_best_of_6,48.38876,15.943252,listing,https://www.willhaben.at/iad/immobilien/d/haus-kaufen/niederoesterreich/tulln/platz-fuer-lebenstraeume-grosszuegiges-zuhause-auf-weitlaeufigem-grund-1386444096/,,Evening 2026-09-23 NEW. Large plot under budget near Absdorf; north of Tulln. Listing coords.,2026-09-28,active,2026-09-23,2026-10-10,,,,,,seen,makler,"ISPRIVATE=0; KBM Immo GmbH; Provision:15.444,00 EUR inkl. 20% USt.",KBM Immo GmbH,3300.0,6.1,3.6,15015,4719,6435,15444,41613,470613,,nicht angegeben,unknown,no finish keywords found,listing_text,img/NEW20.jpg,archive/NEW20.html,2026-09-26,2026-09-23,56,Worth a look,"{""cost"":22.6,""pt"":3.8,""drive"":5.1,""living"":5.3,""garden"":10.0,""storage"":5,""room5"":4,""sauna"":0,""penalty"":0}",True,Possible fit (56/100): 5 rooms: one spare for guests/office; Large garden (est. ~1393 m²); Long public-transport commute to the 8th district (96 min).,5 rooms: one spare for guests/office | Large garden (est. ~1393 m²) | Cellar mentioned,Long public-transport commute to the 8th district (96 min),"Big plot: room for play area, garden shed or extension",20000,65000,490613,535613,384,"Est. ~€384/month: BK €150 (assumed, not in listing) + heating ~€234 (HWB 180 assumed, Gas + Wood). Estimate.",yes,1393,2026-10-10,condition unknown: €150–500/m²
NEW21,Modernes Traumhaus mit Garten (Hintersdorf),shortlist,21,EFH,Hintersdorf,3423,Bezirk Tulln / St. Andrä-Wördern area,Tulln area,430000,,112.0,178.0,5,,,,Fußbodenheizung,Air-source heat pump,Luftwärmepumpe,True,True,,False,False,False,Modern/bezugsfertig; private garden ~178 m² (compact); FBH,,,,,37,osrm_free_flow,84,vao_hafas_weekday_100000_best_of_6,48.300632,16.212347,listing,https://www.willhaben.at/iad/immobilien/d/haus-kaufen/niederoesterreich/tulln/ihr-traumhaus-in-hintersdorf-offen-lichtdurchflutet-und-mit-eigenem-garten-1333052373/,,Evening 2026-09-23 NEW. Under-budget modern EFH Speckgürtel; garden compact. Sister unit OB11 at €480k. Listing coords.,2026-09-28,active,2026-09-23,2026-10-10,,,,,,seen,makler,ISPRIVATE=0; Estoria Real Estate GmbH,Estoria Real Estate GmbH,3839.29,6.1,3.6,15050,4730,6450,15480,41710,471710,275.0,willhaben MONTHCOSTS_GROSS=275,schluesselfertig,"178,42 m² Moderne und durchdachte Raumaufteilung Bezugsfertig ab Anfang Dezember 2026 Modern wohnen - privat und naturn…",listing_text,img/NEW21.jpg,archive/NEW21.html,2026-09-26,2026-09-23,50,Not recommended,"{""cost"":28.3,""pt"":7.1,""drive"":5.1,""living"":2.9,""garden"":0.2,""storage"":2,""room5"":4,""sauna"":0,""penalty"":0}",True,Weak fit (50/100): 5 rooms: one spare for guests/office; Some storage (no cellar named); Little garden (est. ~110 m²).,5 rooms: one spare for guests/office | Some storage (no cellar named),Little garden (est. ~110 m²),Negotiate on price; check BK and heating bills,0,10000,471710,481710,393,"Est. ~€393/month: BK €275 (listing) + heating ~€118 (HWB 180 assumed, Air-source heat pump). Estimate.",storage,110,2026-10-10,turnkey: minor works only
HM7,Sanierungsbedürftige Liegenschaft mit 1.299 m² (St. Andrä-Wördern),honourable,,EFH,St. Andrä-Wördern,3423,Bezirk Tulln / Speckgürtel,Tulln area,279000,,150.0,1299.0,,,,,,Unknown,no heating system named in the listing text,True,True,,True,False,False,Two Bestandsgebäude; heavy reno; large plot,,,,,36,osrm_free_flow,56,vao_hafas_weekday_100000_best_of_5,48.317493,16.213957,listing,https://www.willhaben.at/iad/immobilien/d/haus-kaufen/niederoesterreich/tulln/liegenschaft-mit-bestandsgebaeuden-und-sanierungsbedarf-in-st-andrae-woerdern-1919912479/,https://www.willhaben.at/iad/immobilien/d/haus-kaufen/niederoesterreich/tulln/liegenschaft-mit-bestandsgebaeuden-und-sanierungsbedarf-in-st-andrae-woerdern-1658606323/,Evening 2026-09-23. Location+plot strong but full gut reno — honourable only.; Evening 2026-09-24: willhaben republished under adid 2117636839 (old 1658606323 expired from search). Republished 2026-10-10 under willhaben adid 1919912479 (same house/coords/price €279000).,2026-09-28,active,2026-09-23,2026-10-10,,,,,,url_refresh,makler,ISPRIVATE=0; Hepik Immobilien Service GmbH,Hepik Immobilien Service GmbH,1860.0,6.1,3.6,9765,3069,4185,10044,27063,306063,,nicht angegeben,sanierungsbedarf,"Liegenschaft mit Bestandsgebäuden und Sanierungsbedarf in St. Andrä- Wördern, 150 m², € 279.000,-, (3423 St. Andrä-Wörd…",listing_text,img/HM7.jpg,archive/HM7.html,2026-09-26,2026-09-23,72,Worth a look,"{""cost"":37.1,""pt"":14.7,""drive"":5.4,""living"":8.0,""garden"":10.0,""storage"":5,""room5"":0,""sauna"":0,""penalty"":-8}",,Possible fit (72/100): Low overall cost (est. €381k–€456k incl. renovation); Good public transport to the 8th district (56 min); Room count unknown — check before viewing.,Low overall cost (est. €381k–€456k incl. renovation) | Good public transport to the 8th district (56 min) | Spacious (150 m² living) | Large garden (est. ~1209 m²) | Cellar mentioned,Room count unknown — check before viewing,"Renovate to own taste; NÖ/federal renovation subsidies (e.g. Sanierungsbonus, heating replacement) may reduce cost | Big plot: room for play area, garden shed or extension",75000,150000,381063,456063,420,"Est. ~€420/month: BK €150 (assumed, not in listing) + heating ~€270 (HWB 180 assumed, Unknown). Estimate.",yes,1209,2026-10-10,"renovation needed: €500–1,000/m²"
HM8,Bungalow mit Vollkeller — Reno-Potenzial (Langenlebarn),honourable,,Bungalow,Langenlebarn,3425,Bezirk Tulln / Langenlebarn-Unteraigen,Tulln area,399500,,90.0,,4,1986,D,,Zentralheizung,Wood,Kachelofen,True,True,,False,False,False,Floors stripped 2023 mid-reno; BJ 1986,,,,,36,osrm_free_flow,70,vao_hafas_weekday_100000_best_of_5,48.33228,16.12399,town,https://www.willhaben.at/iad/immobilien/d/haus-kaufen/niederoesterreich/tulln/-bungalow-mit-vollkeller-in-bestlage-mit-riesigem-potential-1722224509/,,Evening 2026-09-23. Corridor location but only 90 m² mid-reno — honourable.,2026-09-28,disappeared,2026-09-23,2026-09-28,2026-09-28,,,,,disappeared|seen,makler,ISPRIVATE=0; Immobilien Tulln KHG; Provision:3 % zzgl. gesetzliche MwSt,Immobilien Tulln KHG,4438.89,6.1,3.6,13983,4394,5992,14382,38751,438252,121.0,willhaben MONTHCOSTS_GROSS=121,unknown,no finish keywords found,listing_text,img/HM8.jpg,archive/HM8.html,2026-09-26,2026-09-23,,,,,,,,,,,,,,,,,,
OB9,Modernes Neubauhaus mit Wienerwaldblick (Tulbing/Wilfersdorf),over_budget,,RH,Tulbing,3434,Bezirk Tulln / Wilfersdorf bei Tulbing,Tulln area,479000,,130.0,240.0,4,2025,B,,Zentralheizung,Air-source heat pump,Luftwärmepumpe,True,True,Garage,True,False,False,Neubau ~2025; Südterrasse; energy B,,,,,40,osrm_free_flow,88,vao_hafas_weekday_100000_best_of_5,48.284904,16.104187,listing,https://www.willhaben.at/iad/immobilien/d/haus-kaufen/niederoesterreich/tulln/modernes-neubauhaus-mit-wienerwaldblick-130-m-suedterrasse-garten-1221553829/,,Evening 2026-09-23. Strong Speckgürtel Neubau but €29k over €450k.,2026-09-28,active,2026-09-23,2026-10-10,,,,,,seen,makler,ISPRIVATE=0; REMAX First - REM Immobilienmakler GmbH & Co KG; Provision:3% des Kaufpreises,REMAX First - REM Immobilienmakler GmbH & Co KG,3684.62,6.1,3.6,16765,5269,7185,17244,46463,525463,,nicht angegeben,belagsfertig,"Belagsfertig Plus - EUR 479.000,- Eine gute Wahl für alle, die bei",listing_text,img/OB9.jpg,archive/OB9.html,2026-09-26,2026-09-23,36,Not recommended,"{""cost"":17.0,""pt"":6.0,""drive"":4.3,""living"":5.3,""garden"":1.2,""storage"":2,""room5"":0,""sauna"":0,""penalty"":0}",True,Weak fit (36/100): 4 rooms: meets the parents/boys/girls need; Some storage (no cellar named); High overall cost (est. €555k–€585k incl. renovation).,4 rooms: meets the parents/boys/girls need | Some storage (no cellar named),High overall cost (est. €555k–€585k incl. renovation),Choose own floors/finishes,30000,60000,555463,585463,199,"Est. ~€199/month: BK €150 (assumed, not in listing) + heating ~€49 (HWB 65 from class B, Air-source heat pump). Estimate.",storage,162,2026-10-10,"belagsfertig: floors, doors, painting, fittings at €250–450/m²"
OB10,DHH mit Garten und Pool (Großweikersdorf),over_budget,,DHH,Großweikersdorf,3701,Bezirk Tulln (north),Tulln area,480000,,180.0,251.0,4,,B,,Fußbodenheizung,Gas,Gasheizung · also Kachelofen; Photovoltaik; PV,True,True,,False,False,True,DHH; pool; energy B; longer north commute,,,,,36,osrm_free_flow,106,vao_hafas_weekday_100000_best_of_3,48.479206,15.972856,listing,https://www.willhaben.at/iad/immobilien/d/haus-kaufen/niederoesterreich/tulln/doppelhaushaelfte-in-ruhiger-wohnstrasse-mit-garten-und-pool-1643289963/,,Evening 2026-09-23. Pool bonus but €30k over + north of Tulln.,2026-09-28,active,2026-09-23,2026-10-10,,,,,,seen,makler,"ISPRIVATE=0; Fortuna Real GmbH & Co KG; Provision:17.280,00 EUR inkl. 20% USt.",Fortuna Real GmbH & Co KG,2666.67,6.1,3.6,16800,5280,7200,17280,46560,526560,,nicht angegeben,unknown,no finish keywords found,listing_text,img/OB10.jpg,archive/OB10.html,2026-09-26,2026-09-23,42,Not recommended,"{""cost"":21.5,""pt"":1.1,""drive"":5.4,""living"":8.0,""garden"":0.9,""storage"":5,""room5"":0,""sauna"":0,""penalty"":0}",True,Weak fit (42/100): 4 rooms: meets the parents/boys/girls need; Spacious (180 m² living); Long public-transport commute to the 8th district (106 min).,4 rooms: meets the parents/boys/girls need | Spacious (180 m² living) | Cellar mentioned,Long public-transport commute to the 8th district (106 min) | Little garden (est. ~143 m²),Cellar could take an office/hobby room,0,15000,526560,541560,267,"Est. ~€267/month: BK €150 (assumed, not in listing) + heating ~€117 (HWB 65 from class B, Gas). Estimate.",yes,143,2026-10-10,recent/efficient: €0–15k
OB11,Modernes Traumhaus Hintersdorf (sister unit €480k),over_budget,,EFH,Hintersdorf,3423,Bezirk Tulln / St. Andrä-Wördern area,Tulln area,480000,,112.0,167.0,5,,,,Fußbodenheizung,Air-source heat pump,Luftwärmepumpe,True,True,,False,False,False,Sister to NEW21; garden ~167 m²; over budget,,,,,37,osrm_free_flow,84,vao_hafas_weekday_100000_best_of_6,48.300632,16.212347,listing,https://www.willhaben.at/iad/immobilien/d/haus-kaufen/niederoesterreich/tulln/ihr-traumhaus-in-hintersdorf-offen-lichtdurchflutet-und-mit-eigenem-garten-1589298540/,,Evening 2026-09-23. Same project as NEW21 but €480k.,2026-09-28,active,2026-09-23,2026-10-10,,,,,,seen,makler,ISPRIVATE=0; Estoria Real Estate GmbH,Estoria Real Estate GmbH,4285.71,6.1,3.6,16800,5280,7200,17280,46560,526560,275.0,willhaben MONTHCOSTS_GROSS=275,schluesselfertig,"167,41 m² Moderne und durchdachte Raumaufteilung Bezugsfertig ab Anfang Dezember 2026 Modern wohnen - privat und naturn…",listing_text,img/OB11.jpg,archive/OB11.html,2026-09-26,2026-09-23,41,Not recommended,"{""cost"":19.5,""pt"":7.1,""drive"":5.1,""living"":2.9,""garden"":0.0,""storage"":2,""room5"":4,""sauna"":0,""penalty"":0}",True,Weak fit (41/100): 5 rooms: one spare for guests/office; Some storage (no cellar named); Little garden (est. ~99 m²).,5 rooms: one spare for guests/office | Some storage (no cellar named),Little garden (est. ~99 m²),Negotiate on price; check BK and heating bills,0,10000,526560,536560,393,"Est. ~€393/month: BK €275 (listing) + heating ~€118 (HWB 180 assumed, Air-source heat pump). Estimate.",storage,99,2026-10-10,turnkey: minor works only
HM11,Angebotsverfahren: Garten-Haus (Langenlebarn),honourable,,EFH,Langenlebarn-Oberaigen,3425,Bezirk Tulln,Tulln area,279000,,85.0,540.0,3,,,,Zentralheizung,Gas,Gasheizung,True,False,,False,False,False,,,,,,36,osrm_free_flow,70,vao_hafas_weekday_100000_best_of_5,48.33228,16.12399,town,https://www.willhaben.at/iad/immobilien/d/haus-kaufen/niederoesterreich/tulln/angebotsverfahren-ein-garten-zum-verlieben-ein-haus-zum-gestalten-1106778375,,Morning 2026-09-24. Langenlebarn Angebotsverfahren; only 85 m² living on 540 m² — small for family.,2026-09-28,active,2026-09-24,2026-10-10,,,,,,seen,makler,ISPRIVATE=0; REMAX Emotion; Provision:3% des Kaufpreises zzgl. 20% USt.,REMAX Emotion,3282.35,6.1,3.6,9765,3069,4185,10044,27063,306063,,nicht angegeben,unknown,no finish keywords found,listing_text,img/HM11.jpg,archive/HM11.html,2026-09-26,2026-09-24,49,Not recommended,"{""cost"":45.0,""pt"":10.9,""drive"":5.4,""living"":0.0,""garden"":7.8,""storage"":5,""room5"":0,""sauna"":0,""penalty"":-25}",False,Weak fit (49/100): Low overall cost (est. €321k–€346k incl. renovation); Large garden (est. ~489 m²); Only 3 rooms — fails the 4-room need.,Low overall cost (est. €321k–€346k incl. renovation) | Large garden (est. ~489 m²) | Cellar mentioned,Only 3 rooms — fails the 4-room need | Small living area (85 m²),Negotiate on price; check BK and heating bills,15000,40000,321063,346063,303,"Est. ~€303/month: BK €150 (assumed, not in listing) + heating ~€153 (HWB 180 assumed, Gas). Estimate.",yes,489,2026-10-10,condition unknown: €150–500/m²
NEW25,Großzügige DHH mit Weingartenblick (Tulbing),shortlist,25,DHH,Tulbing,3434,Bezirk Tulln,Tulln area,420000,,235.0,1010.0,5,,,,Zentralheizung,Gas + Oil,Gasheizung; Öl-Warmwasser-Zentralheizung; Ölheizung,True,False,,False,False,False,,,,,,40,osrm_free_flow,88,vao_hafas_weekday_100000_best_of_5,48.284904,16.104187,town,https://www.willhaben.at/iad/immobilien/d/haus-kaufen/niederoesterreich/tulln/grosszuegige-doppelhaushaelfte-mit-weingartenblick-und-praxis-ordi-buero-atelier-moeglichkeit-fuer-jungfamilien-1138183646,,"Morning 2026-09-24. Large DHH Tulbing 235 m² / ~1,010 m² plot under €450k; pool/garden. Strong size hit.",2026-09-28,active,2026-09-24,2026-10-10,,,,,,seen,makler,ISPRIVATE=0; IMS Immobilien Molnar Susanne; Provision:3% des Kaufpreises zzgl. 20% USt.,IMS Immobilien Molnar Susanne,1787.23,6.1,3.6,14700,4620,6300,15120,40740,460740,,nicht angegeben,schluesselfertig,Der schlüsselfertige Zustand mit Keller bietet zusätzlichen Stauraum und…,listing_text,img/NEW25.jpg,archive/NEW25.html,2026-09-26,2026-09-24,64,Worth a look,"{""cost"":26.6,""pt"":6.0,""drive"":4.3,""living"":8.0,""garden"":10.0,""storage"":5,""room5"":4,""sauna"":0,""penalty"":0}",True,Possible fit (64/100): 5 rooms: one spare for guests/office; Spacious (235 m² living); Oil heating: replacement expected.,5 rooms: one spare for guests/office | Spacious (235 m² living) | Large garden (est. ~869 m²) | Cellar mentioned,Oil heating: replacement expected,"Big plot: room for play area, garden shed or extension",0,10000,460740,470740,573,"Est. ~€573/month: BK €150 (assumed, not in listing) + heating ~€423 (HWB 180 assumed, Gas + Oil). Estimate.",yes,869,2026-10-10,turnkey: minor works only
OB13,EFH St. Andrä-Wördern (Übernahme 2027),over_budget,,EFH,St. Andrä-Wördern,3423,Bezirk Tulln,Tulln area,485000,,118.93,626.0,,,,,Zentralheizung,Gas + Wood,Gas-Zentralheizung; Schwedenofen; feste Brennstoffe,True,False,,False,False,False,,,,,,41,osrm_free_flow,51,vao_hafas_weekday_100000_best_of_6,48.33772,16.20349,town,https://www.willhaben.at/iad/immobilien/d/haus-kaufen/niederoesterreich/tulln/st-andrae-woerdern-zwischen-tulln-und-klosterneuburg-uebernahme-spaetestens-mitte-jaenner-2027-1310803471,,Morning 2026-09-24. St. Andrä-Wördern EFH €485k; takeover mid-Jan 2027; pool mention in text.,2026-09-28,active,2026-09-24,2026-10-10,,,,,,seen,makler,ISPRIVATE=0,,4078.03,6.1,3.6,16975,5335,7275,17460,47045,532045,,nicht angegeben,unknown,no finish keywords found,listing_text,img/OB13.jpg,archive/OB13.html,2026-09-26,2026-09-24,42,Not recommended,"{""cost"":13.5,""pt"":15.0,""drive"":4.0,""living"":3.9,""garden"":9.1,""storage"":5,""room5"":0,""sauna"":0,""penalty"":-8}",,Weak fit (42/100): Good public transport to the 8th district (51 min); Large garden (est. ~554 m²); High overall cost (est. €552k–€592k incl. renovation).,Good public transport to the 8th district (51 min) | Large garden (est. ~554 m²) | Cellar mentioned,High overall cost (est. €552k–€592k incl. renovation) | Room count unknown — check before viewing,Negotiate on price; check BK and heating bills,20000,60000,552045,592045,364,"Est. ~€364/month: BK €150 (assumed, not in listing) + heating ~€214 (HWB 180 assumed, Gas + Wood). Estimate.",yes,554,2026-10-10,condition unknown: €150–500/m²
NEW27,Einfamilienhaus Zwentendorf — neuer Lebensabschnitt,honourable,,EFH,Zwentendorf an der Donau,3435,Bezirk Tulln,Tulln area,367000,,101.0,638.0,3,,,,Zentralheizung,Oil,Ölheizung,True,False,,False,False,False,,,,,,42,osrm_free_flow,91,vao_hafas_weekday_100000_best_of_5,48.3405,15.901784,town,https://www.willhaben.at/iad/immobilien/d/haus-kaufen/niederoesterreich/tulln/-unser-neuer-lebensabschnitt-beginnt-hier-1520148509,,Morning 2026-09-24. Zwentendorf EFH under budget; smaller living (~101 m²).,2026-09-28,active,2026-09-24,2026-10-10,,,,,,seen,makler,ISPRIVATE=0; Immobilien Tulln KHG; Provision:3% zzgl. gesetzliche MwSt,Immobilien Tulln KHG,3633.66,6.1,3.6,12845,4037,5505,13212,35599,402599,99.0,willhaben MONTHCOSTS_GROSS=99,unknown,no finish keywords found,listing_text,img/NEW27.jpg,archive/NEW27.html,2026-09-26,2026-09-24,34,Not recommended,"{""cost"":33.9,""pt"":5.2,""drive"":3.7,""living"":1.5,""garden"":9.5,""storage"":5,""room5"":0,""sauna"":0,""penalty"":-25}",False,Weak fit (34/100): Low overall cost (est. €433k–€478k incl. renovation); Large garden (est. ~577 m²); Long public-transport commute to the 8th district (91 min).,Low overall cost (est. €433k–€478k incl. renovation) | Large garden (est. ~577 m²) | Cellar mentioned,Long public-transport commute to the 8th district (91 min) | Only 3 rooms — fails the 4-room need | Oil heating: replacement expected,Negotiate on price; check BK and heating bills,30000,75000,432599,477599,281,"Est. ~€281/month: BK €99 (listing) + heating ~€182 (HWB 180 assumed, Oil). Estimate.",yes,577,2026-10-10,condition unknown: €150–500/m²; + €15–25k oil-heating replacement
HM9,Rohbau-EFH mit Gestaltungspotenzial (Langenlebarn),honourable,,EFH,Langenlebarn-Oberaigen,3425,Bezirk Tulln,Tulln area,229000,,101.21,,4,,,,,Unknown,no heating system named in the listing text,False,False,,False,False,False,,,,,,36,osrm_free_flow,70,vao_hafas_weekday_100000_best_of_5,48.33228,16.12399,town,https://www.willhaben.at/iad/immobilien/d/haus-kaufen/niederoesterreich/tulln/bauherren-aufgepasst-seltene-gelegenheit-auf-ein-einfamilienhaus-im-rohbau-mit-entwicklungs-und-gestaltungsmoeglichkeiten-1663898888,,Morning 2026-09-24. Langenlebarn Rohbau/project EFH €229k — finish cost on buyer.,2026-09-28,active,2026-09-24,2026-10-10,,,,,,seen,makler,ISPRIVATE=0; Raiffeisen Immobilien Vermittlung Ges.m.b.H; Provision:3% des Kaufpreises plus 20% USt.,Raiffeisen Immobilien Vermittlung Ges.m.b.H,2262.62,6.1,3.6,8015,2519,3435,8244,22213,251213,,nicht angegeben,rohbaufertig,"ASST: SELTENE GELEGENHEIT AUF EIN EINFAMILIENHAUS IM ROHBAU MIT ENTWICKLUNGS- UND GESTALTUNGSMÖGLICHKEITEN, 101,21 m²,…",listing_text,img/HM9.jpg,archive/HM9.html,2026-09-26,2026-09-24,61,Worth a look,"{""cost"":43.2,""pt"":10.9,""drive"":5.4,""living"":1.5,""garden"":0.0,""storage"":0,""room5"":0,""sauna"":0,""penalty"":0}",True,Possible fit (61/100): Low overall cost (est. €361k–€421k incl. renovation); 4 rooms: meets the parents/boys/girls need; Little garden (est. ~0 m²).,Low overall cost (est. €361k–€421k incl. renovation) | 4 rooms: meets the parents/boys/girls need,Little garden (est. ~0 m²) | Cellar unknown | Rohbau: large completion cost and time,"Renovate to own taste; NÖ/federal renovation subsidies (e.g. Sanierungsbonus, heating replacement) may reduce cost",110000,170000,361213,421213,332,"Est. ~€332/month: BK €150 (assumed, not in listing) + heating ~€182 (HWB 180 assumed, Unknown). Estimate.",unknown,0,2026-10-10,"Rohbau: interior completion at €1,100–1,700/m²"
NEW23,Preisreduktion: Jahrhundertwendevilla (Zeiselmauer),shortlist,23,EFH,Zeiselmauer,3424,Bezirk Tulln,Tulln area,335000,,203.6,1195.0,4,,,,Sonstige,Oil + Electric,Ölheizung; Elektroheizung,True,False,,False,False,False,,,,,,41,osrm_free_flow,58,vao_hafas_weekday_100000_best_of_5,48.3255,16.1755,town,https://www.willhaben.at/iad/immobilien/d/haus-kaufen/niederoesterreich/tulln/preisreduktion-sanierungsbeduerftige-jahrhundertwendevilla-als-familienwohntraum-in-bestlage-1789943050,,Morning 2026-09-24. Preisreduktion Jahrhundertwendevilla Zeiselmauer; large living+plot; reno. Speckgürtel.,2026-09-28,active,2026-09-24,2026-10-10,,,,,,seen,makler,ISPRIVATE=0; Raiffeisen Immobilien Vermittlung Ges.m.b.H; Provision:3% des Kaufpreises plus 20% USt.,Raiffeisen Immobilien Vermittlung Ges.m.b.H,1645.38,6.1,3.6,11725,3685,5025,12060,32495,367495,,nicht angegeben,sanierungsbedarf,"PREISREDUKTION: SANIERUNGSBEDÜRFTIGE JAHRHUNDERTWENDEVILLA ALS FAMILIENWOHNTRAUM IN BESTLAGE, 203,6 m², €",listing_text,img/NEW23.jpg,archive/NEW23.html,2026-09-26,2026-09-24,57,Worth a look,"{""cost"":15.8,""pt"":14.2,""drive"":4.0,""living"":8.0,""garden"":10.0,""storage"":5,""room5"":0,""sauna"":0,""penalty"":0}",True,Possible fit (57/100): Good public transport to the 8th district (58 min); 4 rooms: meets the parents/boys/girls need; Oil heating: replacement expected.,Good public transport to the 8th district (58 min) | 4 rooms: meets the parents/boys/girls need | Spacious (204 m² living) | Large garden (est. ~1072 m²) | Cellar mentioned,Oil heating: replacement expected,"Renovate to own taste; NÖ/federal renovation subsidies (e.g. Sanierungsbonus, heating replacement) may reduce cost | Big plot: room for play area, garden shed or extension | Cellar could take an office/hobby room",115000,230000,482495,597495,516,"Est. ~€516/month: BK €150 (assumed, not in listing) + heating ~€366 (HWB 180 assumed, Oil + Electric). Estimate.",yes,1072,2026-10-10,"renovation needed: €500–1,000/m²; + €15–25k oil-heating replacement"
NEW22,Gepflegtes Einfamilienhaus (Reidling / Sitzenberg),shortlist,22,EFH,Reidling,3454,Bezirk Tulln,Tulln area,220000,,146.07,360.0,5,,,,Zentralheizung,Oil,Ölheizung,True,False,,False,False,False,,,,,,50,osrm_free_flow,120,vao_hafas_weekday_100000_best_of_6,48.32561,15.823286,town,https://www.willhaben.at/iad/immobilien/d/haus-kaufen/niederoesterreich/tulln/einziehen-und-wohlfuehlen-gepflegtes-einfamilienhaus-in-sitzenberg-reidling-1816997509,,Morning 2026-09-24. Gepflegtes EFH Reidling under budget; solid size. Town/listing.,2026-09-28,active,2026-09-24,2026-10-10,,,,,,seen,makler,ISPRIVATE=0; REMAX Plus Immobilienservice GmbH; Provision:3% des Kaufpreises zzgl. 20% USt.,REMAX Plus Immobilienservice GmbH,1506.13,6.1,3.6,7700,2420,3300,7920,21340,241340,,nicht angegeben,unknown,no finish keywords found,listing_text,img/NEW22.jpg,archive/NEW22.html,2026-09-26,2026-09-24,66,Worth a look,"{""cost"":45.0,""pt"":0.0,""drive"":1.4,""living"":7.5,""garden"":3.4,""storage"":5,""room5"":4,""sauna"":0,""penalty"":0}",True,Possible fit (66/100): Low overall cost (est. €276k–€341k incl. renovation); 5 rooms: one spare for guests/office; Long public-transport commute to the 8th district (120 min).,Low overall cost (est. €276k–€341k incl. renovation) | 5 rooms: one spare for guests/office | Spacious (146 m² living) | Cellar mentioned,Long public-transport commute to the 8th district (120 min) | Long drive to the 21st district (50 min) | Oil heating: replacement expected,Negotiate on price; check BK and heating bills,35000,100000,276340,341340,413,"Est. ~€413/month: BK €150 (assumed, not in listing) + heating ~€263 (HWB 180 assumed, Oil). Estimate.",yes,272,2026-10-10,condition unknown: €150–500/m²; + €15–25k oil-heating replacement
NEW24,Lichtdurchflutetes Eckreihenhaus (Langenlebarn),shortlist,24,RH,Langenlebarn-Oberaigen,3425,Bezirk Tulln,Tulln area,369000,,116.0,230.0,5,,,,,Unknown,no heating system named in the listing text,True,False,,False,False,False,,,,,,36,osrm_free_flow,70,vao_hafas_weekday_100000_best_of_5,48.33228,16.12399,town,https://www.willhaben.at/iad/immobilien/d/haus-kaufen/niederoesterreich/tulln/lichtdurchlutetes-eckreihenhaus-in-langenlebarn-1873349402,,Morning 2026-09-24. Eckreihenhaus Langenlebarn corridor under budget.,2026-09-28,active,2026-09-24,2026-10-10,,,,,,seen,makler,ISPRIVATE=0; QUIN Properties GmbH & Co KG; Provision:3% des Kaufpreises zzgl. 20% USt.,QUIN Properties GmbH & Co KG,3181.03,6.1,3.6,12915,4059,5535,13284,35793,404793,,nicht angegeben,unknown,no finish keywords found,listing_text,img/NEW24.jpg,archive/NEW24.html,2026-09-26,2026-09-24,64,Worth a look,"{""cost"":34.5,""pt"":10.9,""drive"":5.4,""living"":3.5,""garden"":1.2,""storage"":5,""room5"":4,""sauna"":0,""penalty"":0}",True,Possible fit (64/100): Low overall cost (est. €420k–€465k incl. renovation); 5 rooms: one spare for guests/office.,Low overall cost (est. €420k–€465k incl. renovation) | 5 rooms: one spare for guests/office | Cellar mentioned,,Negotiate on price; check BK and heating bills,15000,60000,419793,464793,359,"Est. ~€359/month: BK €150 (assumed, not in listing) + heating ~€209 (HWB 180 assumed, Unknown). Estimate.",yes,160,2026-10-10,condition unknown: €150–500/m²
OB14,Moderne Neubau-DHH (Königstetten),over_budget,,DHH,Königstetten,3433,Bezirk Tulln,Tulln area,509000,,120.0,,3,,,,Fußbodenheizung,Air-source heat pump,Luftwärmepumpe,False,False,,False,False,False,,,,,,41,osrm_free_flow,78,vao_hafas_weekday_100000_best_of_6,48.29801,16.15495,town,https://www.willhaben.at/iad/immobilien/d/haus-kaufen/niederoesterreich/tulln/moderne-doppelhaushaelfte-in-koenigstetten-1991887817,,Morning 2026-09-24. Königstetten Neubau DHH €509k — over budget.,2026-09-28,active,2026-09-24,2026-10-10,,,,,,seen,makler,ISPRIVATE=0; Haag (Termine nach Vereinbarung); Provision:3% des Kaufpreises zzgl. 20% USt.,Haag (Termine nach Vereinbarung),4241.67,6.1,3.6,17815,5599,7635,18324,49373,558373,,nicht angegeben,schluesselfertig,Das bezugsfertige Wohnhaus befindet sich in einer ruhigen Siedlungslage m…,listing_text,img/OB14.jpg,archive/OB14.html,2026-09-26,2026-09-24,10,Not recommended,"{""cost"":16.6,""pt"":8.7,""drive"":4.0,""living"":4.0,""garden"":0.0,""storage"":2,""room5"":0,""sauna"":0,""penalty"":-25}",False,Weak fit (10/100): Some storage (no cellar named); High overall cost (est. €558k–€568k incl. renovation).,Some storage (no cellar named),High overall cost (est. €558k–€568k incl. renovation) | Only 3 rooms — fails the 4-room need | Little garden (est. ~0 m²),Negotiate on price; check BK and heating bills,0,10000,558373,568373,276,"Est. ~€276/month: BK €150 (assumed, not in listing) + heating ~€126 (HWB 180 assumed, Air-source heat pump). Estimate.",storage,0,2026-10-10,turnkey: minor works only
HM10,Renovierungsbedürftige Zweifamilienvilla (Langenlebarn),honourable,,EFH,Langenlebarn-Unteraigen,3425,Bezirk Tulln,Tulln area,268000,,157.0,688.0,,,,,,Unknown,no heating system named in the listing text,True,False,,False,False,False,,,,,,36,osrm_free_flow,70,vao_hafas_weekday_100000_best_of_5,48.33228,16.12399,town,https://www.willhaben.at/iad/immobilien/d/haus-kaufen/niederoesterreich/tulln/superpreis-komplett-renovierungsbeduerftige-zweifamilienvilla-2047514440,,Morning 2026-09-24. Langenlebarn Zweifamilienvilla full reno €268k / 157 m² / 688 m².,2026-09-28,disappeared,2026-09-24,2026-09-30,2026-09-30,,,,,seen|disappeared,makler,ISPRIVATE=0; Till Wohnungsrenovierungs- und Vermietungs- GmbH; Provision:3% des Kaufpreises zzgl. 20% USt.,Till Wohnungsrenovierungs- und Vermietungs- GmbH,1707.01,6.1,3.6,9380,2948,4020,9648,25996,293996,,nicht angegeben,sanierungsbedarf,Zustand Sanierungsbedürftig Wohnfläche 157 m² Grundfläche 688 m² Nutzfläche 1…,listing_text,img/HM10.jpg,archive/HM10.html,2026-09-26,2026-09-24,,,,,,,,,,,,,,,,,,
OB12,Flexibles Wohnjuwel PV + Wärmepumpe (Tulln Stadt),over_budget,,EFH,Tulln an der Donau,3430,Bezirk Tulln,Tulln area,460000,,146.64,460.0,7,,,,Luftwärmepumpe,Air-source heat pump,Luftwärmepumpe · also PV; Photovoltaik,True,False,,False,False,False,,,,,,32,osrm_free_flow,60,vao_hafas_weekday_100000_best_of_6,48.32615,16.045681,town,https://www.willhaben.at/iad/immobilien/d/haus-kaufen/niederoesterreich/tulln/flexibles-wohnjuwel-mit-pv-anlage-und-waermepumpe-in-begehrter-tullner-siedlungslage-naehe-hauptbahnhof-2066383426,,Morning 2026-09-24. Tulln-Stadt EFH with PV+Wärmepumpe near Hbf; €460k (~€10k over).,2026-09-28,disappeared,2026-09-24,2026-10-09,2026-10-09,,,,,disappeared,makler,ISPRIVATE=0; KBM Immo GmbH,KBM Immo GmbH,3136.93,6.1,3.6,16100,5060,6900,16560,44620,504620,114.0,willhaben MONTHCOSTS_GROSS=114,unknown,no finish keywords found,listing_text,img/OB12.jpg,archive/OB12.html,2026-09-26,2026-09-24,,,,,,,,,,,,,,,,,,
HM12,EFH mit Garten & Balkon (Langenlebarn),honourable,,EFH,Langenlebarn-Oberaigen,3425,Bezirk Tulln,Tulln area,279000,,100.0,256.0,4,,,,Etagenheizung,Gas + Wood,Gasheizung; Heizungsart: HOLZ,True,False,,False,False,False,,,,,,36,osrm_free_flow,70,vao_hafas_weekday_100000_best_of_5,48.33228,16.12399,town,https://www.willhaben.at/iad/immobilien/d/haus-kaufen/niederoesterreich/tulln/grosszuegiges-wohnen-mit-garten-balkon-und-viel-potenzial-860495956,,Morning 2026-09-24. Langenlebarn EFH €279k / 100 m²; garden+balkon; mid-size.,2026-09-28,active,2026-09-24,2026-10-10,,,,,,seen,makler,ISPRIVATE=0; Immobilien86 KG,Immobilien86 KG,2790.0,6.1,3.6,9765,3069,4185,10044,27063,306063,204.26,"willhaben MONTHCOSTS_GROSS=204,26",sanierungsbedarf,Zustand Sanierungsbedürftig Wohnfläche 100 m² Grundfläche 256 m² Zimmer 4 Hei…,listing_text,img/HM12.jpg,archive/HM12.html,2026-09-26,2026-09-24,68,Worth a look,"{""cost"":43.9,""pt"":10.9,""drive"":5.4,""living"":1.3,""garden"":1.9,""storage"":5,""room5"":0,""sauna"":0,""penalty"":0}",True,Possible fit (68/100): Low overall cost (est. €356k–€406k incl. renovation); 4 rooms: meets the parents/boys/girls need.,Low overall cost (est. €356k–€406k incl. renovation) | 4 rooms: meets the parents/boys/girls need | Cellar mentioned,,"Renovate to own taste; NÖ/federal renovation subsidies (e.g. Sanierungsbonus, heating replacement) may reduce cost | Cellar could take an office/hobby room",50000,100000,356063,406063,384,"Est. ~€384/month: BK €204 (listing) + heating ~€180 (HWB 180 assumed, Gas + Wood). Estimate.",yes,196,2026-10-10,"renovation needed: €500–1,000/m²"
NEW26,EFH mit Innenhof & Nebengebäuden (Wilfersdorf),shortlist,26,EFH,Wilfersdorf,3434,Bezirk Tulln,Tulln area,349000,,121.6,730.0,4,,,,Zentralheizung,Gas,Gastherme; Gasheizung,True,False,,False,False,False,,,,,,40,osrm_free_flow,86,vao_hafas_weekday_100000_best_of_6,48.28342,16.11604,town,https://www.willhaben.at/iad/immobilien/d/haus-kaufen/niederoesterreich/tulln/einfamilienhaus-mit-innenhof-nebengebaeuden-und-entwicklungspotenzial-in-wilfersdorf-867856441,,Morning 2026-09-24. Wilfersdorf EFH with Innenhof + Nebengebäude; development potential.,2026-09-28,active,2026-09-24,2026-10-10,,,,,,seen,makler,ISPRIVATE=0; Kaltenegger Realitäten GmbH; Provision:3% des Kaufpreises zzgl. 20% USt.,Kaltenegger Realitäten GmbH,2870.07,6.1,3.6,12215,3839,5235,12564,33853,382853,,nicht angegeben,unknown,no finish keywords found,listing_text,img/NEW26.jpg,archive/NEW26.html,2026-09-26,2026-09-24,62,Worth a look,"{""cost"":37.4,""pt"":6.5,""drive"":4.3,""living"":4.2,""garden"":10.0,""storage"":0,""room5"":0,""sauna"":0,""penalty"":0}",True,Possible fit (62/100): Low overall cost (est. €403k–€443k incl. renovation); 4 rooms: meets the parents/boys/girls need; Cellar unknown.,Low overall cost (est. €403k–€443k incl. renovation) | 4 rooms: meets the parents/boys/girls need | Large garden (est. ~657 m²),Cellar unknown,"Big plot: room for play area, garden shed or extension",20000,60000,402853,442853,369,"Est. ~€369/month: BK €150 (assumed, not in listing) + heating ~€219 (HWB 180 assumed, Gas). Estimate.",unknown,657,2026-10-10,condition unknown: €150–500/m²
ST1,Modernes Wohnen / Reihenhaus-Einheit (Unterzögersdorf / Stockerau),over_budget,,RH,Unterzögersdorf,2000,Stockerau / Bezirk Korneuburg,Stockerau/Korneuburg,469000,Projekt unit; only 1 available,120.06,,5,2020,C,54.22,Luft-Wärmepumpe,Air-source heat pump,Luft-Wärmepumpe,True,True,KFZ-Stellplatz (Projekt: 6 Stellplätze),False,False,False,BJ2020; PROJECT/TYPE=Wohnung / EG mit 76 m² Freifläche; Beschreibung „6 Mietwohnungen“ — nicht klassisches EFH. Willhaben also labels Reihenhaus.,,,,,31,osrm_free_flow,66,vao_hafas_weekday_100000_best_of_5,48.378274,16.168951,listing,https://www.willhaben.at/iad/immobilien/d/neubauprojekt/niederoesterreich/korneuburg/modernes-wohnen-in-stockerau-1285977538/,https://www.willhaben.at/iad/immobilien/d/haus-kaufen/niederoesterreich/korneuburg/modernes-reihenhaus-mit-zwei-unabhaengigen-einheiten-1827159767/,"Stockerau find 2026-09-24. Over €450k. Unit €469k / 120 m² / 5 Zi / Freifläche 76 m². Seller WERTIMMOBILIEN Consulting KG (Doppelmakler). Tag honest: apartment-origin EG with garden, marketed partly as RH.",2026-09-28,active,2026-09-24,2026-10-10,,,,,,seen,makler,ISPRIVATE=0; WERTIMMOBILIEN Consulting KG; Doppelmakler; provision not explicit on page,WERTIMMOBILIEN Consulting KG,3906.38,6.1,3.6,16415,5159,7035,16884,45493,514493,305.4,"willhaben MONTHCOSTS_GROSS=305,4",unknown,no finish keywords found,listing_text,img/ST1.jpg,archive/ST1.html,2026-09-26,2026-09-24,48,Not recommended,"{""cost"":20.0,""pt"":12.0,""drive"":6.9,""living"":4.0,""garden"":1.0,""storage"":0,""room5"":4,""sauna"":0,""penalty"":0}",True,Weak fit (48/100): 5 rooms: one spare for guests/office; Garden size unknown.,5 rooms: one spare for guests/office,Garden size unknown | Cellar unknown,Negotiate on price; check BK and heating bills,10000,30000,524493,544493,343,"Est. ~€343/month: BK €305 (listing) + heating ~€38 (HWB 54, Air-source heat pump). Estimate.",unknown,,2026-10-10,1990–2009 or HWB C: refresh €80–250/m²
ST2,„Große Familie gesucht!“ EFH (Stockerau),shortlist,27,EFH,Stockerau,2000,Bezirk Korneuburg,Stockerau/Korneuburg,389000,,170.0,436.0,6,1966,E,182.0,Erdwärme,Geothermal,Erdwärmeheizung · also Schwedenofen,True,True,,False,False,False,Verkehrsberuhigte Lage mitten in Stockerau; große Familie / Mehrgenerationen,,,,,20,osrm_free_flow,54,vao_hafas_weekday_100000_best_of_5,48.386917,16.223042,listing,https://www.willhaben.at/iad/immobilien/d/haus-kaufen/niederoesterreich/korneuburg/-grosse-familie-gesucht-2014418206/,,Stockerau 2026-09-24. Strong under-budget size hit: 170 m² / 6 Zi / 436 m² plot. Erdwärme. RE/MAX Dynamic.,2026-09-28,active,2026-09-24,2026-10-10,,,,,,seen,makler,ISPRIVATE=0; REMAX Dynamic; Provision:3% des Kaufpreises zzgl. 20% USt.,REMAX Dynamic,2288.24,6.1,3.6,13615,4279,5835,14004,37733,426733,,nicht angegeben,unknown,no finish keywords found,listing_text,img/ST2.jpg,archive/ST2.html,2026-09-26,2026-09-24,66,Worth a look,"{""cost"":19.1,""pt"":15.0,""drive"":10.0,""living"":8.0,""garden"":4.7,""storage"":5,""room5"":4,""sauna"":0,""penalty"":0}",True,Possible fit (66/100): Good public transport to the 8th district (54 min); Short drive to the 21st district (20 min).,Good public transport to the 8th district (54 min) | Short drive to the 21st district (20 min) | 6 rooms: one spare for guests/office | Spacious (170 m² living) | Cellar mentioned,,"Renovate to own taste; NÖ/federal renovation subsidies (e.g. Sanierungsbonus, heating replacement) may reduce cost",75000,155000,501733,581733,330,"Est. ~€330/month: BK €150 (assumed, not in listing) + heating ~€180 (HWB 182, Geothermal). Estimate.",yes,334,2026-10-10,pre-1970 or HWB F/G: substantial renovation €450–900/m²
ST3,Neubau-Reihenhaus Streitdorf (Nähe Stockerau),shortlist,28,RH,Streitdorf,2004,Niederhollabrunn / Bezirk Korneuburg; wenige Min. nach Stockerau,Hollabrunn/Korneuburg-north,350000,ab / Neubau-Projekt,127.0,175.0,5,,,,Luftwärmepumpe,Air-source heat pump,Luftwärmepumpe · also Photovoltaik,True,True,,False,False,False,Erstbezug Neubau; Dachterrasse + Eigengarten,,,,,32,osrm_free_flow,77,vao_hafas_weekday_100000_best_of_4,48.461514,16.275982,listing,https://www.willhaben.at/iad/immobilien/d/haus-kaufen/niederoesterreich/korneuburg/leistbares-eigentum-fuer-junge-familien-modern-neu-mit-dachterrasse-und-eigenem-garten-nur-wenige-minuten-nach-stockerau-bzw-korneuburg-oder-wien-801196036/,,Stockerau-area 2026-09-24. Best under-budget Neubau RH near Stockerau (€350k / 127 m² / 5 Zi). Stressless Immobilien.,2026-09-28,active,2026-09-24,2026-10-10,,,,,,seen,makler,ISPRIVATE=0; STRESSLESS Immobilien GmbH; Provision:3% des Kaufpreises zzgl. 20% USt.,STRESSLESS Immobilien GmbH,2755.91,6.1,3.6,12250,3850,5250,12600,33950,383950,,nicht angegeben,schluesselfertig,igstellung Ende 2027. Reihenhäuser ab EUR 350.000 schlüsselfertig! Die Häuser der ersten Reihe bieten rund 127-128 m² W…,listing_text,img/ST3.jpg,archive/ST3.html,2026-09-26,2026-09-24,71,Worth a look,"{""cost"":44.5,""pt"":9.0,""drive"":6.6,""living"":4.9,""garden"":0.0,""storage"":2,""room5"":4,""sauna"":0,""penalty"":0}",True,Possible fit (71/100): Low overall cost (est. €384k–€394k incl. renovation); 5 rooms: one spare for guests/office; Little garden (est. ~98 m²).,Low overall cost (est. €384k–€394k incl. renovation) | 5 rooms: one spare for guests/office | Some storage (no cellar named),Little garden (est. ~98 m²),Negotiate on price; check BK and heating bills,0,10000,383950,393950,283,"Est. ~€283/month: BK €150 (assumed, not in listing) + heating ~€133 (HWB 180 assumed, Air-source heat pump). Estimate.",storage,98,2026-10-10,turnkey: minor works only
ST4,Teilschlüsselfertiges Familieneigentum Senning (Nähe Stockerau),shortlist,29,EFH,Senning,2011,Sierndorf / Bezirk Korneuburg; Nähe Stockerau,Hollabrunn/Korneuburg-north,397500,Letzte Einheit,118.0,775.0,4,2023,B,41.7,Fußbodenheizung,Air-source heat pump,Luftwärmepumpe,True,True,,False,False,False,Teil-schlüsselfertig; Außenanlagen fertig; Garten ~172 m² ausgewiesen,,,,,31,osrm_free_flow,79,vao_hafas_weekday_100000_best_of_5,48.45919,16.209724,listing,https://www.willhaben.at/iad/immobilien/d/haus-kaufen/niederoesterreich/korneuburg/naehe-stockerau-letzte-einheit-teilschluesselfertiges-familieneigentum-in-bester-lage-zu-fairem-preis-922892428/,,Stockerau-area 2026-09-24. Strong Neubau under budget with large plot (775 m²). Alpenvorland Immotreuhand. Link-check 2026-09-24: FALSE POSITIVE sold (page says 'Haus 2 ist verkauft' for sibling unit; listing still live — left active).,2026-09-28,active,2026-09-24,2026-10-10,,,,,,seen,makler,ISPRIVATE=0; Alpenvorland Immotreuhand GmbH; Provision:3% des Kaufpreises zzgl. 20% USt.,Alpenvorland Immotreuhand GmbH,3368.64,6.1,3.6,13913,4372,5962,14310,38557,436058,,nicht angegeben,schluesselfertig,"Nähe Stockerau: Letzte Einheit-Teilschlüsselfertiges Familieneigentum in bester Lage zu fairem Preis., 118 m², € 397.50…",listing_text,img/ST4.jpg,archive/ST4.html,2026-09-26,2026-09-24,67,Worth a look,"{""cost"":38.2,""pt"":8.5,""drive"":6.9,""living"":3.7,""garden"":10.0,""storage"":0,""room5"":0,""sauna"":0,""penalty"":0}",True,Possible fit (67/100): Low overall cost (est. €436k–€446k incl. renovation); 4 rooms: meets the parents/boys/girls need; Cellar unknown.,Low overall cost (est. €436k–€446k incl. renovation) | 4 rooms: meets the parents/boys/girls need | Large garden (est. ~704 m²),Cellar unknown,"Big plot: room for play area, garden shed or extension",0,10000,436058,446058,179,"Est. ~€179/month: BK €150 (assumed, not in listing) + heating ~€29 (HWB 42, Air-source heat pump). Estimate.",unknown,704,2026-10-10,turnkey: minor works only
ST5,Getrennt und doch gemeinsam — EFH 2016 (Unterzögersdorf),shortlist,30,EFH,Unterzögersdorf,2000,Stockerau / Bezirk Korneuburg,Stockerau/Korneuburg,419920,,125.32,,,2016,,35.3,Etagenheizung,Gas,Gasheizung,True,True,2 Parkplätze inkl.,False,False,False,Flexible 2-Bereich-Aufteilung; Eigengrund (nicht RH); Garten ~84 m²; HWB 35.3 / FGEE B,,,,,23,osrm_free_flow,59,vao_hafas_weekday_100000_best_of_5,48.389256,16.184156,listing,https://www.willhaben.at/iad/immobilien/d/haus-kaufen/niederoesterreich/korneuburg/getrennt-und-doch-gemeinsam-1420083747/,,Stockerau 2026-09-24. Modern 2016 EFH on Eigengrund; flexible multi-gen layout under budget. Wertimmobilien.,2026-09-28,active,2026-09-24,2026-10-10,,,,,,seen,makler,ISPRIVATE=0; Wertimmobilien Consulting KG - Verwaltung; Provision:3% des Kaufpreises zzgl. 20% USt.,Wertimmobilien Consulting KG - Verwaltung,3350.78,6.1,3.6,14697,4619,6299,15117,40732,460652,,nicht angegeben,unknown,no finish keywords found,listing_text,img/ST5.jpg,archive/ST5.html,2026-09-26,2026-09-24,54,Not recommended,"{""cost"":33.5,""pt"":13.9,""drive"":9.1,""living"":4.7,""garden"":1.0,""storage"":0,""room5"":0,""sauna"":0,""penalty"":-8}",,Weak fit (54/100): Low overall cost (est. €461k–€476k incl. renovation); Good public transport to the 8th district (59 min); Room count unknown — check before viewing.,Low overall cost (est. €461k–€476k incl. renovation) | Good public transport to the 8th district (59 min) | Short drive to the 21st district (23 min),Room count unknown — check before viewing | Garden size unknown | Cellar unknown,Negotiate on price; check BK and heating bills,0,15000,460652,475652,194,"Est. ~€194/month: BK €150 (assumed, not in listing) + heating ~€44 (HWB 35, Gas). Estimate.",unknown,,2026-10-10,recent/efficient: €0–15k
ST6,PROVISIONSFREI Sonnige DHH (Langenzersdorf) — Bezug Q1 2027,shortlist,31,DHH,Langenzersdorf,2103,Bezirk Korneuburg; Bisamberg / Wien-Nord corridor,Stockerau/Korneuburg,450000,Provisionsfrei; Baustart erfolgt; Bezug Q1 2027,120.66,,4,,,,Fußbodenheizung,Air-source heat pump,Luftwärmepumpe,True,True,,False,False,False,Neubau DHH; ~170 m² Garten (Titel); buyer provisionsfrei,,,,,10,osrm_free_flow_listing_coords,49,vao_hafas_weekday_100000_best_of_5,48.31276,16.349321,listing_coords,https://www.willhaben.at/iad/immobilien/d/haus-kaufen/niederoesterreich/korneuburg/provisionsfrei-sonnige-doppelhaushaelfte-mit-ca-120-m-und-170-m-garten-baustart-erfolgt-bezug-q1-2027-839127772/,https://www.willhaben.at/iad/immobilien/d/haus-kaufen/niederoesterreich/korneuburg/provisionsfrei-sonnige-doppelhaushaelfte-mit-ca-120-m-und-170-m-garten-baustart-erfolgt-bezug-q1-2027-1822496971/,Stockerau-region comps 2026-09-24. At €450k ceiling but provisionsfrei → lower all-in. Merlin Real Estate. Closer to Wien-Nord than Stockerau core.; Evening 2026-10-02: willhaben republished under adid 839127772 (old 1822496971 expired); same €450k / 120.66 m² / Garten ~170 m² / coords / Merlin Real Estate; still provisionsfrei Bezug Q1 2027.,2026-09-28,active,2026-09-24,2026-10-10,,,,,,seen|url_refresh,private,ISPRIVATE=0 agency listing but PROVISIONSFREI → private for buyer fees; Merlin Real Estate Group GmbH,Merlin Real Estate Group GmbH,3729.49,6.1,0.0,15750,4950,6750,0,27450,477450,,nicht angegeben,belagsfertig,"Übergabe belagsfertig, schlüsselfertig gegen Aufpreis möglich Das Haus",listing_text,img/ST6.jpg,archive/ST6.html,2026-09-26,2026-09-24,56,Worth a look,"{""cost"":23.6,""pt"":15.0,""drive"":10.0,""living"":4.1,""garden"":1.0,""storage"":2,""room5"":0,""sauna"":0,""penalty"":0}",True,Possible fit (56/100): Good public transport to the 8th district (49 min); Short drive to the 21st district (10 min); Garden size unknown.,Good public transport to the 8th district (49 min) | Short drive to the 21st district (10 min) | 4 rooms: meets the parents/boys/girls need | Some storage (no cellar named),Garden size unknown,Private seller: no buyer commission | Choose own floors/finishes,30000,55000,507450,532450,277,"Est. ~€277/month: BK €150 (assumed, not in listing) + heating ~€127 (HWB 180 assumed, Air-source heat pump). Estimate.",storage,,2026-10-10,"belagsfertig: floors, doors, painting, fittings at €250–450/m²"
ST7,Familienfreundliche DHH mit Garten (Stockerau),honourable,,DHH,Stockerau,2000,Bezirk Korneuburg,Stockerau/Korneuburg,420000,,90.0,160.0,4,2008,C,56.0,Zentralheizung,Gas,Gas-Zentralheizung; Gasheizung,True,True,,False,False,False,Garten ~55 m² + Terrasse 15 m²; solid but living on the small side for family,,,,,20,osrm_free_flow,60,vao_hafas_weekday_100000_best_of_5,48.388405,16.227736,listing,https://www.willhaben.at/iad/immobilien/d/haus-kaufen/niederoesterreich/korneuburg/familienfreundliche-doppelhaushaelfte-mit-garten-terrasse-guter-infrastruktur-in-stockerau-1086595971/,,Stockerau 2026-09-24. Under budget but only 90 m² — HM vs shortlist. Immo-Company Haas & Urban.,2026-09-28,active,2026-09-24,2026-10-10,,,,,,seen,makler,ISPRIVATE=0; Immo-Company Haas & Urban Immobilien GmbH; Provision:3% des Kaufpreises zzgl. 20% USt.,Immo-Company Haas & Urban Immobilien GmbH,4666.67,6.1,3.6,14700,4620,6300,15120,40740,460740,100.0,willhaben MONTHCOSTS_GROSS=100,unknown,no finish keywords found,listing_text,img/ST7.jpg,archive/ST7.html,2026-09-26,2026-09-24,62,Worth a look,"{""cost"":33.6,""pt"":13.6,""drive"":10.0,""living"":0.0,""garden"":0.1,""storage"":5,""room5"":0,""sauna"":0,""penalty"":0}",True,Possible fit (62/100): Low overall cost (est. €466k–€481k incl. renovation); Good public transport to the 8th district (60 min); Small living area (90 m²).,Low overall cost (est. €466k–€481k incl. renovation) | Good public transport to the 8th district (60 min) | Short drive to the 21st district (20 min) | 4 rooms: meets the parents/boys/girls need | Cellar mentioned,Small living area (90 m²) | Little garden (est. ~106 m²),Cellar could take an office/hobby room,5000,20000,465740,480740,150,"Est. ~€150/month: BK €100 (listing) + heating ~€50 (HWB 56, Gas). Estimate.",yes,106,2026-10-10,1990–2009 or HWB C: refresh €80–250/m²
ST8,Liebevolles Stadthaus mit Garten (Stockerau),honourable,,EFH,Stockerau,2000,Bezirk Korneuburg,Stockerau/Korneuburg,395000,,87.3,537.0,3,,G,392.0,Sonstige,Gas,Gaszentralheizung; Gasheizung,True,True,,False,False,False,Gepflegt mit Laube; living small (87 m²) / energy G; great infrastructure & Bahn,,,,,21,osrm_free_flow,55,vao_hafas_weekday_100000_best_of_5,48.3846124,16.2076303,town_centroid_nominatim,https://www.willhaben.at/iad/immobilien/d/haus-kaufen/niederoesterreich/korneuburg/liebevolles-stadthaus-mit-herrlichem-ruhigen-garten-samt-laube-und-bester-infrastruktur-der-stadt-stockerau-1975420559/,,Stockerau 2026-09-24. Charm + plot but only ~87 m² / 3 Zi — HM. Raiffeisen Immobilien. Morning 2026-10-01: willhaben adid 1975420559 expired (fromExpiredAdId); no republish twin found in Korneuburg/Stockerau searches (€390–400k band + Stadthaus keyword).,2026-09-28,disappeared,2026-09-24,2026-09-30,2026-10-01,,,,,disappeared,makler,ISPRIVATE=0; Raiffeisen Immobilien Vermittlung Ges.m.b.H; Provision:3% des Kaufpreises plus 20% USt.,Raiffeisen Immobilien Vermittlung Ges.m.b.H,4524.63,6.1,3.6,13825,4345,5925,14220,38315,433315,,nicht angegeben,unknown,no finish keywords found,listing_text,img/ST8.jpg,archive/ST8.html,2026-09-26,2026-09-24,,,,,,,,,,,,,,,,,,
ST9,EFH ruhige Lage Josef Ressel-Gasse (Stockerau) — sanierungsbedürftig,honourable,,EFH,Stockerau,2000,Bezirk Korneuburg,Stockerau/Korneuburg,449000,,110.0,627.0,4,1962,,,Gas ZH,Gas,Gas ZH; Gaszentralheizung; Gasheizung,True,True,,False,False,False,Sanierungsbedürftig; EG ~80 + OG ~30 m² Wohnnutzfläche; Eckgrundstück 627 m²,,,,,21,osrm_free_flow,62,vao_hafas_weekday_100000_best_of_5,48.38275,16.227732,listing,https://www.willhaben.at/iad/immobilien/d/haus-kaufen/niederoesterreich/korneuburg/einfamilienhaus-in-sehr-ruhiger-lage-von-stockerau-1782063897/,,Stockerau 2026-09-24. Reno project near budget ceiling; solid plot. Fortuna Real. Living ~110 m² from body (EG+OG).,2026-09-28,active,2026-09-24,2026-10-10,,,,,,seen,makler,ISPRIVATE=0; Fortuna Real GmbH & Co KG; Provision:16.164 EUR inkl. 20% USt (=3%+USt),Fortuna Real GmbH & Co KG,4081.82,6.1,3.6,15715,4939,6735,16164,43553,492553,,nicht angegeben,sanierungsbedarf,Zustand Sanierungsbedürftig Grundfläche 627 m² Zimmer 4 Verfügbar Kaufvetrag…,listing_text,img/ST9.jpg,archive/ST9.html,2026-09-26,2026-09-24,53,Not recommended,"{""cost"":13.4,""pt"":13.1,""drive"":9.7,""living"":2.7,""garden"":9.2,""storage"":5,""room5"":0,""sauna"":0,""penalty"":0}",True,Weak fit (53/100): Good public transport to the 8th district (62 min); Short drive to the 21st district (21 min).,Good public transport to the 8th district (62 min) | Short drive to the 21st district (21 min) | 4 rooms: meets the parents/boys/girls need | Large garden (est. ~561 m²) | Cellar mentioned,,"Renovate to own taste; NÖ/federal renovation subsidies (e.g. Sanierungsbonus, heating replacement) may reduce cost | Cellar could take an office/hobby room",55000,110000,547553,602553,348,"Est. ~€348/month: BK €150 (assumed, not in listing) + heating ~€198 (HWB 180 assumed, Gas). Estimate.",yes,561,2026-10-10,"renovation needed: €500–1,000/m²"
ST10,EFH mit Potenzial und großem Garten (Stockerau),honourable,,EFH,Stockerau,2000,Bezirk Korneuburg,Stockerau/Korneuburg,445000,,117.0,863.0,4,1923,G,368.2,Zentralheizung,Gas,Gasheizung,True,True,,False,False,False,Sanierungsbedürftig Altbau BJ1923; Wohnen auf einer Ebene; Garten ~668 m²,,,,,23,osrm_free_flow,67,vao_hafas_weekday_100000_best_of_6,48.394424,16.218172,listing,https://www.willhaben.at/iad/immobilien/d/haus-kaufen/niederoesterreich/korneuburg/einfamilienhaus-mit-potenzial-und-grossem-garten-1567003742/,,Stockerau 2026-09-24. Large plot reno under/near budget. s REAL / Korneuburg branch.,2026-09-28,active,2026-09-24,2026-10-10,,,,,,seen,makler,ISPRIVATE=0; Korneuburg (Termine nach Vereinbarung); Provision:3% des Kaufpreises zzgl. 20% USt.,Korneuburg (Termine nach Vereinbarung),3803.42,6.1,3.6,15575,4895,6675,16020,43165,488165,,nicht angegeben,sanierungsbedarf,Zustand Sanierungsbedürftig Grundfläche 863 m² Zimmer 4 Verfügbar ab sofort H…,listing_text,img/ST10.jpg,archive/ST10.html,2026-09-26,2026-09-24,43,Not recommended,"{""cost"":3.2,""pt"":11.7,""drive"":9.1,""living"":3.6,""garden"":10.0,""storage"":5,""room5"":0,""sauna"":0,""penalty"":0}",True,Weak fit (43/100): Short drive to the 21st district (23 min); 4 rooms: meets the parents/boys/girls need; High overall cost (est. €568k–€653k incl. renovation).,Short drive to the 21st district (23 min) | 4 rooms: meets the parents/boys/girls need | Large garden (est. ~792 m²) | Cellar mentioned,High overall cost (est. €568k–€653k incl. renovation),"Renovate to own taste; NÖ/federal renovation subsidies (e.g. Sanierungsbonus, heating replacement) may reduce cost | Big plot: room for play area, garden shed or extension | Cellar could take an office/hobby room",80000,165000,568165,653165,581,"Est. ~€581/month: BK €150 (assumed, not in listing) + heating ~€431 (HWB 368, Gas). Estimate.",yes,792,2026-10-10,"renovation needed, heavy (old/poor energy/complete): €700–1,400/m²"
ST11,4-Zi EFH Rohbau mit Garage (Sierndorf),honourable,,EFH,Sierndorf,2011,Bezirk Korneuburg; Nähe Stockerau,Hollabrunn/Korneuburg-north,360000,Ist-Zustand Rohbau; Fertigstellung extra,132.89,542.0,4,2023,C,59.7,Fußbodenheizung,Air-source heat pump,Luftwärmepumpe · also Holzofen,True,True,Garage,True,False,False,Rohbau; barrierefrei geplant; buyer finishes interior — budget cushion needed,,,,,25,osrm_free_flow,86,vao_hafas_weekday_100000_best_of_5,48.434982,16.155275,listing,https://www.willhaben.at/iad/immobilien/d/haus-kaufen/niederoesterreich/korneuburg/bungalow-mit-garage-im-rohbauzustand-nach-ihren-ideen-fertigstellen-1085447545/,https://www.willhaben.at/iad/immobilien/d/haus-kaufen/niederoesterreich/korneuburg/grosszuegiges-4-zimmer-einfamilienhaus-mit-garage-im-rohbauzustand-1974636053/,Stockerau-area 2026-09-24. Attractive shell price but finish costs on top. Schlager Real Estate.; Morning 2026-09-26: willhaben republished under adid 1974636053 (old 915628538 expired fromExpiredAdId). Morning 2026-09-27: willhaben republished again under adid 1085447545 (1974636053 expired fromExpiredAdId); now via Raiffeisen Immobilien (was Schlager); still €360k / ~133 m² Rohbau Sierndorf.,2026-09-28,active,2026-09-24,2026-10-10,,,,,,seen|url_refresh,makler,ISPRIVATE=0; Schlager Real Estate GmbH; Provision:3% des Kaufpreises zzgl. 20% USt.; 2026-09-27 Raiffeisen listing,Raiffeisen Immobilien Vermittlung Ges.m.b.H,2709.01,6.1,3.6,12600,3960,5400,12960,34920,394920,,nicht angegeben,rohbaufertig,Rohbau in Sierndorf. Bitte beachten Sie bei Anfragen Ihre Telefonn…,listing_text,img/ST11.jpg,archive/ST11.html,2026-09-26,2026-09-24,46,Not recommended,"{""cost"":15.5,""pt"":6.5,""drive"":8.6,""living"":5.7,""garden"":7.2,""storage"":2,""room5"":0,""sauna"":0,""penalty"":0}",True,Weak fit (46/100): Short drive to the 21st district (25 min); 4 rooms: meets the parents/boys/girls need; Rohbau: large completion cost and time.,Short drive to the 21st district (25 min) | 4 rooms: meets the parents/boys/girls need | Large garden (est. ~462 m²) | Some storage (no cellar named),Rohbau: large completion cost and time,"Renovate to own taste; NÖ/federal renovation subsidies (e.g. Sanierungsbonus, heating replacement) may reduce cost",145000,225000,539920,619920,196,"Est. ~€196/month: BK €150 (assumed, not in listing) + heating ~€46 (HWB 60, Air-source heat pump). Estimate.",storage,462,2026-10-10,"Rohbau: interior completion at €1,100–1,700/m²"
ST12,„Perfektes Haus für große und kleine Familie!“ (Korneuburg),honourable,,EFH,Korneuburg,2100,Bezirk Korneuburg,Stockerau/Korneuburg,399000,DAVE Angebotsverfahren,120.0,610.0,5,1960,G,237.4,Etagenheizung,Gas,Gasheizung,True,True,,False,False,False,Sanierungsbedürftig; Nutzfläche ~230 m² ausgewiesen; DAVE pricing,,,,,16,osrm_free_flow,56,vao_hafas_weekday_100000_best_of_5,48.350094,16.327637,listing,https://www.willhaben.at/iad/immobilien/d/haus-kaufen/niederoesterreich/korneuburg/-perfektes-haus-fuer-grosse-und-kleine-familie-1553259853/,,Stockerau-region 2026-09-24. Korneuburg reno under budget; DAVE. RE/MAX Wien Donaustadt.,2026-09-28,active,2026-09-24,2026-10-10,,,,,,seen,makler,ISPRIVATE=0; REMAX Wien Donaustadt; Provision:3% des Kaufpreises zzgl. 20% USt.,REMAX Wien Donaustadt,3325.0,6.1,3.6,13965,4389,5985,14364,38703,437703,,nicht angegeben,sanierungsbedarf,Zustand Sanierungsbedürftig Wohnfläche 120 m² Grundfläche 610 m² Zimmer 5 Nut…,listing_text,img/ST12.jpg,archive/ST12.html,2026-09-26,2026-09-24,60,Worth a look,"{""cost"":13.3,""pt"":14.7,""drive"":10.0,""living"":4.0,""garden"":8.8,""storage"":5,""room5"":4,""sauna"":0,""penalty"":0}",True,Possible fit (60/100): Good public transport to the 8th district (56 min); Short drive to the 21st district (16 min).,Good public transport to the 8th district (56 min) | Short drive to the 21st district (16 min) | 5 rooms: one spare for guests/office | Large garden (est. ~538 m²) | Cellar mentioned,,"Renovate to own taste; NÖ/federal renovation subsidies (e.g. Sanierungsbonus, heating replacement) may reduce cost",85000,170000,522703,607703,435,"Est. ~€435/month: BK €150 (assumed, not in listing) + heating ~€285 (HWB 237, Gas). Estimate.",yes,538,2026-10-10,"renovation needed, heavy (old/poor energy/complete): €700–1,400/m²"
ST13,Niederhollabrunn IB — Reihenhaus RH 4 (GEDESAG),honourable,,RH,Niederhollabrunn,2004,Bezirk Korneuburg; Nähe Stockerau,Hollabrunn/Korneuburg-north,370625,Kaufpreis nach nicht rückzahlbarem Zuschuss; Gesamtkaufpreis €517k vor Zuschuss,116.79,,5,,,,,Air-source heat pump,Luft/Wasser-Wärmepumpe,True,True,,False,False,False,Gemeinnützig/GEDESAG; Garten ~73 m²; eligibility / Einkommensgrenzen likely apply,,,,,32,osrm_free_flow,76,vao_hafas_weekday_100000_best_of_5,48.449149,16.3003618,town_centroid_nominatim,https://www.willhaben.at/iad/immobilien/d/haus-kaufen/niederoesterreich/korneuburg/niederhollabrunn-ib-rh-4-1917455694/,,Stockerau-area 2026-09-24. Representative GEDESAG RH unit (~€371k after Zuschuss). Check gemeinnützig eligibility before pursuit. Multiple sister units exist.,2026-09-28,active,2026-09-24,2026-10-10,,,,,,seen,makler,ISPRIVATE=0; GEDESAG; gemeinnützig — buyer fee regime may differ; treated as makler pending confirm,GEDESAG - Gemeinnützige Donau-Ennstaler Siedlungs-Aktiengesellschaft,3173.43,6.1,3.6,12972,4077,5559,13343,35951,406576,,nicht angegeben,unknown,no finish keywords found,listing_text,img/ST13.jpg,archive/ST13.html,2026-09-26,2026-09-24,60,Worth a look,"{""cost"":35.5,""pt"":9.3,""drive"":6.6,""living"":3.6,""garden"":1.0,""storage"":0,""room5"":4,""sauna"":0,""penalty"":0}",True,Possible fit (60/100): Low overall cost (est. €427k–€467k incl. renovation); 5 rooms: one spare for guests/office; Garden size unknown.,Low overall cost (est. €427k–€467k incl. renovation) | 5 rooms: one spare for guests/office,Garden size unknown | Cellar unknown,Negotiate on price; check BK and heating bills,20000,60000,426576,466576,273,"Est. ~€273/month: BK €150 (assumed, not in listing) + heating ~€123 (HWB 180 assumed, Air-source heat pump). Estimate.",unknown,,2026-10-10,condition unknown: €150–500/m²
ST14,Charmantes 7-Zi EFH mit großem Garten (Stetten / Korneuburg),over_budget,,EFH,Stetten,2100,Bezirk Korneuburg,Stockerau/Korneuburg,499000,,230.0,960.0,7,1960,F,183.2,Zentralheizung,Oil + Wood,Ölheizung; Kachelofen,True,True,,False,False,False,Technisch guter Zustand laut Inserat; laufende Sanierungen; size monster,,,,,23,osrm_free_flow,76,vao_hafas_weekday_100000_best_of_6,48.360176,16.373278,listing,https://www.willhaben.at/iad/immobilien/d/haus-kaufen/niederoesterreich/korneuburg/charmantes-7-zimmer-einfamilienhaus-mit-grossem-garten-1754741280/,,Stockerau-region 2026-09-24. €49k over budget but 230 m² / 960 m² plot — noteworthy OB size hit. s REAL Korneuburg.,2026-09-28,active,2026-09-24,2026-10-10,,,,,,seen,makler,ISPRIVATE=0; Korneuburg (Termine nach Vereinbarung); Provision:3% des Kaufpreises zzgl. 20% USt.,Korneuburg (Termine nach Vereinbarung),2169.57,6.1,3.6,17465,5489,7485,17964,48403,547403,,nicht angegeben,unknown,no finish keywords found,listing_text,img/ST14.jpg,archive/ST14.html,2026-09-26,2026-09-24,45,Not recommended,"{""cost"":0.0,""pt"":9.3,""drive"":9.1,""living"":8.0,""garden"":10.0,""storage"":5,""room5"":4,""sauna"":0,""penalty"":0}",True,Weak fit (45/100): Short drive to the 21st district (23 min); 7 rooms: one spare for guests/office; High overall cost (est. €667k–€777k incl. renovation).,Short drive to the 21st district (23 min) | 7 rooms: one spare for guests/office | Spacious (230 m² living) | Large garden (est. ~822 m²) | Cellar mentioned,High overall cost (est. €667k–€777k incl. renovation) | Oil heating: replacement expected,"Renovate to own taste; NÖ/federal renovation subsidies (e.g. Sanierungsbonus, heating replacement) may reduce cost | Big plot: room for play area, garden shed or extension",120000,230000,667403,777403,571,"Est. ~€571/month: BK €150 (assumed, not in listing) + heating ~€421 (HWB 183, Oil + Wood). Estimate.",yes,822,2026-10-10,pre-1970 or HWB F/G: substantial renovation €450–900/m²; + €15–25k oil-heating replacement
HM13,Aussichtsreich! Bungalow auf Anhöhe (Altenberg),honourable,,EFH,Altenberg,3422,Bezirk Tulln / St. Andrä-Wördern,Tulln area,200000,,100.0,1487.0,,~1920s (100+ Jahre),G,288.2,Gasheizung,Gas,Gasheizung,True,True,Garage,True,False,False,Altbau 100+ Jahre; Adaptierungsarbeiten empfohlen; Terrasse+Wintergarten,,,,,32,osrm_free_flow,76,vao_hafas_weekday_100000_best_of_6,48.34542,16.256067,listing,https://www.willhaben.at/iad/immobilien/d/haus-kaufen/niederoesterreich/tulln/aussichtsreich-1717581582/,,"Evening 2026-09-24 NEW. Altenberg bungalow €200k / 100 m² on huge 1,487 m² plot; near Altenberg Bahnhof. Energy G. Honourable — small living for family but land+price cushion.",2026-09-28,active,2026-09-24,2026-10-10,,,,,,seen,makler,ISPRIVATE=0; REMAX Magic; Provision:3% + 20% USt,REMAX Magic Doris Deutsch Immobilien GmbH,2000.0,6.1,3.6,7000,2200,3000,7200,19400,219400,,nicht angegeben (willhaben detail),unknown,no finish keywords found,listing_text,img/HM13.jpg,archive/HM13.html,2026-09-26,2026-09-24,69,Worth a look,"{""cost"":45.0,""pt"":9.3,""drive"":6.6,""living"":1.3,""garden"":10.0,""storage"":5,""room5"":0,""sauna"":0,""penalty"":-8}",,Possible fit (69/100): Low overall cost (est. €264k–€309k incl. renovation); Large garden (est. ~1427 m²); Room count unknown — check before viewing.,Low overall cost (est. €264k–€309k incl. renovation) | Large garden (est. ~1427 m²) | Cellar mentioned,Room count unknown — check before viewing,"Big plot: room for play area, garden shed or extension",45000,90000,264400,309400,438,"Est. ~€438/month: BK €150 (assumed, not in listing) + heating ~€288 (HWB 288, Gas). Estimate.",yes,1427,2026-10-10,pre-1970 or HWB F/G: substantial renovation €450–900/m²
SA6,Dornröschen am Riederberg — EFH mit Sauna & Pool,sauna,,EFH,Ried am Riederberg,3004,Bezirk Tulln / Sieghartskirchen,Tulln area,457000,~€7k over €450k budget,292.0,820.0,,1973,G,253.0,Zentralheizung,Gas,Gasheizung; Gaskessel · also feste Brennstoffe,True,True,Garage,True,True,True,1973 Ziegelmassiv; Sanierungs-/Modernisierungsbedarf (Dornröschen); uneinsehbar Wienerwald-Rand,,,,,40,osrm_free_flow,76,vao_hafas_weekday_100000_best_of_6,48.25531,16.0712186,town_centroid_nominatim,https://www.willhaben.at/iad/immobilien/d/haus-kaufen/niederoesterreich/tulln/-doernroeschen-im-wienerwald-erwecken-natur-pur-wie-im-maerchen-1167923865/,,Evening 2026-09-24 NEW. Sauna+pool hook; ~292 m² Wohnfläche / ~820 m² plot (willhaben attr showed 192/292 — body text used). BK €110/Mo. Slightly over budget.,2026-09-28,active,2026-09-24,2026-10-10,,,,,,seen,makler,ISPRIVATE=0; Immobilien Tulln KHG GmbH; Provision:3% zzgl. gesetzliche MwSt,Immobilien Tulln KHG GmbH,1565.07,6.1,3.6,15995,5027,6855,16452,44329,501329,110.0,src: ESTATE_PRICE/MONTHCOSTS_GROSS=110,sanierungsbedarf,1973 Ziegelmassiv; Sanierungs-/Modernisierungsbedarf (Dornröschen); uneinsehbar Wienerwald-Rand,listing_text,img/SA6.jpg,archive/SA6.html,2026-09-26,2026-09-24,32,Not recommended,"{""cost"":0.0,""pt"":9.3,""drive"":4.3,""living"":8.0,""garden"":10.0,""storage"":5,""room5"":0,""sauna"":3,""penalty"":-8}",,Weak fit (32/100): Spacious (292 m² living); Large garden (est. ~644 m²); High overall cost (est. €706k–€911k incl. renovation).,Spacious (292 m² living) | Large garden (est. ~644 m²) | Cellar mentioned | Sauna,High overall cost (est. €706k–€911k incl. renovation) | Room count unknown — check before viewing,"Renovate to own taste; NÖ/federal renovation subsidies (e.g. Sanierungsbonus, heating replacement) may reduce cost | Big plot: room for play area, garden shed or extension",205000,410000,706329,911329,849,"Est. ~€849/month: BK €110 (listing) + heating ~€739 (HWB 253, Gas). Estimate.",yes,644,2026-10-10,"renovation needed, heavy (old/poor energy/complete): €700–1,400/m²"
HM14,EFH renovierungsbedürftig mit 843 m² Grundstück (Würmla) — NEUER PREIS,honourable,,EFH,Würmla,3042,Bezirk Tulln / Nähe Neulengbach,Tulln area,239000,,80.06,843.0,4,1972,G,390.9,Zentralheizung,Air-source heat pump + Wood,Luftwärmepumpe; Heizungsart: HOLZ · also Festbrennstoffanlage; Festbrennstoffe,True,True,,False,False,False,Renovierungsbedürftig; BJ 1972; ausbaufähig; sonniges Grundstück 843 m²,,,,,61,osrm_free_flow,106,vao_hafas_weekday_100000_best_of_5_town_centroid,48.242207,15.849767,listing,https://www.willhaben.at/iad/immobilien/d/haus-kaufen/niederoesterreich/tulln/neuer-preis-bungalow-mit-sonnigem-garten-naehe-neulengbach-945748127/,https://www.willhaben.at/iad/immobilien/d/haus-kaufen/niederoesterreich/tulln/einfamilienhaus-mit-viel-potenzial-naehe-neulengbach-1839705929/,Morning 2026-09-25 NEW (republished overnight; old adid 1839705929 expired). Würmla EFH €259k / ~80 m² on 843 m² plot near Neulengbach; BJ 1972 Energy G. Honourable — under budget with land cushion but small living + Sanierungsbedarf. Not shortlist. Evening 2026-09-25: price drop €259k→€239k (−€20k); listing retitled „NEUER PREIS!“.,2026-09-28,active,2026-09-25,2026-10-10,,259000,2026-09-25,-20000,"[{""price_eur"":259000,""at"":""2026-09-25""},{""price_eur"":239000,""at"":""2026-09-25""}]",price_drop|seen,makler,ISPRIVATE=0; Netmakler - Zuzana Rueff; Provision:3% des Kaufpreises zzgl. 20% USt.,Netmakler - Zuzana Rueff Immobilienvermittlung,2985.26,6.1,3.6,8365,2629,3585,8604,23183,262183,,nicht angegeben (willhaben detail); heating costs net €140 mentioned,sanierungsbedarf,renovierungsbedürftig; BJ 1972 ausbaufähig,listing_text,img/HM14.jpg,archive/HM14.html,2026-09-26,2026-09-25T06:19,58,Worth a look,"{""cost"":45.0,""pt"":1.1,""drive"":0.0,""living"":0.0,""garden"":10.0,""storage"":2,""room5"":0,""sauna"":0,""penalty"":0}",True,Possible fit (58/100): Low overall cost (est. €317k–€372k incl. renovation); 4 rooms: meets the parents/boys/girls need; Long public-transport commute to the 8th district (106 min).,Low overall cost (est. €317k–€372k incl. renovation) | 4 rooms: meets the parents/boys/girls need | Large garden (est. ~794 m²) | Some storage (no cellar named),Long public-transport commute to the 8th district (106 min) | Long drive to the 21st district (61 min) | Small living area (80 m²),"Price already cut by €20k: seller may negotiate | Renovate to own taste; NÖ/federal renovation subsidies (e.g. Sanierungsbonus, heating replacement) may reduce cost | Big plot: room for play area, garden shed or extension",55000,110000,317183,372183,333,"Est. ~€333/month: BK €150 (assumed, not in listing) + heating ~€183 (HWB 391, Air-source heat pump + Wood). Estimate.",storage,794,2026-10-10,"renovation needed, heavy (old/poor energy/complete): €700–1,400/m²"
OB15,Dornröschen-Bungalow Zentrumsnähe (Tulln) — Modernisierungspotenzial,over_budget,,EFH,Tulln an der Donau,3430,Bezirk Tulln,Tulln area,547000,,84.0,666.0,3,1969,,,Gas / Festbrennstoff (Fernwärme an Grundstücksgrenze),Gas + Wood,Gas / Fest; Basis von Gas; Festbrennstoff; festen Brennstoffen,True,True,,True,False,False,"Dornröschen / Modernisierungspotenzial; weitgehend Originalzustand, funktionsfähig/sofort verfügbar",,,,,32,osrm_free_flow,74,vao_hafas_weekday_100000_best_of_5,48.315166,16.067549,listing_coords,https://www.willhaben.at/iad/immobilien/d/haus-kaufen/niederoesterreich/tulln/-potential-gibts-allemal-bungalow-in-zentrumsnaehe-2020619729/,,"Evening 2026-09-25 NEW. Tulln bungalow €547k / 84 m² on 666 m² plot near centre (BJ ~1967/69). Solid massiv, dry Keller, garage; largely original → renovation budget needed. Over €450k budget → OB. Makler Immobilien Tulln KHG; BK ~€100–110/Mo; Provision 3%+USt.",2026-09-28,active,2026-09-25,2026-10-10,,,,,,seen,makler,ISPRIVATE=0; Immobilien Tulln KHG GmbH; Provision:3% zzgl. gesetzliche MwSt,Immobilien Tulln KHG GmbH,6511.9,6.1,3.6,19145,6017,8205,19692,53059,600059,110,listing ~€100 exkl. / €110 inkl. MwSt monatl.,sanierungsbedarf,Dornröschen / Modernisierungspotenzial; weitgehend Originalzustand seit ~1969,listing_text,img/OB15.jpg,archive/OB15.html,2026-09-26,2026-09-25T17:19,6,Not recommended,"{""cost"":0.0,""pt"":9.8,""drive"":6.6,""living"":0.0,""garden"":10.0,""storage"":5,""room5"":0,""sauna"":0,""penalty"":-25}",False,Weak fit (6/100): Large garden (est. ~615 m²); Cellar mentioned; High overall cost (est. €660k–€720k incl. renovation).,Large garden (est. ~615 m²) | Cellar mentioned,High overall cost (est. €660k–€720k incl. renovation) | Only 3 rooms — fails the 4-room need | Small living area (84 m²),"Renovate to own taste; NÖ/federal renovation subsidies (e.g. Sanierungsbonus, heating replacement) may reduce cost | Big plot: room for play area, garden shed or extension",60000,120000,660059,720059,261,"Est. ~€261/month: BK €110 (listing) + heating ~€151 (HWB 180 assumed, Gas + Wood). Estimate.",yes,615,2026-10-10,"renovation needed, heavy (old/poor energy/complete): €700–1,400/m²"
OB16,Familienhaus 155 m² ruhige Sackgasse (Kierling) — privat/provisionsfrei,over_budget,,EFH,Kierling,3400,Bezirk Tulln / Klosterneuburg,Tulln area,489000,,155.0,563.0,6,,E,175,Gasheizung,Gas,Gasheizung,True,True,,True,False,False,"Renovierungsbedürftig aber bewohnbar; Fenster 2009; Soforteinzug möglich, Modernisierung schrittweise",,,,,32,osrm_free_flow,57,vao_hafas_weekday_100000_best_of_5,48.3061,16.25491,listing_coords,https://www.willhaben.at/iad/immobilien/d/haus-kaufen/niederoesterreich/tulln/grosszuegiges-familienhaus-mit-155-m-in-ruhiger-sackgassenlage-1412486879/,,"Evening 2026-09-25 NEW. Kierling (Klosterneuburg) private sale €489k / 155 m² on 563 m², Address August Spanny Gasse 41. Renovierungsbedürftig but bewohnbar (used until recently). Energy E HWB 175. Provisionsfrei. Slightly over €450k → OB. Strong commute to Wien.",2026-09-28,active,2026-09-25,2026-10-10,,,,,,seen,private,ISPRIVATE=1; Provisionsfrei von privat – ohne Makler (KEINE!),,3154.84,6.1,0.0,17115,5379,7335,0,29829,518829,,nicht angegeben,sanierungsbedarf,Renovierungsbedürftig aber bewohnbar; Soforteinzug möglich,listing_text,img/OB16.jpg,archive/OB16.html,2026-09-26,2026-09-25T17:19,48,Not recommended,"{""cost"":2.1,""pt"":14.5,""drive"":6.6,""living"":8.0,""garden"":7.4,""storage"":5,""room5"":4,""sauna"":0,""penalty"":0}",True,Weak fit (48/100): Good public transport to the 8th district (57 min); 6 rooms: one spare for guests/office; High overall cost (est. €599k–€674k incl. renovation).,Good public transport to the 8th district (57 min) | 6 rooms: one spare for guests/office | Spacious (155 m² living) | Large garden (est. ~470 m²) | Cellar mentioned,High overall cost (est. €599k–€674k incl. renovation),"Private seller: no buyer commission | Renovate to own taste; NÖ/federal renovation subsidies (e.g. Sanierungsbonus, heating replacement) may reduce cost",80000,155000,598829,673829,421,"Est. ~€421/month: BK €150 (assumed, not in listing) + heating ~€271 (HWB 175, Gas). Estimate.",yes,470,2026-10-10,"renovation needed: €500–1,000/m²"
NEW28,Liegenschaft mit Altbestand — Sanierung oder Neubau (Judenau),honourable,,EFH,Judenau,3441,Bezirk Tulln / Judenau-Baumgarten,Tulln area,209000,,,629.0,,,,,,Unknown,no heating system named in the listing text,True,True,Stellplätze auf Eigengrund; Erdkeller-Parzelle,False,False,False,Sanierungsbedürftig Altbestand; Sanierung oder Neubau (auch DHH vorbehaltlich Bewilligung); historischer Erdkeller; voll aufgeschlossen,,,,,38,osrm_free_flow,64,vao_hafas_weekday_100000_best_of_7,48.286118,16.007936,listing_coords,https://www.willhaben.at/iad/immobilien/d/haus-kaufen/niederoesterreich/tulln/liegenschaft-mit-altbestand-sanierung-oder-neubau-moeglich-1537105162/,,"Morning 2026-09-27 NEW. Judenau-Baumgarten freehold Liegenschaft €209k on 629 m² (455 m² Bauland with Altbestand + 174 m² Erdkeller/Park). No living_m² disclosed — renovation or new-build EFH/DHH path. Honourable under-budget land+shell opportunity, not shortlist (unknown usable living / full reno or rebuild). Makler Bereswill; Doppelmakler.",2026-09-28,active,2026-09-27,2026-10-10,,,,,,seen,makler,ISPRIVATE=0; Bereswill Immobilien GmbH; Doppelmakler,Bereswill Immobilien GmbH,,6.1,3.6,7315,2299,3135,7524,20273,229273,,,sanierungsbedarf,Sanierungsbedürftig Altbestand; Sanierung oder Neubau möglich,listing_text,img/NEW28.jpg,archive/NEW28.html,2026-09-27,2026-09-27T06:31,68,Worth a look,"{""cost"":45.0,""pt"":12.5,""drive"":4.9,""living"":0.0,""garden"":9.1,""storage"":5,""room5"":0,""sauna"":0,""penalty"":-8}",,Possible fit (68/100): Low overall cost (est. €289k–€349k incl. renovation); Good public transport to the 8th district (64 min); Room count unknown — check before viewing.,Low overall cost (est. €289k–€349k incl. renovation) | Good public transport to the 8th district (64 min) | Large garden (est. ~557 m²) | Cellar mentioned,Room count unknown — check before viewing | Living area unknown,"Renovate to own taste; NÖ/federal renovation subsidies (e.g. Sanierungsbonus, heating replacement) may reduce cost",60000,120000,289273,349273,366,"Est. ~€366/month: BK €150 (assumed, not in listing) + heating ~€216 (HWB 180 assumed, Unknown). Estimate.",yes,557,2026-10-10,"renovation needed: €500–1,000/m²"
NEW29,Rohbau mit zwei bewilligten Planungsvarianten (Kierling),honourable,,EFH,Kierling,3400,Bezirk Tulln / Klosterneuburg-Kierling,Tulln area,249000,,177.0,550.0,5,,,,,Unknown,no heating system named in the listing text,True,True,überdachter Stellplatz / Garagenebene je nach Planungsvariante,False,False,False,Rohbau / begonnener Zu- und Umbau; zwei behördlich bewilligte Planungsvarianten (EFH+Stellplatz oder zwei Häuser H1/H2 mit Garagenebene); Verkauf im Bestand; Visualisierungen unverbindlich; Energieausweis nachgereicht,,,,,27,osrm_free_flow_listing_coords,52,vao_hafas_weekday_100000_best_of_5,48.306057,16.288237,listing_coords,https://www.willhaben.at/iad/immobilien/d/haus-kaufen/niederoesterreich/tulln/einfamilienhaus-im-rohbau-mit-zwei-bewilligten-planungsvarianten-1857176481/,https://www.willhaben.at/iad/immobilien/d/haus-kaufen/niederoesterreich/tulln/kierling-rohbau-mit-zwei-bewilligten-planungsvarianten-897178749/,"Evening 2026-09-27 NEW. Freehold Kauf Rohbau EFH Kierling €249k / 177 m² Wohn / 550 m² Grund / 5 Zi. Two approved planning variants (EFH+carport on Gst 1402/7 or twin houses with garage level on 1402/6). Finish cost on top — honourable under-budget shell, not shortlist/plug-and-play. Makler Atrium Global Investment; Doppelmakler; Provision €8.964 inkl. USt.; Morning 2026-10-02: willhaben republished under adid 1857176481 (old 897178749 disappeared 2026-09-28); still €249k / 177 m² / 550 m² Rohbau Kierling via Atrium Global Investment.",2026-09-28,active,2026-09-27,2026-10-10,,,,,,seen|url_refresh,makler,ISPRIVATE=0; ATRIUM GLOBAL INVESTMENT GmbH; Doppelmakler; familiäres/wirtschaftliches Naheverhältnis zum Eigentümer,ATRIUM GLOBAL INVESTMENT GmbH,1406.78,6.1,3.6,8715,2739,3735,8964,24153,273153,,,rohbaufertig,Rohbau / begonnener Zu- und Umbau; individuelle Fertigstellung; zwei bewilligte Varianten,listing_text,img/NEW29.jpg,archive/NEW29.html,2026-09-27,2026-09-27T17:21,64,Worth a look,"{""cost"":19.8,""pt"":15.0,""drive"":8.0,""living"":8.0,""garden"":6.9,""storage"":2,""room5"":4,""sauna"":0,""penalty"":0}",True,Possible fit (64/100): Good public transport to the 8th district (52 min); Short drive to the 21st district (27 min); Rohbau: large completion cost and time.,Good public transport to the 8th district (52 min) | Short drive to the 21st district (27 min) | 5 rooms: one spare for guests/office | Spacious (177 m² living) | Some storage (no cellar named),Rohbau: large completion cost and time,"Renovate to own taste; NÖ/federal renovation subsidies (e.g. Sanierungsbonus, heating replacement) may reduce cost",195000,300000,468153,573153,469,"Est. ~€469/month: BK €150 (assumed, not in listing) + heating ~€319 (HWB 180 assumed, Unknown). Estimate.",storage,443,2026-10-10,"Rohbau: interior completion at €1,100–1,700/m²"
NEW30,Neubau Doppelhaushälfte Ziegelmassiv provisionsfrei (Judenau),honourable,,DHH,Judenau,3441,Bezirk Tulln / Judenau-Baumgarten,Tulln area,439000,Provisionsfrei; Kauf vom Eigentümer; Baubewilligung pending,125.0,250.0,5,,,,Luftwärmepumpe / Fußbodenheizung,Air-source heat pump,Luftwärmepumpe · also Photovoltaik,True,True,2 Stellplätze ca. 25 m²,False,False,False,Neubau belagsfertig (schlüsselfertig optional); Planung noch nicht vollständig; Baubewilligung abwarten,,,,,37,osrm_free_flow,60,vao_hafas_weekday_100000_best_of_18,48.2842975,16.0095822,town_centroid_nominatim,https://www.willhaben.at/iad/immobilien/d/haus-kaufen/niederoesterreich/tulln/provisionsfrei-neubau-ziegelmassiv-5-zimmer-garten-terrasse-balkon-garage-judenau-2093541761/,,Morning 2026-09-28 NEW. Judenau freehold Neubau-DHH €439k / ~125–130 m² Wohn / 250 m² Grund / 5 Zi; private + provisionsfrei. Übergabe belagsfertig (schlüsselfertig optional). Planung nicht vollständig; Baubewilligung pending — honourable under-budget but not shortlist (finish choice + permit timing + small 250 m² plot). Drive ~37 min / PT ~60 min. Disappeared 2026-10-07 morning: willhaben adid 2093541761 → fromExpiredAdId; no republish found in Bezirk Tulln search (no ~€439k Judenau DHH ad).,2026-09-28,disappeared,2026-09-28,2026-10-06,2026-10-07,,,,,disappeared,private,ISPRIVATE=1; Provisionsfrei; Kauf vom Eigentümer,,3512.0,6.1,0.0,15365,4829,6585,0,26779,465779,,,belagsfertig,Übergabe belagsfertig; schlüsselfertige Ausführung optional möglich,listing_body,img/NEW30.jpg,archive/NEW30.html,2026-09-28,2026-09-28T06:32,,,,,,,,,,,,,,,,,,
NEW31,"Familienhaus mit Pool, Weinkeller & Ausbaupotenzial (Eggendorf)",honourable,,EFH,Eggendorf,3454,Bezirk Tulln / Sitzenberg-Reidling,Tulln area,368000,,129.68,942.0,3,,E,162.8,Pellets,Pellets,Pellets; Pelletheizung,True,True,Garage,True,False,True,Charmantes EFH mit Pool & Weinkeller; Ausbaupotenzial; Keller; teilmöbliert,,,,,54,osrm_free_flow,95,vao_hafas_weekday_100000_best_of_24,48.30259,15.805779,listing_coords,https://www.willhaben.at/iad/immobilien/d/haus-kaufen/niederoesterreich/tulln/wohntraum-in-eggendorf-familienhaus-mit-pool-weinkeller-ausbaupotenzial-1515796206/,,"Evening 2026-09-28 NEW. Eggendorf (Sitzenberg-Reidling) EFH €368k / ~130 m² Wohn / 942 m² Grund / 3 Zi + Ausbaupotenzial; Pool, Weinkeller, Garage, Pellets, Energy E. Republished under new willhaben adid (prior 810277552 → 1515796206). Honourable under-budget with land+pool; not shortlist (only 3 rooms listed, longish PT ~95 min to 8th district / ~54 min drive to 21st). Makler REMAX Plus.",2026-09-28,active,2026-09-28,2026-10-10,,,,,,seen,makler,ISPRIVATE=0; REMAX Plus Immobilienservice GmbH,REMAX Plus Immobilienservice GmbH,2837.75,6.1,3.6,12880,4048,5520,13248,35696,403696,,nicht angegeben (willhaben detail),unknown,no finish keywords; existing house with Ausbaupotenzial,listing_text,img/NEW31.jpg,archive/NEW31.html,2026-09-28,2026-09-28T17:47,32,Not recommended,"{""cost"":31.8,""pt"":4.1,""drive"":0.3,""living"":5.3,""garden"":10.0,""storage"":5,""room5"":0,""sauna"":0,""penalty"":-25}",False,Weak fit (32/100): Low overall cost (est. €434k–€484k incl. renovation); Large garden (est. ~864 m²); Long public-transport commute to the 8th district (95 min).,Low overall cost (est. €434k–€484k incl. renovation) | Large garden (est. ~864 m²) | Cellar mentioned,Long public-transport commute to the 8th district (95 min) | Long drive to the 21st district (54 min) | Only 3 rooms — fails the 4-room need,"Big plot: room for play area, garden shed or extension",30000,80000,433696,483696,361,"Est. ~€361/month: BK €150 (assumed, not in listing) + heating ~€211 (HWB 163, Pellets). Estimate.",yes,864,2026-10-10,1970–89 or HWB D/E: partial renovation €250–600/m²
NEW32,Belagsfertiger Neubau-Bungalow inkl. Grund (Muckendorf),honourable,,EFH,Muckendorf an der Donau,3426,Bezirk Tulln,Tulln area,399000,Neubauprojekt; Haus + Grundstück inkl.; belagsfertig,80.0,502.0,,,,,,Air-source heat pump,Luft-Wärmepumpe,True,True,,False,False,False,Neubauprojekt belagsfertig (schlüsselfertig mentioned as option in copy); ebenerdig 80 m²,,,,,40,osrm_free_flow,74,vao_hafas_weekday_100000_best_of_18,48.331768,16.143127,listing_coords,https://www.willhaben.at/iad/immobilien/d/haus-kaufen/niederoesterreich/tulln/ebenerdig-wohnen-belagsfertiger-bungalow-in-3426-muckendorf-an-der-donau-zu-verkaufen-haus-grund-inkl-bauprojekt-1966075627/,,"Evening 2026-09-28 NEW. Muckendorf Neubau-Bungalow €399k / 80 m² / ~502 m² Grund inkl.; belagsfertig project (Dream Immobilien). Under budget but compact living for family + belagsfertig (prefer schlüsselfertig) → honourable, not shortlist. Drive ~40 min / PT ~74 min.",2026-09-28,active,2026-09-28,2026-10-10,,,,,,seen,makler,ISPRIVATE=0; Dream Immobilien Real Estate GmbH,Dream Immobilien Real Estate GmbH,4987.5,6.1,3.6,13965,4389,5985,14364,38703,437703,,nicht angegeben (willhaben detail),belagsfertig,Belagsfertig Neubau; schlüsselfertig wording also in copy,listing_text,img/NEW32.jpg,archive/NEW32.html,2026-09-28,2026-09-28T17:47,46,Not recommended,"{""cost"":33.2,""pt"":9.8,""drive"":4.3,""living"":0.0,""garden"":7.1,""storage"":0,""room5"":0,""sauna"":0,""penalty"":-8}",,Weak fit (46/100): Low overall cost (est. €458k–€473k incl. renovation); Large garden (est. ~454 m²); Room count unknown — check before viewing.,Low overall cost (est. €458k–€473k incl. renovation) | Large garden (est. ~454 m²),Room count unknown — check before viewing | Small living area (80 m²) | Cellar unknown,Choose own floors/finishes,20000,35000,457703,472703,234,"Est. ~€234/month: BK €150 (assumed, not in listing) + heating ~€84 (HWB 180 assumed, Air-source heat pump). Estimate.",unknown,454,2026-10-10,"belagsfertig: floors, doors, painting, fittings at €250–450/m²"
OB17,Belagsfertiges Neubau-EFH inkl. Grund (Muckendorf),over_budget,,EFH,Muckendorf an der Donau,3426,Bezirk Tulln,Tulln area,499000,Neubauprojekt; Haus + Grundstück inkl.; belagsfertig,120.0,502.0,,,,,,Air-source heat pump,Luft-Wärmepumpe,True,True,,False,False,False,Neubauprojekt belagsfertig; min. 120 m² Wohn,,,,,41,osrm_free_flow,96,vao_hafas_weekday_100000_best_of_18,48.33749,16.149572,listing_coords,https://www.willhaben.at/iad/immobilien/d/haus-kaufen/niederoesterreich/tulln/belagsfertiges-einfamilienhaus-in-3426-muckendorf-an-der-donau-zu-verkaufen-haus-grund-inkludiert-bauprojekt-906445825/,,Evening 2026-09-28 NEW. Muckendorf Neubau-EFH €499k / 120 m² / ~502 m² Grund inkl.; belagsfertig (Dream Immobilien). Over €450k → OB. Drive ~41 min / PT ~96 min.,2026-09-28,active,2026-09-28,2026-10-10,,,,,,seen,makler,ISPRIVATE=0; Dream Immobilien Real Estate GmbH,Dream Immobilien Real Estate GmbH,4158.33,6.1,3.6,17465,5489,7485,17964,48403,547403,,nicht angegeben (willhaben detail),belagsfertig,Belagsfertig Neubau project,listing_text,img/OB17.jpg,archive/OB17.html,2026-09-28,2026-09-28T17:47,23,Not recommended,"{""cost"":12.4,""pt"":3.8,""drive"":4.0,""living"":4.0,""garden"":6.6,""storage"":0,""room5"":0,""sauna"":0,""penalty"":-8}",,Weak fit (23/100): High overall cost (est. €577k–€602k incl. renovation).,,High overall cost (est. €577k–€602k incl. renovation) | Long public-transport commute to the 8th district (96 min) | Room count unknown — check before viewing | Cellar unknown,Choose own floors/finishes,30000,55000,577403,602403,276,"Est. ~€276/month: BK €150 (assumed, not in listing) + heating ~€126 (HWB 180 assumed, Air-source heat pump). Estimate.",unknown,430,2026-10-10,"belagsfertig: floors, doors, painting, fittings at €250–450/m²"
SA7,"EFH mit Indoor-Pool, Sauna, Weinkeller & Obstgarten (Engelmannsbrunn)",sauna,,EFH,Engelmannsbrunn,3470,Kirchberg am Wagram / Bezirk Tulln,Tulln area,479000,Sanierungsbedürftig; Indoor-Pool + Sauna; ~€29k over €450k,264.0,1446.0,10,1975,G,257.0,Zentralheizung (Öl/Elektro/Solar); PV vorhanden,Oil + Electric,Ölheizung; Elektroheizung · also PV; Photovoltaik; thermischer Solaranlage; thermische Solaranlage; Solarheizung,True,True,Garage + 2 Freiplätze,True,True,True,BJ 1975; Zubau 2016; sanierungsbedürftig; Indoor-Pool+Sauna; Weinkeller; Wintergarten; Obstgarten/Teich,,,,,48,osrm_free_flow,89,vao_hafas_weekday_100000_best_of_18,48.438976,15.8784075,listing_coords,https://www.willhaben.at/iad/immobilien/d/haus-kaufen/niederoesterreich/tulln/leben-am-wagram-grosszuegiges-haus-mit-indoor-pool-weinkeller-und-obstgarten-auf-ca-1-446-m-grund-1023108094/,,Evening 2026-09-29 SA7. Engelmannsbrunn EFH €479k / 264 m² / 1.446 m² Grund; Indoor-Pool + Sauna + Weinkeller; Energy G (HWB 257); sanierungsbedürftig (Wolke 7). Over budget → sauna category. Distinct from SA4 (other Engelmannsbrunn villa €449k/171 m²).,2026-09-29,active,2026-09-29,2026-10-10,,,,,,seen,makler,ISPRIVATE=0; Wolke 7 Immobilien GmbH & Co KG; Provision: 3% des Kaufpreises zzgl. 20% USt.,Wolke 7 Immobilien GmbH & Co KG,1814.39,6.1,3.6,16765,5269,7185,17244,46463,525463,,nicht angegeben (willhaben detail),sanierungsbedarf,Listing BUILDING_CONDITION=Sanierungsbedürftig; BJ 1975 + Zubau 2016,listing_text,img/SA7.jpg,archive/SA7.html,2026-09-29,2026-09-29T17:46,38,Not recommended,"{""cost"":0.0,""pt"":5.7,""drive"":2.0,""living"":8.0,""garden"":10.0,""storage"":5,""room5"":4,""sauna"":3,""penalty"":0}",True,Weak fit (38/100): 10 rooms: one spare for guests/office; Spacious (264 m² living); High overall cost (est. €725k–€920k incl. renovation).,10 rooms: one spare for guests/office | Spacious (264 m² living) | Large garden (est. ~1287 m²) | Cellar mentioned | Sauna,High overall cost (est. €725k–€920k incl. renovation) | Long drive to the 21st district (48 min) | Oil heating: replacement expected,"Renovate to own taste; NÖ/federal renovation subsidies (e.g. Sanierungsbonus, heating replacement) may reduce cost | Big plot: room for play area, garden shed or extension",200000,395000,725463,920463,828,"Est. ~€828/month: BK €150 (assumed, not in listing) + heating ~€678 (HWB 257, Oil + Electric). Estimate.",yes,1287,2026-10-10,"renovation needed, heavy (old/poor energy/complete): €700–1,400/m²; + €15–25k oil-heating replacement"
OB18,Rustikales EFH mit Wienerwald-Fernblick (Tulln),over_budget,,EFH,Tulln an der Donau,3430,Bezirk Tulln,Tulln area,475000,~€25k over €450k; mid-70s; Einrichtung Auffrischung; HWB 353,83.0,1126.0,,1975,G,353.0,,Unknown,no heating system named in the listing text,True,True,Garage + Autoabstellplatz,True,False,False,Mitte 70er; gepflegt aber Einrichtung Auffrischung; solider Bau; großer Naturgarten / Wienerwald-Blick,,,,,31,osrm_free_flow_town_centroid,62,peer_estimate_tulln_town_centroid_SL1_OB3_hafas_down,48.3311702,16.05179,town_centroid_nominatim,https://www.willhaben.at/iad/immobilien/d/haus-kaufen/niederoesterreich/tulln/rustikales-einfamilienhaus-mit-tollem-wienerwald-fernblick-1781642858/,,"Evening 2026-09-30 NEW. Tulln EFH €475k / 83 m² / 1.126 m² Grund; mid-70s, HWB 353 (G); AWZ Immo. Over budget, compact living but large plot + Tulln town. Drive ~31 min / PT ~62 min (peer; HAFAS down).",2026-09-30,active,2026-09-30,2026-10-10,,,,,,seen,makler,ISPRIVATE=0; AWZ Immo-Invest GmbH u. Co KG; Provision 3% zzgl. MwSt,AWZ Immo-Invest GmbH u. Co KG,5722.89,6.1,3.6,16625,5225,7125,17100,46075,521075,,nicht angegeben (willhaben detail),sanierungsbedarf,Gepflegt aber Einrichtung Auffrischung; mid-70s stock,listing_text,img/OB18.jpg,archive/OB18.html,2026-09-30,2026-09-30T17:37,33,Not recommended,"{""cost"":6.1,""pt"":13.1,""drive"":6.9,""living"":0.0,""garden"":10.0,""storage"":5,""room5"":0,""sauna"":0,""penalty"":-8}",,Weak fit (33/100): Good public transport to the 8th district (62 min); Large garden (est. ~1076 m²); High overall cost (est. €581k–€636k incl. renovation).,Good public transport to the 8th district (62 min) | Large garden (est. ~1076 m²) | Cellar mentioned,High overall cost (est. €581k–€636k incl. renovation) | Room count unknown — check before viewing | Small living area (83 m²),"Renovate to own taste; NÖ/federal renovation subsidies (e.g. Sanierungsbonus, heating replacement) may reduce cost | Big plot: room for play area, garden shed or extension",60000,115000,581075,636075,443,"Est. ~€443/month: BK €150 (assumed, not in listing) + heating ~€293 (HWB 353, Unknown). Estimate.",yes,1076,2026-10-10,"renovation needed, heavy (old/poor energy/complete): €700–1,400/m²"
OB19,Sanierungsbedürftiges EFH auf 1.535 m² Eigengrund (Klosterneuburg),over_budget,,EFH,Klosterneuburg,3400,Bezirk Tulln / Klosterneuburg,Tulln area,549000,~€99k over €450k; sanierungsbedürftig; ~644 m² Bauland + 891 m² Grünland lt. Lageplan,90.0,1535.0,4,1961,,,Pellets,Pellets,Pelletsheizung; Pelletheizung · also Solaranlage,True,True,Garage ~40 m²,True,False,False,BJ 1961; sanierungsbedürftig; Terrasse/Wintergarten/Garten; Pelletheizung,,,,,23,osrm_free_flow_klosterneuburg_centre (listing coords snap to Managettasteig → inflated 70 min),55,peer_estimate_kierling_klosterneuburg_OB16_OB2_hafas_down,48.287067,16.29194,listing_coords_shadow_1302m,https://www.willhaben.at/iad/immobilien/d/haus-kaufen/niederoesterreich/tulln/einfamilienhaus-auf-ca-1-535-m-eigengrund-mit-grossem-sanierungspotenzial-914109051/,,"Evening 2026-09-30 NEW. Klosterneuburg EFH €549k / 90 m² / 1.535 m² (Bauland+Grün); BJ 1961 sanierungsbedürftig; Wolke 7. Large plot play, clearly over budget. Drive ~23 min (town centre) / PT ~55 min peer (HAFAS down).",2026-09-30,active,2026-09-30,2026-10-10,,,,,,seen,makler,ISPRIVATE=0; Wolke 7 Immobilien GmbH & Co KG; Provision €19.764 inkl. 20% USt (~3.6%),Wolke 7 Immobilien GmbH & Co KG,6100.0,6.1,3.6,19215,6039,8235,19764,53253,602253,,nicht angegeben (willhaben detail),sanierungsbedarf,Listing BUILDING_CONDITION=Sanierungsbedürftig; BJ 1961,listing_text,img/OB19.jpg,archive/OB19.html,2026-09-30,2026-09-30T17:37,39,Not recommended,"{""cost"":0.0,""pt"":15.0,""drive"":9.1,""living"":0.0,""garden"":10.0,""storage"":5,""room5"":0,""sauna"":0,""penalty"":0}",True,Weak fit (39/100): Good public transport to the 8th district (55 min); Short drive to the 21st district (23 min); High overall cost (est. €647k–€692k incl. renovation).,Good public transport to the 8th district (55 min) | Short drive to the 21st district (23 min) | 4 rooms: meets the parents/boys/girls need | Large garden (est. ~1481 m²) | Cellar mentioned,High overall cost (est. €647k–€692k incl. renovation) | Small living area (90 m²),"Renovate to own taste; NÖ/federal renovation subsidies (e.g. Sanierungsbonus, heating replacement) may reduce cost | Big plot: room for play area, garden shed or extension | Cellar could take an office/hobby room",45000,90000,647253,692253,312,"Est. ~€312/month: BK €150 (assumed, not in listing) + heating ~€162 (HWB 180 assumed, Pellets). Estimate.",yes,1481,2026-10-10,"renovation needed: €500–1,000/m²"
HM15,Solides Handwerkerhaus mit Nebengebäuden (Buttendorf / Zwentendorf),honourable,,EFH,Buttendorf,3454,Bezirk Tulln / Zwentendorf an der Donau,Tulln area,275000,Privat / provisionsfrei; sanierungsbedürftig Massivbau 1957,260.0,1000.0,6,1957,,,,Gas + Wood,Gasheizung; Holzofen,True,True,Hof / Nebengebäude; gut erschlossen,False,False,False,Renovierungs-/sanierungsbedürftig; solide Massivbauweise BJ 1957; Nebengebäude (Scheune/Werkstatt); unterkellert,,,,,49,osrm_free_flow_listing_coords,91,peer_estimate_zwentendorf_NEW13_NEW27_hafas_down,48.320953,15.816444,listing_coords,https://www.willhaben.at/iad/immobilien/d/haus-kaufen/niederoesterreich/tulln/solides-handwerkerhaus-mit-viel-potenzial-2132598080/,,"Morning 2026-10-01 NEW. Buttendorf (Zwentendorf) private Handwerkerhaus €275k / ~260 m² Wohn on ~1.000 m² with Scheune/Werkstatt; BJ 1957 Massivbau, renovierungsbedürftig, provisionsfrei. Honourable — under budget with large living + land, but full Sanierung and longer commute (drive ~49 min / PT ~91 min peer Zwentendorf; VAO HAFAS down). Not shortlist.",2026-10-01,active,2026-10-01,2026-10-10,,,,,,seen,private,ISPRIVATE=1; von Privat ohne Maklergebühr / provisionsfrei,,1057.69,6.1,0.0,9625,3025,4125,0,16775,291775,,nicht angegeben (willhaben detail),sanierungsbedarf,renovierungs-/sanierungsbedürftig Altbestand 1957,listing_text,img/HM15.jpg,archive/HM15.html,2026-10-01,2026-10-01T06:28,44,Not recommended,"{""cost"":9.9,""pt"":5.2,""drive"":1.7,""living"":8.0,""garden"":10.0,""storage"":5,""room5"":4,""sauna"":0,""penalty"":0}",True,Weak fit (44/100): 6 rooms: one spare for guests/office; Spacious (260 m² living); Long public-transport commute to the 8th district (91 min).,6 rooms: one spare for guests/office | Spacious (260 m² living) | Large garden (est. ~844 m²) | Cellar mentioned,Long public-transport commute to the 8th district (91 min) | Long drive to the 21st district (49 min),"Private seller: no buyer commission | Renovate to own taste; NÖ/federal renovation subsidies (e.g. Sanierungsbonus, heating replacement) may reduce cost | Big plot: room for play area, garden shed or extension",180000,365000,471775,656775,618,"Est. ~€618/month: BK €150 (assumed, not in listing) + heating ~€468 (HWB 180 assumed, Gas + Wood). Estimate.",yes,844,2026-10-10,"renovation needed, heavy (old/poor energy/complete): €700–1,400/m²"
HM16,Gepflegter Bungalow mit 836 m² Grundstück & Erweiterungspotenzial (Grafenwörth),honourable,,Bungalow,Grafenwörth,3484,Bezirk Tulln,Tulln area,295000,VHB; Makler CVA Group 3% + USt,72.0,836.0,3,,,248.0,Ölheizung,Oil,Ölheizung,True,True,Garage + weitere Stellplätze,True,False,False,Sehr gut/gut; voll ausgebauter Keller; modernes Bad/Küche; kein Bebauungsplan → Erweiterungspotenzial,,,,,46,osrm_free_flow_listing_coords,108,vao_hafas_weekday_100000_best_of_5,48.411804,15.783573,listing_coords,https://www.willhaben.at/iad/immobilien/d/haus-kaufen/niederoesterreich/tulln/ein-zuhause-mit-zukunft-836-m-grundstueck-kein-bebauungsplan-erweiterungspotenzial-1849465738/,,"Morning 2026-10-02 NEW. Grafenwörth bungalow €295k / 72 m² Wohn on 836 m²; gepflegt, Keller, Garage; Öl-Hzg HWB 248; Makler CVA. Honourable — under budget with large plot/expansion (kein Bebauungsplan), but compact living + long PT (~108 min). Not shortlist.",2026-10-02,active,2026-10-02,2026-10-10,,,,,,seen,makler,ISPRIVATE=0; CVA Group GmbH; Provision 3% + USt,CVA Group GmbH,4097.22,6.1,3.6,10325,3245,4425,10620,28615,323615,,,unknown,Bestand gepflegt/sehr gut; kein Schlüsselfertig-Neubau,willhaben BUILDING_CONDITION + body,img/HM16.jpg,archive/HM16.html,2026-10-02,2026-10-02T06:30,38,Not recommended,"{""cost"":45.0,""pt"":0.5,""drive"":2.6,""living"":0.0,""garden"":10.0,""storage"":5,""room5"":0,""sauna"":0,""penalty"":-25}",False,Weak fit (38/100): Low overall cost (est. €349k–€384k incl. renovation); Large garden (est. ~792 m²); Long public-transport commute to the 8th district (108 min).,Low overall cost (est. €349k–€384k incl. renovation) | Large garden (est. ~792 m²) | Cellar mentioned,Long public-transport commute to the 8th district (108 min) | Long drive to the 21st district (46 min) | Only 3 rooms — fails the 4-room need | Small living area (72 m²) | Oil heating: replacement expected,"Big plot: room for play area, garden shed or extension",25000,60000,348615,383615,329,"Est. ~€329/month: BK €150 (assumed, not in listing) + heating ~€179 (HWB 248, Oil). Estimate.",yes,792,2026-10-10,condition unknown: €150–500/m²; + €15–25k oil-heating replacement
HM17,Charakter-EFH ehem. Dorfladen „Frau Brunner“ (Maria Gugging),honourable,,EFH,Maria Gugging,3400,Klosterneuburg / Bezirk Tulln listing area,Tulln area,399000,Makler REMAX Magic 3% + USt,140.0,592.0,4,1930,D,149.0,Gas Zentralheizung,Gas,Gas Zentralheizung; Gasheizung,True,True,,False,False,False,Sehr gut/gut; ehem. Dorfladen umgenutzt; Wintergarten; Keller ~145 m²; Terrasse 14 m²,,,,,39,osrm_free_flow_listing_coords,70,vao_hafas_weekday_100000_best_of_5,48.31863,16.252232,listing_coords,https://www.willhaben.at/iad/immobilien/d/haus-kaufen/niederoesterreich/tulln/frau-brunner-1427512241/,,"Morning 2026-10-02 NEW (first seen evening 2026-10-01 scrape; master not updated then). Maria Gugging EFH €399k / 140 m² / 592 m²; BJ 1930 Energy D; near IST Austria. Honourable — under budget, solid size + Klosterneuburg-side commute (drive ~39 / PT ~70). Not shortlist (character/altbestand).",2026-10-02,active,2026-10-02,2026-10-10,,,,,,seen,makler,ISPRIVATE=0; REMAX Magic Doris Deutsch Immobilien GmbH; 3% + USt,REMAX Magic Doris Deutsch Immobilien GmbH,2850.0,6.1,3.6,13965,4389,5985,14364,38703,437703,,,unknown,Bestand sehr gut/gut; Wintergarten; kein Sanierungsflag im Exposé,willhaben BUILDING_CONDITION,img/HM17.jpg,archive/HM17.html,2026-10-02,2026-10-02T06:30,55,Worth a look,"{""cost"":20.0,""pt"":10.9,""drive"":4.6,""living"":6.7,""garden"":8.2,""storage"":5,""room5"":0,""sauna"":0,""penalty"":0}",True,Possible fit (55/100): 4 rooms: meets the parents/boys/girls need; Spacious (140 m² living).,4 rooms: meets the parents/boys/girls need | Spacious (140 m² living) | Large garden (est. ~508 m²) | Cellar mentioned,,"Renovate to own taste; NÖ/federal renovation subsidies (e.g. Sanierungsbonus, heating replacement) may reduce cost | Cellar could take an office/hobby room",65000,125000,502703,562703,359,"Est. ~€359/month: BK €150 (assumed, not in listing) + heating ~€209 (HWB 149, Gas). Estimate.",yes,508,2026-10-10,pre-1970 or HWB F/G: substantial renovation €450–900/m²
HM18,Sanierungsbedürftiges EFH in Ruhelage Scheiblingstein (Klosterneuburg),honourable,,EFH,Scheiblingstein,3400,Klosterneuburg / Bezirk Tulln listing area,Tulln area,399990,Reduced from €419k; Makler Donnerbauer 3% + USt,170.0,831.0,6,1981,G,382.0,Gas Fußbodenheizung,Gas,Gasheizung,True,True,2 Garagenplätze,True,False,False,Sanierungsbedürftig; uneinsehbarer Garten; 4 Schlaf / 2 Bad; Balkon/Terrasse ~20 m²,,,,,24,osrm_free_flow_listing_coords,48,vao_hafas_weekday_100000_best_of_5,48.304806,16.319815,listing_coords,https://www.willhaben.at/iad/immobilien/d/haus-kaufen/niederoesterreich/tulln/einfamilienhaus-in-ruhelage-nahe-wien-170-m-wohnflaeche-uneinsehbarer-garten-in-scheiblingstein-1837875371/,,"Morning 2026-10-02 NEW (present in prior scrapes as candidate; added after €419k→€399.990 cut). Scheiblingstein/Klosterneuburg EFH €399.990 / 170 m² / 831 m²; BJ 1981 Energy G; sanierungsbedürftig. Honourable — under budget, large living, strong commute (drive ~24 / PT ~48), but full Sanierung + energy G. Not shortlist.",2026-10-02,active,2026-10-02,2026-10-10,,419000,2026-10-02,-19010,"[{""price_eur"":419000,""at"":null},{""price_eur"":399990,""at"":""2026-10-02""}]",seen,makler,ISPRIVATE=0; Donnerbauer Immobilien GmbH; Doppelmakler; 3% + USt,Donnerbauer Immobilien GmbH,2352.88,6.1,3.6,14000,4400,6000,14400,38800,438790,,,sanierungsbedarf,willhaben BUILDING_CONDITION=Sanierungsbedürftig; Energy G,willhaben BUILDING_CONDITION,img/HM18.jpg,archive/HM18.html,2026-10-02,2026-10-02T06:30,48,Not recommended,"{""cost"":0.0,""pt"":15.0,""drive"":8.9,""living"":8.0,""garden"":10.0,""storage"":2,""room5"":4,""sauna"":0,""penalty"":0}",True,Weak fit (48/100): Good public transport to the 8th district (48 min); Short drive to the 21st district (24 min); High overall cost (est. €559k–€679k incl. renovation).,Good public transport to the 8th district (48 min) | Short drive to the 21st district (24 min) | 6 rooms: one spare for guests/office | Spacious (170 m² living) | Large garden (est. ~729 m²) | Some storage (no cellar named),High overall cost (est. €559k–€679k incl. renovation),"Price already cut by €19k: seller may negotiate | Renovate to own taste; NÖ/federal renovation subsidies (e.g. Sanierungsbonus, heating replacement) may reduce cost | Big plot: room for play area, garden shed or extension",120000,240000,558790,678790,799,"Est. ~€799/month: BK €150 (assumed, not in listing) + heating ~€649 (HWB 382, Gas). Estimate.",storage,729,2026-10-10,"renovation needed, heavy (old/poor energy/complete): €700–1,400/m²"
OB20,Neubau-Reihenhaus Erstbezug bezugsfertig (Grafenwörth),over_budget,,Reihenhaus,Grafenwörth,3484,Bezirk Tulln,Tulln area,487000,Neubau 2025 Erstbezug; Makler Kuttenberger 3% + USt; unit in 7-house row,112.28,130.97,4,2025,C,54.0,Luftwärmepumpe Fußbodenheizung,Air-source heat pump,Luftwärmepumpe; Luft-Wasser-Wärmepumpe · also PV; Photovoltaik,True,True,Carport + Stellplatz,False,False,False,Erstbezug / bezugsfertig; PV; 2 Abstellräume; Terrasse ~23 m²,,,,,44,osrm_free_flow_listing_coords,110,vao_hafas_weekday_100000_best_of_5,48.407608,15.775908,listing_coords,https://www.willhaben.at/iad/immobilien/d/haus-kaufen/niederoesterreich/tulln/hochwertiges-reihenhaus-mit-top-ausstattung-sofort-beziehbar-958243163/,,Morning 2026-10-02 NEW (republish of untracked adid 2130680630). Grafenwörth Neubau-RH €487k / ~112 m² / Garten ~131 m²; BJ 2025 Energy C; bezugsfertig with WP+PV. Over budget (~€37k) → OB. Long PT (~110 min). Tracked as interesting schlüsselfertig-ish OB.,2026-10-02,active,2026-10-02,2026-10-10,,,,,,seen,makler,ISPRIVATE=0; Kuttenberger Makler GmbH; 3% + USt,Kuttenberger Makler GmbH,4337.37,6.1,3.6,17045,5357,7305,17532,47239,534239,,,schluesselfertig,Erstbezug / bezugsfertig Neubau 2025,willhaben BUILDING_CONDITION=Erstbezug + body bezugsfertig,img/OB20.jpg,archive/OB20.html,2026-10-02,2026-10-02T06:30,30,Not recommended,"{""cost"":22.3,""pt"":0.0,""drive"":3.1,""living"":3.0,""garden"":0.0,""storage"":2,""room5"":0,""sauna"":0,""penalty"":0}",True,Weak fit (30/100): 4 rooms: meets the parents/boys/girls need; Some storage (no cellar named); Long public-transport commute to the 8th district (110 min).,4 rooms: meets the parents/boys/girls need | Some storage (no cellar named),Long public-transport commute to the 8th district (110 min) | Little garden (est. ~63 m²),Negotiate on price; check BK and heating bills,0,10000,534239,544239,185,"Est. ~€185/month: BK €150 (assumed, not in listing) + heating ~€35 (HWB 54, Air-source heat pump). Estimate.",storage,63,2026-10-10,turnkey: minor works only
HM19,Einfamilienhaus Bieterverfahren mit großem Garten (Wolfpassing / Zeiselmauer),honourable,,Einfamilienhaus,Wolfpassing,3424,Bezirk Tulln,Tulln area,269000,Bieterverfahren Startpreis €269k; Angebote bis 31.10.2026; Makler MZI 3% + USt,100.0,755.0,,1985,,,Gasheizung + Holzofen,Gas + Wood,Gasheizung; Holzofen,True,,,,False,False,Fertigteilhaus Holzriegel BJ 1985; Gestaltungspotenzial; 2 Etagen,,,,,41,osrm_free_flow_listing_coords,73,vao_hafas_weekday_100000_best_of_6,48.3164,16.17804,listing_coords,https://www.willhaben.at/iad/immobilien/d/haus-kaufen/niederoesterreich/tulln/einfamilienhaus-im-bieterverfahren-ruhiges-wohnen-mit-grossem-garten-in-wolfpassing-mit-gestaltungspotential-1208336854/,,"Evening 2026-10-02 NEW. Wolfpassing (Zeiselmauer) EFH Bieterverfahren Start €269k / 100 m² Wohn / 755 m² Grund; BJ 1985 Fertigteil Holzriegel; Gas+Holz; Makler MZI. Honourable — under budget with large garden + ok commute (~41 min drive / ~73 min PT), but Bieterverfahren (price may rise) and compact 1985 Fertigteil with Gestaltungspotenzial. Besichtigungen 16.10. + 24.10.2026; Angebote bis 31.10.2026.",2026-10-02,active,2026-10-02,2026-10-10,,,,,,seen,makler,ISPRIVATE=0; MZI Immobilien GmbH; Provision 3% + USt,MZI Immobilien GmbH,2690.0,6.1,3.6,9415,2959,4035,9684,26093,295093,,,unknown,Bestand Fertigteil 1985 mit Gestaltungspotenzial; kein Schlüsselfertig-Neubau,willhaben body Fertigteilhaus + Gestaltungspotenzial,img/HM19.jpg,archive/HM19.html,2026-10-02,2026-10-02T17:35,62,Worth a look,"{""cost"":45.0,""pt"":10.1,""drive"":4.0,""living"":1.3,""garden"":10.0,""storage"":0,""room5"":0,""sauna"":0,""penalty"":-8}",,Possible fit (62/100): Low overall cost (est. €320k–€355k incl. renovation); Large garden (est. ~695 m²); Room count unknown — check before viewing.,Low overall cost (est. €320k–€355k incl. renovation) | Large garden (est. ~695 m²),Room count unknown — check before viewing | Cellar unknown,"Big plot: room for play area, garden shed or extension",25000,60000,320093,355093,330,"Est. ~€330/month: BK €150 (assumed, not in listing) + heating ~€180 (HWB 180 assumed, Gas + Wood). Estimate.",unknown,695,2026-10-10,1970–89 or HWB D/E: partial renovation €250–600/m²
HM20,Einfamilienhaus mit Aussicht — Altbestand auf 1.279 m² Baugrund (Oberkirchbach),honourable,,EFH,Kirchbach,3413,Bezirk Tulln / Oberkirchbach (Klosterneuburg / Wienerwald),Tulln area,325000,,128.0,1279.0,3,,,,,Unknown,no heating system named in the listing text,True,,,,False,False,"Renovierungsbedürftiges Altbestand ~130 m² auf 1.279 m² Bauland Agrar (Bauklasse I+II, offen, ~370 m²/Geschoss); Aufschließung bezahlt; Gas/Strom/Kanal; Brunnen; Kernsanierung oder Neubau-Potenzial",,,,,46,osrm_free_flow,77,vao_hafas_weekday_100000_best_of_6,48.27928258,16.18681349,listing_coords,https://www.willhaben.at/iad/immobilien/d/haus-kaufen/niederoesterreich/tulln/-einfamilienhaus-mit-aussicht-1775944052/,,"Morning 2026-10-04 NEW. Oberkirchbach (3413) EFH/Baugrund €325k / 128 m² Wohn / 1.279 m² Bauland Agrar; Hanglage Aussicht Wienerwald nahe Klosterneuburg. Listing leads as Baugrund with renovierungsbedürftig Altbestand (~130 m², 3 Zimmer) — Kernsanierung or new-build path. Honourable under-budget land+shell (similar NEW28/HM13), not shortlist (full reno/rebuild + only 3 rooms disclosed). REMAX Tulln-Purkersdorf / Gerald Hinker. Published ~04:20 Europe/Vienna.",2026-10-04,active,2026-10-04,2026-10-10,,,,,,seen,makler,ISPRIVATE=0; REMAX Tulln-Purkersdorf (CONTACT/COMPANYNAME); Gerald Hinker,REMAX Tulln-Purkersdorf,2539.1,6.1,3.6,11375,3575,4875,11700,31525,356525,,,sanierungsbedarf,Renovierungsbedürftiges Altbestand; Kernsanierung oder Neubau auf Bauland Agrar,detail_description,img/HM20.jpg,archive/HM20.html,2026-10-04,2026-10-04T06:24,28,Not recommended,"{""cost"":26.2,""pt"":9.0,""drive"":2.6,""living"":5.1,""garden"":10.0,""storage"":0,""room5"":0,""sauna"":0,""penalty"":-25}",False,Weak fit (28/100): Large garden (est. ~1202 m²); Long drive to the 21st district (46 min).,Large garden (est. ~1202 m²),Long drive to the 21st district (46 min) | Only 3 rooms — fails the 4-room need | Cellar unknown,"Renovate to own taste; NÖ/federal renovation subsidies (e.g. Sanierungsbonus, heating replacement) may reduce cost | Big plot: room for play area, garden shed or extension",90000,180000,446525,536525,380,"Est. ~€380/month: BK €150 (assumed, not in listing) + heating ~€230 (HWB 180 assumed, Unknown). Estimate.",unknown,1202,2026-10-10,"renovation needed, heavy (old/poor energy/complete): €700–1,400/m²"
OB21,Modernes Einfamilienhaus mit privatem Seezugang & PV-Vorbereitung (Fels am Wagram / Seepark Thürnthal),over_budget,,EFH,Fels am Wagram,3481,Bezirk Tulln / Seepark Thürnthal (Fels am Wagram),Tulln area,499000,€49k over €450k budget; republish of untracked €520k adid 1763386633; ELK Holzriegel BJ 2015; Makler ImmoRebellen 3% + USt,152.0,555.0,5,2015,B,29.1,Luftwärmepumpe Fußbodenheizung,Air-source heat pump,Luftwärmepumpe; Luft-Wasser-Wärmepumpe · also PV; Balkonkraftwerk,True,True,"Doppelcarport (6×5,70 m) + 2 Stellplätze",False,False,False,ELK-Fertigteilhaus Holzriegel BJ 2015; 152 m² Wohn / ~158 m² Nutz; 555 m² Eigengrund; privater Felser-See-Zugang (Wassergenossenschaft); Einbauküche; 2 Bäder; Brunnen + automatische Bewässerung,,,,,47,osrm_free_flow,94,vao_hafas_weekday_100000_best_of_6,48.431725,15.847704,listing_coords,https://www.willhaben.at/iad/immobilien/d/haus-kaufen/niederoesterreich/tulln/modernes-einfamilienhaus-mit-privatem-seezugang-pv-vorbereitung-1817113615/,,Evening 2026-10-04 NEW (republish/price-cut of morning-untracked adid 1763386633 at €520k → new adid 1817113615 at €499k). Fels am Wagram / Seepark Thürnthal EFH €499k / 152 m² / 555 m² Eigengrund; BJ 2015 ELK Holzriegel; Energy B (HWB 29.1); 5 Zimmer; privater Seezugang Felser See; Doppelcarport. Over-budget (~€49k); long PT (~94 min). Not shortlist — price + western-edge commute. ImmoRebellen / Phillip Hrala. Published ~14:16 Europe/Vienna.,2026-10-04,active,2026-10-04,2026-10-10,,,,,,seen,makler,ISPRIVATE=0; ImmoRebellen GmbH; Phillip Hrala; 3% + 20% USt,ImmoRebellen GmbH,3282.9,6.1,3.6,17465,5489,7485,17964,48403,547403,,,schluesselfertig,"Bezugsfertig Bestands-EFH BJ 2015 (Einbauküche, Heizung, Lüftung); PV vorbereitet nicht installiert",detail_description + BUILDING_TYPE Neubau/Bestand 2015,img/OB21.jpg,archive/OB21.html,2026-10-04,2026-10-04T17:29,48,Not recommended,"{""cost"":20.3,""pt"":4.4,""drive"":2.3,""living"":8.0,""garden"":7.3,""storage"":2,""room5"":4,""sauna"":0,""penalty"":0}",True,Weak fit (48/100): 5 rooms: one spare for guests/office; Spacious (152 m² living); Long public-transport commute to the 8th district (94 min).,5 rooms: one spare for guests/office | Spacious (152 m² living) | Large garden (est. ~463 m²) | Some storage (no cellar named),Long public-transport commute to the 8th district (94 min) | Long drive to the 21st district (47 min),Negotiate on price; check BK and heating bills,0,10000,547403,557403,176,"Est. ~€176/month: BK €150 (assumed, not in listing) + heating ~€26 (HWB 29, Air-source heat pump). Estimate.",storage,463,2026-10-10,turnkey: minor works only
HM21,"Modernes Ziegelmassivhaus BJ 2022, privat (Muckendorf-Wipfing)",honourable,,EFH,Muckendorf an der Donau,3426,Bezirk Tulln / Muckendorf-Wipfing,Tulln area,375000,"Privatverkauf, provisionsfrei; under budget",118.0,244.0,3,2022,C,65.0,Luftwärmepumpe Fußbodenheizung + Kamin,Air-source heat pump,Luftwärmepumpe,True,True,Eingefriedet mit elektrischem Drehtor (Brix); Stellplatz am Grund,False,False,False,"Neuwertig; Ziegelmassiv (Hohllochziegel, keine Trockenbauwände) BJ 2022; Prefa-Dach; 20 cm WDVS; EG große Küche + Bad/WC + Wohnzimmer; OG 2 große Zimmer + Bad/WC; Garten ~100 m² + Dachterrasse 13 m²; 18 elektrische Rollläden; Einbauküche; ab sofort",,,,,39,osrm_free_flow,68,vao_hafas_weekday_100000_best_of_5,48.33352,16.15613,listing_coords,https://www.willhaben.at/iad/immobilien/d/haus-kaufen/niederoesterreich/tulln/modernes-haus-zu-einem-fairen-preis-zu-verkaufen-1823390266/,,"Morning 2026-10-05 NEW. Muckendorf-Wipfing private sale €375k / 118 m² / 244 m² plot (garden ~100 m² + 13 m² roof terrace); BJ 2022 Ziegelmassiv, neuwertig, schlüsselfertig; HWB 65 (C); Luftwärmepumpe + FBH + Kamin; BK ~€80/month. Only 3 rooms (2 bedrooms) and small plot, so honourable rather than shortlist. No makler fee. Published ~02:23 Europe/Vienna (adid 1823390266).",2026-10-05,active,2026-10-05,2026-10-10,,,,,,seen,private,ISPRIVATE=1; 'Bitte keine Makler',,3178.0,6.1,0.0,13125,4125,5625,0,22875,397875,80,ADDITIONAL_COST/AMOUNT €80 (listing),schluesselfertig,"Neuwertiges Bestandshaus BJ 2022, bezugsfertig ab sofort, Einbauküche",detail BUILDING_CONDITION Neuwertig + description,img/HM21.jpg,archive/HM21.html,2026-10-05,2026-10-05T06:27,41,Not recommended,"{""cost"":45.0,""pt"":11.5,""drive"":4.6,""living"":3.7,""garden"":1.5,""storage"":0,""room5"":0,""sauna"":0,""penalty"":-25}",False,Weak fit (41/100): Low overall cost (est. €398k–€408k incl. renovation); Only 3 rooms — fails the 4-room need.,Low overall cost (est. €398k–€408k incl. renovation),Only 3 rooms — fails the 4-room need | Cellar unknown,Private seller: no buyer commission,0,10000,397875,407875,125,"Est. ~€125/month: BK €80 (listing) + heating ~€45 (HWB 65, Air-source heat pump). Estimate.",unknown,173,2026-10-10,turnkey: minor works only
OB22,"Architektenhaus 130 m² am Südhang mit Wintergarten, privat (Riederberg)",over_budget,,EFH,Riederberg (Sieghartskirchen),3004,Bezirk Tulln / Sieghartskirchen,Tulln area,550000,"~€100k over €450k budget; Privatverkauf, provisionsfrei",130.0,,3,,,,"Gasheizung, Fußbodenheizung, Kachelofen",Gas + Wood,Gasheizung; Kachelofen,True,True,2 Garagen,True,False,False,"Architektenhaus in einer Wohngruppe am Riederberg; 3 Zimmer im OG; Wintergarten; Südhang; vollständig unterkellert; Eigengarten + Gemeinschafts-Gemüsegarten; ca. 1 ha Eigenwald im Vereinseigentum; Parkett; Baujahr, Grundfläche und Energieausweis nicht angegeben",,,,,40,osrm_free_flow,76,vao_hafas_weekday_100000_best_of_6,48.25938,16.080435,town,https://www.willhaben.at/iad/immobilien/d/haus-kaufen/niederoesterreich/tulln/architekten-haus-130m2-suedhang-wintergarten-1655700397/,,"Evening 2026-10-05 NEW. Riederberg private sale €550k / 130 m² / 3 rooms; architect-designed house in a small housing group on a south slope, Wintergarten, full cellar, 2 garages, own garden + shared vegetable garden, ~1 ha shared association forest. Listing says 14 km / 14 min to U4 Hütteldorf. Sparse listing: no plot size, Baujahr or energy certificate. ~€100k over budget, so over_budget. No makler fee. Published ~14:03 Europe/Vienna (adid 1655700397).",2026-10-05,active,2026-10-05,2026-10-10,,,,,,seen,private,ISPRIVATE=1,,4230.8,6.1,0.0,19250,6050,8250,0,33550,583550,,not stated in listing,unknown,Bestandshaus (BUILDING_TYPE Neubau tag but no Baujahr); bezugsfertig nach Vereinbarung,detail attributes + description,img/OB22.jpg,archive/OB22.html,2026-10-05,2026-10-05T17:35,4,Not recommended,"{""cost"":4.5,""pt"":9.3,""drive"":4.3,""living"":5.3,""garden"":1.0,""storage"":5,""room5"":0,""sauna"":0,""penalty"":-25}",False,Weak fit (4/100): Cellar mentioned; High overall cost (est. €604k–€649k incl. renovation).,Cellar mentioned,High overall cost (est. €604k–€649k incl. renovation) | Only 3 rooms — fails the 4-room need | Garden size unknown,Private seller: no buyer commission,20000,65000,603550,648550,384,"Est. ~€384/month: BK €150 (assumed, not in listing) + heating ~€234 (HWB 180 assumed, Gas + Wood). Estimate.",yes,,2026-10-10,condition unknown: €150–500/m²
HM22,Doppelhaushälfte mit Garten in Grünruhelage (Königstetten),honourable,,DHH,Königstetten,3433,Bezirk Tulln / Königstetten,Tulln area,387000,"under budget; Makler 3% + USt (€13,932)",102.62,,4,2005,,,"Zentralheizung, wassergeführter Pelletofen (~20 J., muss ersetzt werden)",Pellets + Electric,Pelletofen; Pellets; Elektroheizung,True,True,1 Stellplatz,False,False,False,"Gebrauchte DHH BJ ca. 2005 in ruhiger Wohnsiedlung; 102.6 m² WNF (EG + DG) plus ~58 m² ausgebauter, beheizter Keller; 3 Schlafzimmer, 1 Bad, 2 WC; Garten ~150 m² (naturbelassen); Bad im EG noch nicht fertiggestellt; Küche und Pelletofen ~20 Jahre alt (Ofen muss ersetzt werden); kein Energieausweis vorgelegt",,,,,39,osrm_free_flow,72,vao_hafas_weekday_100000_best_of_5,48.30195,16.151861,listing_coords,https://www.willhaben.at/iad/immobilien/d/haus-kaufen/niederoesterreich/tulln/tolles-leistbares-wohnjuwel-in-bestlage-von-koenigstetten-mit-vielen-hochwertigen-ausstattungsdetails-und-hoher-lebensqualitaet-1726164457/,,"Evening 2026-10-06 NEW. Königstetten Doppelhaushälfte €387k / 102.6 m² / 4 rooms, BJ ~2005, Raiffeisen Immobilien. Extra ~58 m² finished heated cellar rooms; garden ~150 m²; 1 parking space. Needs some work: ground-floor bathroom unfinished, ~20-year-old kitchen, pellet boiler must be replaced. Monthly costs ~€205 incl. heating. No energy certificate. Station Zeiselmauer-Königstetten a few minutes' drive. Published ~10:30 Europe/Vienna (adid 1726164457).",2026-10-06,active,2026-10-06,2026-10-10,,,,,,seen,makler,ISPRIVATE=0; DEALER=1,Raiffeisen Immobilien Vermittlung Ges.m.b.H.,3771.2,6.1,3.6,13545,4257,5805,13932,37539,424539,205.27,monatliche Kosten inkl. MwSt €205.27 (Nebenkosten €151.20 + Heizkosten €26.32 netto),sanierungsbedarf,"Gebrauchter Zustand; EG-Bad nicht fertiggestellt, Pelletofen muss ersetzt werden, Küche ~20 J.",description,img/HM22.jpg,archive/HM22.html,2026-10-06,2026-10-06T17:32,42,Not recommended,"{""cost"":19.5,""pt"":10.4,""drive"":4.6,""living"":1.7,""garden"":1.0,""storage"":5,""room5"":0,""sauna"":0,""penalty"":0}",True,Weak fit (42/100): 4 rooms: meets the parents/boys/girls need; Cellar mentioned; Garden size unknown.,4 rooms: meets the parents/boys/girls need | Cellar mentioned,Garden size unknown,"Renovate to own taste; NÖ/federal renovation subsidies (e.g. Sanierungsbonus, heating replacement) may reduce cost | Cellar could take an office/hobby room",70000,145000,494539,569539,390,"Est. ~€390/month: BK €205 (listing) + heating ~€185 (HWB 180 assumed, Pellets + Electric). Estimate.",yes,,2026-10-10,"renovation needed, heavy (old/poor energy/complete): €700–1,400/m²"
OB23,"Ziegelmassiv-Neubau mit Vollkeller, schlüsselfertig (Chorherrn)",over_budget,,EFH,Chorherrn,3430,Bezirk Tulln / Tulbing,Tulln area,497000,"over budget; Makler 3% + USt (€17,892); Garage optional +€18,000",91,200,4,2025,B,44.8,Luft-Wasser-Wärmepumpe mit Fußbodenheizung,Air-source heat pump,Luft-Wasser-Wärmepumpe · also PV,True,True,"1 Kfz-Stellplatz inkl.; Garagenplatz optional €18,000",False,False,False,"Erstbezug Ziegelmassiv-Neubau BJ 2025, schlüsselfertig, sofort verfügbar; 91 m² WNF auf 2 Etagen + Vollkeller (Haustechnik); EG Wohn-/Ess-/Küche + WC, OG 3 Schlafzimmer (10/12/14 m²) + Bad mit barrierefreier Dusche; ~200 m² Grund im Wohnungseigentum; Terrasse/Außenbereich noch nicht ausgeführt (laut Plan); Leerverrohrung Klima/PV; HWB 44.8 (B), fGEE 0.71 (A)",,,,,35,osrm_free_flow (village centroid),73,vao_hafas_weekday_100000_best_of_5 (village centroid),48.2858765,16.0864432,town,https://www.willhaben.at/iad/immobilien/d/haus-kaufen/niederoesterreich/tulln/-ziegel-massiv-neubau-mit-vollkeller-sofortbezug-moeglich-1535571698/,,"Morning 2026-10-07 NEW. Chorherrn (Gemeinde Tulbing) schlüsselfertiger Ziegelmassiv-Neubau €497k / 91 m² / 4 rooms, BJ 2025, Erstbezug, Immobilien Tulln KHG. Full cellar, heat pump + underfloor heating, HWB B. Plot ~200 m² held as Wohnungseigentum. Terrace and outdoor area still to be finished. Garage +€18k optional. ~€5,462/m². Over €450k budget → OB. Tullnerfeld station 8–10 min. Published ~06:07 Europe/Vienna (adid 1535571698).",2026-10-07,active,2026-10-07,2026-10-10,,,,,,seen,makler,ISPRIVATE=0; DEALER=1,Immobilien Tulln KHG GmbH,5461.5,6.1,3.6,17395,5467,7455,17892,48209,545209,99,monatliche Kosten inkl. MwSt €99,schluesselfertig,"Schlüsselfertig, Erstbezug; Terrasse/Außenbereich noch nicht ausgeführt",description,img/OB23.jpg,archive/OB23.html,2026-10-07,2026-10-07T06:29,44,Not recommended,"{""cost"":21.7,""pt"":10.1,""drive"":5.7,""living"":0.1,""garden"":0.9,""storage"":5,""room5"":0,""sauna"":0,""penalty"":0}",True,Weak fit (44/100): 4 rooms: meets the parents/boys/girls need; Cellar mentioned; Small living area (91 m²).,4 rooms: meets the parents/boys/girls need | Cellar mentioned,Small living area (91 m²) | Little garden (est. ~145 m²),Cellar could take an office/hobby room,0,10000,545209,555209,123,"Est. ~€123/month: BK €99 (listing) + heating ~€24 (HWB 45, Air-source heat pump). Estimate.",yes,145,2026-10-10,turnkey: minor works only
HM23,"Neubau-Doppelhaushälfte belagsfertig, Fertigstellung 2027 (Zwentendorf)",honourable,,DHH,Zwentendorf an der Donau,3435,Bezirk Tulln / Zwentendorf an der Donau,Tulln area,399000,"under budget; belagsfertig, schlüsselfertig gegen Aufpreis (not quoted); Makler 3% + USt (€14,364)",113,115,4,2027,,,Luftwärmepumpe mit Fußbodenheizung,Air-source heat pump,Luftwärmepumpe,True,True,2 Kfz-Stellplätze (E-Lade-Vorbereitung),False,False,False,"Neubauprojekt (2 Doppelhäuser / 4 Einheiten) in Ziegelmassivbauweise, Fertigstellung voraussichtlich 2027; ca. 110.8–113 m² Nutzfläche auf 2 Ebenen; EG Wohnküche ~42.6 m² + WC + Technikraum, OG 3 Schlafzimmer (10.8/13.5/15.1 m²) + Bad + WC + HWR; Terrasse ~19 m², Loggia ~5 m², Garten; Übergabe belagsfertig, fertiggestellt/schlüsselfertig gegen Aufpreis; 3-fach-Verglasung, Klima-Vorbereitung; Energieausweis in Arbeit; Doppelmakler",,,,,42,osrm_free_flow,89,vao_hafas_weekday_100000_best_of_5,48.34268,15.904277,listing_coords,https://www.willhaben.at/iad/immobilien/d/haus-kaufen/niederoesterreich/tulln/-jetzt-sichern-2027-einziehen-2027798521/,,"Evening 2026-10-07 NEW. Zwentendorf an der Donau Neubau-DHH €399k / ~113 m² / 4 rooms (3 bedrooms), plot ~115 m², Fertigstellung 2027, REMAX Donau-City-Immobilien. Luftwärmepumpe + FBH, Ziegelmassiv, 2 parking spaces; energy certificate pending. Handed over belagsfertig (schlüsselfertig only at extra cost, price not stated), off-plan, small plot and long PT (~89 min to 8th district / ~42 min drive to 21st) → honourable, not shortlist. ~€3,531/m². Published ~17:13 Europe/Vienna (adid 2027798521).",2026-10-07,active,2026-10-07,2026-10-10,,,,,,seen,makler,ISPRIVATE=0; DEALER=1; Doppelmakler,REMAX Donau-City-Immobilien,3531.0,6.1,3.6,13965,4389,5985,14364,38703,437703,,nicht angegeben (willhaben detail),belagsfertig,Übergabe belagsfertig; auf Wunsch gegen Aufpreis fertiggestellt/schlüsselfertig,description,img/HM23.jpg,archive/HM23.html,2026-10-07,2026-10-07T17:32,43,Not recommended,"{""cost"":30.5,""pt"":5.7,""drive"":3.7,""living"":3.1,""garden"":0.0,""storage"":0,""room5"":0,""sauna"":0,""penalty"":0}",True,Weak fit (43/100): Low overall cost (est. €468k–€488k incl. renovation); 4 rooms: meets the parents/boys/girls need; Little garden (est. ~47 m²).,Low overall cost (est. €468k–€488k incl. renovation) | 4 rooms: meets the parents/boys/girls need,Little garden (est. ~47 m²) | Cellar unknown,Choose own floors/finishes,30000,50000,467703,487703,269,"Est. ~€269/month: BK €150 (assumed, not in listing) + heating ~€119 (HWB 180 assumed, Air-source heat pump). Estimate.",unknown,47,2026-10-10,"belagsfertig: floors, doors, painting, fittings at €250–450/m²"
MF1,EFH — Sanierungsbedürftiges Einfamilienhaus mit Garten! (Ollersdorf),shortlist,,EFH,Ollersdorf,2252,Bezirk Gänserndorf / Angern an der March,Marchfeld,169000,,150.0,963.0,6,1910,G,315.9,Zentralheizung,Unknown,"listing only names Zentralheizung, no fuel",True,True,Garage,True,False,False,Sanierungsbedürftig; Baujahr 1910,,,,,48,osrm_free_flow,88,vao_hafas_weekday_100000_best_of_5,48.39769,16.79142,listing_coords,https://www.willhaben.at/iad/immobilien/d/haus-kaufen/niederoesterreich/gaenserndorf/sanierungsbeduerftiges-einfamilienhaus-mit-garten-2062158027/,,"Region expansion 2026-10-08 (Marchfeld). Ollersdorf EFH €169.000 / 150 m² / 6 rooms / plot 963 m² / BJ 1910 / HWB G 315.9 / Zentralheizung; REMAX Eco. ~48 min drive (21st district) / ~88 min PT (8th district). needs renovation. adid 2062158027, first published 2026-08-06.",2026-10-08,active,2026-10-08,2026-10-10,,,,,,seen,makler,"ISPRIVATE=0; Provision: 6.084,00 EUR inkl. 20% USt.",REMAX Eco,1126.67,6.1,3.6,5915,1859,2535,6084,16393,185393,70.0,willhaben MONTHCOSTS_GROSS,sanierungsbedarf,Sanierungsbedürftig,willhaben detail (condition/description),img/MF1.jpg,archive/MF1.html,2026-10-08,2026-10-08T10:36,77,Worth a look,"{""cost"":45.0,""pt"":6.0,""drive"":2.0,""living"":8.0,""garden"":10.0,""storage"":2,""room5"":4,""sauna"":0,""penalty"":0}",True,Possible fit (77/100): Low overall cost (est. €290k–€395k incl. renovation); 6 rooms: one spare for guests/office; Long drive to the 21st district (48 min).,Low overall cost (est. €290k–€395k incl. renovation) | 6 rooms: one spare for guests/office | Spacious (150 m² living) | Large garden (est. ~873 m²) | Some storage (no cellar named),Long drive to the 21st district (48 min),"Renovate to own taste; NÖ/federal renovation subsidies (e.g. Sanierungsbonus, heating replacement) may reduce cost | Big plot: room for play area, garden shed or extension",105000,210000,290393,395393,544,"Est. ~€544/month: BK €70 (listing) + heating ~€474 (HWB 316, Unknown). Estimate.",storage,873,2026-10-10,"renovation needed, heavy (old/poor energy/complete): €700–1,400/m²"
MF3,EFH — Ruhig gelegenes Einfamilienhaus in 2294 Marchegg (A191-2026) (Marchegg),shortlist,,EFH,Marchegg,2294,Bezirk Gänserndorf / Marchegg,Marchfeld,295000,,136.0,768.0,4,,D,107.2,"Holzofen, Pellets",Heat pump + Pellets + Wood,Wärmepumpe; Pellets; Holzofen; Festbrennstoff,True,True,"Carport, Garage, Parkplatz",True,False,False,Keller,,,,,79,osrm_free_flow,81,vao_hafas_weekday_100000_best_of_5_from_town_centre (no stop within walking range of the listing pin),48.23771,16.918978,listing_coords,https://www.willhaben.at/iad/immobilien/d/haus-kaufen/niederoesterreich/gaenserndorf/ruhig-gelegenes-einfamilienhaus-in-2294-marchegg-a191-2026-1460149352/,,"Region expansion 2026-10-08 (Marchfeld). Marchegg EFH €295.000 / 136 m² / 4 rooms / plot 768 m² / HWB D 107.2 / Holzofen, Pellets; Makler. ~79 min drive (21st district) / ~81 min PT (8th district). room count read from the description. adid 1460149352, first published 2026-09-13.",2026-10-08,active,2026-10-08,2026-10-10,,,,,,seen,makler,ISPRIVATE=0,,2169.12,6.1,3.6,10325,3245,4425,10620,28615,323615,,nicht angegeben (willhaben detail),unknown,,willhaben detail (condition/description),img/MF3.jpg,archive/MF3.html,2026-10-08,2026-10-08T10:36,74,Worth a look,"{""cost"":45.0,""pt"":7.9,""drive"":0.0,""living"":6.1,""garden"":10.0,""storage"":5,""room5"":0,""sauna"":0,""penalty"":0}",True,Possible fit (74/100): Low overall cost (est. €359k–€404k incl. renovation); 4 rooms: meets the parents/boys/girls need; Long drive to the 21st district (79 min).,Low overall cost (est. €359k–€404k incl. renovation) | 4 rooms: meets the parents/boys/girls need | Large garden (est. ~686 m²) | Cellar mentioned,Long drive to the 21st district (79 min),"Big plot: room for play area, garden shed or extension | Cellar could take an office/hobby room",35000,80000,358615,403615,235,"Est. ~€235/month: BK €150 (assumed, not in listing) + heating ~€85 (HWB 107, Heat pump + Pellets + Wood). Estimate.",yes,686,2026-10-10,1970–89 or HWB D/E: partial renovation €250–600/m²
MF4,Bungalow — PRIVATVERKAUF OHNE MAKLER - Charmantes Eckhaus mit großzügigem Garten in Marchegg-Bahnhof (Marchegg),shortlist,,Bungalow,Marchegg,2294,Bezirk Gänserndorf / Marchegg,Marchfeld,259000,price reduced on willhaben (was €269.000),110.0,811.0,4,,,,"Gasheizung, Holzofen",Gas + Wood,Gasheizung; Holzofen,True,True,Garage,True,False,False,Renoviert; Neubau,,,,,56,osrm_free_flow,62,vao_hafas_weekday_100000_best_of_5,48.25335,16.91997,listing_coords,https://www.willhaben.at/iad/immobilien/d/haus-kaufen/niederoesterreich/gaenserndorf/privatverkauf-ohne-makler-charmantes-eckhaus-mit-grosszuegigem-garten-in-marchegg-bahnhof-1885051869/,,"Region expansion 2026-10-08 (Marchfeld). Marchegg Bungalow €259.000 / 110 m² / 4 rooms / plot 811 m² / Gasheizung, Holzofen; private seller. ~56 min drive (21st district) / ~62 min PT (8th district). adid 1885051869, first published 2026-09-17.",2026-10-08,active,2026-10-08,2026-10-10,,,,,,seen,private,ISPRIVATE=1; Provision: 0,,2354.55,6.1,0.0,9065,2849,3885,0,15799,274799,,nicht angegeben (willhaben detail),unknown,Renoviert,willhaben detail (condition/description),img/MF4.jpg,archive/MF4.html,2026-10-08,2026-10-08T10:36,73,Worth a look,"{""cost"":45.0,""pt"":13.1,""drive"":0.0,""living"":2.7,""garden"":10.0,""storage"":2,""room5"":0,""sauna"":0,""penalty"":0}",True,Possible fit (73/100): Low overall cost (est. €290k–€330k incl. renovation); Good public transport to the 8th district (62 min); Long drive to the 21st district (56 min).,Low overall cost (est. €290k–€330k incl. renovation) | Good public transport to the 8th district (62 min) | 4 rooms: meets the parents/boys/girls need | Large garden (est. ~745 m²) | Some storage (no cellar named),Long drive to the 21st district (56 min),"Private seller: no buyer commission | Big plot: room for play area, garden shed or extension",15000,55000,289799,329799,348,"Est. ~€348/month: BK €150 (assumed, not in listing) + heating ~€198 (HWB 180 assumed, Gas + Wood). Estimate.",storage,745,2026-10-10,condition unknown: €150–500/m²
MF5,EFH — LEISTBARER BUNGALOW im schönen OBERWEIDEN (Oberweiden),shortlist,,EFH,Oberweiden,2295,Bezirk Gänserndorf / Weiden an der March,Marchfeld,269000,,106.0,959.0,4,1977,F,218.3,Zentralheizung,Gas,Gas Zentralheizung; Gasheizung,True,False,,False,False,False,Baujahr 1977; Keller,,,,,51,osrm_free_flow,76,vao_hafas_weekday_100000_best_of_5,48.30697,16.82914,listing_coords,https://www.willhaben.at/iad/immobilien/d/haus-kaufen/niederoesterreich/gaenserndorf/leistbarer-bungalow-im-schoenen-oberweiden-1532563876/,https://www.willhaben.at/iad/immobilien/d/haus-kaufen/niederoesterreich/gaenserndorf/leistbarer-bungalow-im-schoenen-oberweiden-919253687/,"Region expansion 2026-10-08 (Marchfeld). Oberweiden EFH €269.000 / 106 m² / 4 rooms / plot 959 m² / BJ 1977 / HWB F 218.3 / Zentralheizung; REMAX Aktiv. ~51 min drive (21st district) / ~76 min PT (8th district). adid 919253687, first published 2026-09-05. Republished 2026-10-09 under willhaben adid 1532563876.",2026-10-08,active,2026-10-08,2026-10-10,,,,,,seen,makler,ISPRIVATE=0; Provision: 3% des Kaufpreises zzgl. 20% USt.,REMAX Aktiv,2537.74,6.1,3.6,9415,2959,4035,9684,26093,295093,,nicht angegeben (willhaben detail),unknown,,willhaben detail (condition/description),img/MF5.jpg,archive/MF5.html,2026-10-08,2026-10-08T10:36,72,Worth a look,"{""cost"":45.0,""pt"":9.3,""drive"":1.1,""living"":2.1,""garden"":10.0,""storage"":5,""room5"":0,""sauna"":0,""penalty"":0}",True,Possible fit (72/100): Low overall cost (est. €345k–€390k incl. renovation); 4 rooms: meets the parents/boys/girls need; Long drive to the 21st district (51 min).,Low overall cost (est. €345k–€390k incl. renovation) | 4 rooms: meets the parents/boys/girls need | Large garden (est. ~895 m²) | Cellar mentioned,Long drive to the 21st district (51 min),"Renovate to own taste; NÖ/federal renovation subsidies (e.g. Sanierungsbonus, heating replacement) may reduce cost | Big plot: room for play area, garden shed or extension | Cellar could take an office/hobby room",50000,95000,345093,390093,381,"Est. ~€381/month: BK €150 (assumed, not in listing) + heating ~€231 (HWB 218, Gas). Estimate.",yes,895,2026-10-10,pre-1970 or HWB F/G: substantial renovation €450–900/m²
MF6,RH — 360° TOUR // EINFAMILIENHAUS in ruhiger COTTAGELAGE von STRASSHOF (Strasshof an der Nordbahn),shortlist,,RH,Strasshof an der Nordbahn,2231,Bezirk Gänserndorf / Strasshof an der Nordbahn,Marchfeld,300000,,110.15,,5,1994,D,113.8,Zentralheizung,Gas,Gas-Zentralheizung; Gasheizung,True,True,Garage,True,False,False,Neuwertig; Baujahr 1994,,,,,31,osrm_free_flow,70,vao_hafas_weekday_100000_best_of_5,48.3112,16.633247,listing_coords,https://www.willhaben.at/iad/immobilien/d/haus-kaufen/niederoesterreich/gaenserndorf/360-tour-einfamilienhaus-in-ruhiger-cottagelage-von-strasshof-789683734/,,"Region expansion 2026-10-08 (Marchfeld). Strasshof an der Nordbahn RH €300.000 / 110 m² / 5 rooms / plot not stated / BJ 1994 / HWB D 113.8 / Zentralheizung; KALANDRA Immobilien. ~31 min drive (21st district) / ~70 min PT (8th district). adid 789683734, first published 2025-09-01.",2026-10-08,active,2026-10-08,2026-10-10,,,,,,seen,makler,ISPRIVATE=0; Provision: 3% des Kaufpreises zzgl. 20% USt.,KALANDRA Immobilien,2723.56,6.1,3.6,10500,3300,4500,10800,29100,329100,207.9,willhaben MONTHCOSTS_GROSS,schluesselfertig,Neuwertig,willhaben detail (condition/description),img/MF6.jpg,archive/MF6.html,2026-10-08,2026-10-08T10:36,72,Worth a look,"{""cost"":45.0,""pt"":10.9,""drive"":6.9,""living"":2.7,""garden"":1.0,""storage"":2,""room5"":4,""sauna"":0,""penalty"":0}",True,Possible fit (72/100): Low overall cost (est. €329k–€339k incl. renovation); 5 rooms: one spare for guests/office; Garden size unknown.,Low overall cost (est. €329k–€339k incl. renovation) | 5 rooms: one spare for guests/office | Some storage (no cellar named),Garden size unknown,Negotiate on price; check BK and heating bills,0,10000,329100,339100,333,"Est. ~€333/month: BK €208 (listing) + heating ~€125 (HWB 114, Gas). Estimate.",storage,,2026-10-10,turnkey: minor works only
MF7,EFH — WIE NEU!! Komplett saniertes Einfamilienhaus mit Charme und viel Platz (Marchegg),shortlist,,EFH,Marchegg,2294,Bezirk Gänserndorf / Marchegg,Marchfeld,329000,,140.0,500.0,4,1975,,,Fußbodenheizung,Air-source heat pump,Luftwärmepumpe,True,True,"Garage, Parkplatz",True,False,False,Renoviert; Baujahr 1975; Keller,,,,,56,osrm_free_flow,69,vao_hafas_weekday_100000_best_of_5,48.251797,16.911263,listing_coords,https://www.willhaben.at/iad/immobilien/d/haus-kaufen/niederoesterreich/gaenserndorf/wie-neu-komplett-saniertes-einfamilienhaus-mit-charme-und-viel-platz-869155953/,,"Region expansion 2026-10-08 (Marchfeld). Marchegg EFH €329.000 / 140 m² / 4 rooms / plot 500 m² / BJ 1975 / Fußbodenheizung; Immo-Company Haas & Urban Immobilien GmbH. ~56 min drive (21st district) / ~69 min PT (8th district). adid 869155953, first published 2024-09-26.",2026-10-08,active,2026-10-08,2026-10-10,,,,,,seen,makler,ISPRIVATE=0; Provision: 3% des Kaufpreises zzgl. 20% USt.,Immo-Company Haas & Urban Immobilien GmbH,2350.0,6.1,3.6,11515,3619,4935,11844,31913,360913,70.0,willhaben MONTHCOSTS_GROSS,unknown,Renoviert,willhaben detail (condition/description),img/MF7.jpg,archive/MF7.html,2026-10-08,2026-10-08T10:36,70,Worth a look,"{""cost"":40.7,""pt"":11.2,""drive"":0.0,""living"":6.7,""garden"":6.3,""storage"":5,""room5"":0,""sauna"":0,""penalty"":0}",True,Possible fit (70/100): Low overall cost (est. €396k–€446k incl. renovation); 4 rooms: meets the parents/boys/girls need; Long drive to the 21st district (56 min).,Low overall cost (est. €396k–€446k incl. renovation) | 4 rooms: meets the parents/boys/girls need | Spacious (140 m² living) | Cellar mentioned,Long drive to the 21st district (56 min),Cellar could take an office/hobby room,35000,85000,395913,445913,217,"Est. ~€217/month: BK €70 (listing) + heating ~€147 (HWB 180 assumed, Air-source heat pump). Estimate.",yes,416,2026-10-10,1970–89 or HWB D/E: partial renovation €250–600/m²
MF8,EFH — Haus zu verkaufen - Privat (Groß-Schweinbarth),shortlist,,EFH,Groß-Schweinbarth,2221,Bezirk Gänserndorf / Groß-Schweinbarth,Marchfeld,359000,,200.0,732.0,6,,,,"Zentralheizung, Gasheizung, Holzofen, Hauszentralheizung, Radiatoren",Gas + Wood,Gasheizung; Holzofen,True,True,"Carport, Parkplatz",False,False,False,Altbau; Keller,,,,,34,osrm_free_flow,87,vao_hafas_weekday_100000_best_of_6,48.417564,16.628275,listing_coords,https://www.willhaben.at/iad/immobilien/d/haus-kaufen/niederoesterreich/gaenserndorf/haus-zu-verkaufen-privat-1466837279/,,"Region expansion 2026-10-08 (Marchfeld). Groß-Schweinbarth EFH €359.000 / 200 m² / 6 rooms / plot 732 m² / Zentralheizung, Gasheizung, Holzofen, Hauszentralheizung, Radiatoren; private seller. ~34 min drive (21st district) / ~87 min PT (8th district). adid 1466837279, first published 2026-09-18.",2026-10-08,active,2026-10-08,2026-10-10,,,,,,seen,private,ISPRIVATE=1,,1795.0,6.1,0.0,12565,3949,5385,0,21899,380899,,nicht angegeben (willhaben detail),unknown,,willhaben detail (condition/description),img/MF8.jpg,archive/MF8.html,2026-10-08,2026-10-08T10:36,70,Worth a look,"{""cost"":31.0,""pt"":6.3,""drive"":6.0,""living"":8.0,""garden"":10.0,""storage"":5,""room5"":4,""sauna"":0,""penalty"":0}",True,Possible fit (70/100): Low overall cost (est. €411k–€481k incl. renovation); 6 rooms: one spare for guests/office.,Low overall cost (est. €411k–€481k incl. renovation) | 6 rooms: one spare for guests/office | Spacious (200 m² living) | Large garden (est. ~612 m²) | Cellar mentioned,,"Private seller: no buyer commission | Big plot: room for play area, garden shed or extension",30000,100000,410899,480899,510,"Est. ~€510/month: BK €150 (assumed, not in listing) + heating ~€360 (HWB 180 assumed, Gas + Wood). Estimate.",yes,612,2026-10-10,condition unknown: €150–500/m²
MF9,EFH — Sanieren. Neu denken. Verwirklichen. (Mannersdorf an der March),shortlist,,EFH,Mannersdorf an der March,2261,Bezirk Gänserndorf / Angern an der March,Marchfeld,90000,,125.0,600.0,4,1950,G,270.4,,Unknown,no heating system named in the listing text,True,False,,False,False,False,Neubau; Baujahr 1950,,,,,49,osrm_free_flow,75,vao_hafas_weekday_100000_best_of_6,48.38404,16.831701,listing_coords,https://www.willhaben.at/iad/immobilien/d/haus-kaufen/niederoesterreich/gaenserndorf/sanieren-neu-denken-verwirklichen-1053009063/,https://www.willhaben.at/iad/immobilien/d/haus-kaufen/niederoesterreich/gaenserndorf/sanieren-neu-denken-verwirklichen-2132982471/,"Region expansion 2026-10-08 (Marchfeld). Mannersdorf an der March EFH €90.000 / 125 m² / 4 rooms / plot 600 m² / BJ 1950 / HWB G 270.4; Kokron Immobilien e.U.. ~49 min drive (21st district) / ~75 min PT (8th district). needs renovation. adid 2132982471, first published 2026-08-26. Republished 2026-10-09 under willhaben adid 1053009063.",2026-10-08,active,2026-10-08,2026-10-10,,,,,,seen,makler,ISPRIVATE=0; Provision: 3% des Kaufpreises zzgl. 20% USt.,Kokron Immobilien e.U.,720.0,6.1,3.6,3150,990,1350,3240,8730,98730,,nicht angegeben (willhaben detail),sanierungsbedarf,,willhaben detail (condition/description),img/MF9.jpg,archive/MF9.html,2026-10-08,2026-10-08T10:36,69,Worth a look,"{""cost"":45.0,""pt"":9.5,""drive"":1.7,""living"":4.7,""garden"":8.5,""storage"":0,""room5"":0,""sauna"":0,""penalty"":0}",True,Possible fit (69/100): Low overall cost (est. €189k–€274k incl. renovation); 4 rooms: meets the parents/boys/girls need; Long drive to the 21st district (49 min).,Low overall cost (est. €189k–€274k incl. renovation) | 4 rooms: meets the parents/boys/girls need | Large garden (est. ~525 m²),Long drive to the 21st district (49 min) | Cellar unknown,"Renovate to own taste; NÖ/federal renovation subsidies (e.g. Sanierungsbonus, heating replacement) may reduce cost",90000,175000,188730,273730,488,"Est. ~€488/month: BK €150 (assumed, not in listing) + heating ~€338 (HWB 270, Unknown). Estimate.",unknown,525,2026-10-10,"renovation needed, heavy (old/poor energy/complete): €700–1,400/m²"
MF10,EFH — Machen Sie es zu Ihrem Projekt - Viel Platz für Ihre Ideen (Oberweiden),shortlist,,EFH,Oberweiden,2295,Bezirk Gänserndorf / Weiden an der March,Marchfeld,279000,,100.0,1111.0,4,1930,G,379.0,Gasheizung,Gas + Wood,Gasheizung; Heizungsart: HOLZ,True,True,,True,False,False,Renoviert; Baujahr 1930; Keller,,,,,50,osrm_free_flow,81,vao_hafas_weekday_100000_best_of_5,48.30311,16.829731,listing_coords,https://www.willhaben.at/iad/immobilien/d/haus-kaufen/niederoesterreich/gaenserndorf/machen-sie-es-zu-ihrem-projekt-viel-platz-fuer-ihre-ideen-1182624914/,,"Region expansion 2026-10-08 (Marchfeld). Oberweiden EFH €279.000 / 100 m² / 4 rooms / plot 1111 m² / BJ 1930 / HWB G 379.0 / Gasheizung; RIMMO Prime Vermittlungs GmbH. ~50 min drive (21st district) / ~81 min PT (8th district). adid 1182624914, first published 2026-09-21.",2026-10-08,active,2026-10-08,2026-10-10,,,,,,seen,makler,ISPRIVATE=0; Provision: 3% des Kaufpreises zzgl. 20% USt.,RIMMO Prime Vermittlungs GmbH,2790.0,6.1,3.6,9765,3069,4185,10044,27063,306063,,nicht angegeben (willhaben detail),unknown,Renoviert,willhaben detail (condition/description),img/MF10.jpg,archive/MF10.html,2026-10-08,2026-10-08T10:36,68,Worth a look,"{""cost"":42.3,""pt"":7.9,""drive"":1.4,""living"":1.3,""garden"":10.0,""storage"":5,""room5"":0,""sauna"":0,""penalty"":0}",True,Possible fit (68/100): Low overall cost (est. €351k–€396k incl. renovation); 4 rooms: meets the parents/boys/girls need; Long drive to the 21st district (50 min).,Low overall cost (est. €351k–€396k incl. renovation) | 4 rooms: meets the parents/boys/girls need | Large garden (est. ~1051 m²) | Cellar mentioned,Long drive to the 21st district (50 min),"Big plot: room for play area, garden shed or extension | Cellar could take an office/hobby room",45000,90000,351063,396063,529,"Est. ~€529/month: BK €150 (assumed, not in listing) + heating ~€379 (HWB 379, Gas + Wood). Estimate.",yes,1051,2026-10-10,pre-1970 or HWB F/G: substantial renovation €450–900/m²
MF11,EFH — Einfamilienhaus mit großem 721m2 Grundstück und Indoor-Pool (Leopoldsdorf im Marchfelde),shortlist,,EFH,Leopoldsdorf im Marchfelde,2285,Bezirk Gänserndorf / Leopoldsdorf im Marchfelde,Marchfeld,329000,price reduced on willhaben (was €349.000),83.15,721.0,4.5,1968,G,309.0,Zentralheizung,Pellets,Pellets; Pelletheizung,True,True,Garage,True,False,True,Sanierungsbedürftig; Baujahr 1968; Keller,,,,,37,osrm_free_flow,53,vao_hafas_weekday_100000_best_of_5,48.229042,16.697193,listing_coords,https://www.willhaben.at/iad/immobilien/d/haus-kaufen/niederoesterreich/gaenserndorf/einfamilienhaus-mit-grossem-721m2-grundstueck-und-indoor-pool-1884401921/,,"Region expansion 2026-10-08 (Marchfeld). Leopoldsdorf im Marchfelde EFH €329.000 / 83 m² / 4.5 rooms / plot 721 m² / BJ 1968 / HWB G 309.0 / Zentralheizung; 4 Immobilien GmbH. ~37 min drive (21st district) / ~53 min PT (8th district). needs renovation. adid 1884401921, first published 2026-03-16.",2026-10-08,active,2026-10-08,2026-10-10,,,,,,seen,makler,ISPRIVATE=0; Provision: 3% des Kaufpreises zzgl. 20% USt.,4 Immobilien GmbH,3956.7,6.1,3.6,11515,3619,4935,11844,31913,360913,150.0,willhaben MONTHCOSTS_GROSS,sanierungsbedarf,Sanierungsbedürftig,willhaben detail (condition/description),img/MF11.jpg,archive/MF11.html,2026-10-08,2026-10-08T10:36,68,Worth a look,"{""cost"":32.6,""pt"":15.0,""drive"":5.1,""living"":0.0,""garden"":10.0,""storage"":5,""room5"":0,""sauna"":0,""penalty"":0}",True,Possible fit (68/100): Low overall cost (est. €421k–€476k incl. renovation); Good public transport to the 8th district (53 min); Small living area (83 m²).,Low overall cost (est. €421k–€476k incl. renovation) | Good public transport to the 8th district (53 min) | 4 rooms: meets the parents/boys/girls need | Large garden (est. ~671 m²) | Cellar mentioned,Small living area (83 m²),"Renovate to own taste; NÖ/federal renovation subsidies (e.g. Sanierungsbonus, heating replacement) may reduce cost | Big plot: room for play area, garden shed or extension | Cellar could take an office/hobby room",60000,115000,420913,475913,407,"Est. ~€407/month: BK €150 (listing) + heating ~€257 (HWB 309, Pellets). Estimate.",yes,671,2026-10-10,"renovation needed, heavy (old/poor energy/complete): €700–1,400/m²"
MF12,"EFH — Großzügiges Einfamilienhaus mit viel Potential, sonnigen Terrassen, Garage plus Carport! (Strasshof an der Nordbahn)",shortlist,,EFH,Strasshof an der Nordbahn,2231,Bezirk Gänserndorf / Strasshof an der Nordbahn,Marchfeld,379000,,135.11,566.87,4,1971,C,74.0,Zentralheizung,Air-source heat pump + Gas,Luftwärmepumpe; Gas-Zentralheizung; Gasheizung,True,True,"Garage, Parkplatz",True,False,False,Sehr gut/gut; Neubau; Baujahr 1971; Keller,,,,,33,osrm_free_flow,70,vao_hafas_weekday_100000_best_of_5,48.321335,16.644985,listing_coords,https://www.willhaben.at/iad/immobilien/d/haus-kaufen/niederoesterreich/gaenserndorf/grosszuegiges-einfamilienhaus-mit-viel-potential-sonnigen-terrassen-garage-plus-carport-1754589125/,,"Region expansion 2026-10-08 (Marchfeld). Strasshof an der Nordbahn EFH €379.000 / 135 m² / 4 rooms / plot 567 m² / BJ 1971 / HWB C 74.0 / Zentralheizung; Wolke 7 Immobilien-Gruppe. ~33 min drive (21st district) / ~70 min PT (8th district). adid 1754589125, first published 2026-10-05.",2026-10-08,disappeared,2026-10-08,2026-10-09,2026-10-09,,,,,disappeared,makler,ISPRIVATE=0; Provision: 3% des Kaufpreises zzgl. 20% USt.,Wolke 7 Immobilien-Gruppe,2805.12,6.1,3.6,13265,4169,5685,13644,36763,415763,,nicht angegeben (willhaben detail),unknown,Sehr gut/gut,willhaben detail (condition/description),img/MF12.jpg,archive/MF12.html,2026-10-08,2026-10-08T10:36,,,,,,,,,,,,,,,,,,
MF13,EFH — Einfamilienhaus mit Garten in ruhiger Lage in Gänserndorf Süd (Gänserndorf),shortlist,,EFH,Gänserndorf,2230,Bezirk Gänserndorf / Gänserndorf,Marchfeld,380000,,118.0,552.0,6,,,,"Luftwärmepumpe, Holzofen, Fußbodenheizung, Photovoltaik, Radiatoren",Air-source heat pump + Wood,Luftwärmepumpe; Holzofen · also Photovoltaik; PV,True,True,"Garage, Parkplatz",True,False,False,Sehr gut/gut,,,,,40,osrm_free_flow,71,vao_hafas_weekday_100000_best_of_5,48.339375,16.724085,listing_coords,https://www.willhaben.at/iad/immobilien/d/haus-kaufen/niederoesterreich/gaenserndorf/einfamilienhaus-mit-garten-in-ruhiger-lage-in-gaenserndorf-sued-1047840540/,,"Region expansion 2026-10-08 (Marchfeld). Gänserndorf EFH €380.000 / 118 m² / 6 rooms / plot 552 m² / Luftwärmepumpe, Holzofen, Fußbodenheizung, Photovoltaik, Radiatoren; private seller. ~40 min drive (21st district) / ~71 min PT (8th district). adid 1047840540, first published 2026-10-07.",2026-10-08,active,2026-10-08,2026-10-10,,,,,,seen,private,ISPRIVATE=1,,3220.34,6.1,0.0,13300,4180,5700,0,23180,403180,,nicht angegeben (willhaben detail),unknown,Sehr gut/gut,willhaben detail (condition/description),img/MF13.jpg,archive/MF13.html,2026-10-08,2026-10-08T10:36,68,Worth a look,"{""cost"":36.0,""pt"":10.6,""drive"":4.3,""living"":3.7,""garden"":7.6,""storage"":2,""room5"":4,""sauna"":0,""penalty"":0}",True,Possible fit (68/100): Low overall cost (est. €423k–€463k incl. renovation); 6 rooms: one spare for guests/office.,Low overall cost (est. €423k–€463k incl. renovation) | 6 rooms: one spare for guests/office | Large garden (est. ~481 m²) | Some storage (no cellar named),,Private seller: no buyer commission,20000,60000,423180,463180,274,"Est. ~€274/month: BK €150 (assumed, not in listing) + heating ~€124 (HWB 180 assumed, Air-source heat pump + Wood). Estimate.",storage,481,2026-10-10,condition unknown: €150–500/m²
MF14,EFH — Schönes Haus in Auersthal (Auersthal),shortlist,,EFH,Auersthal,2214,Bezirk Gänserndorf / Auersthal,Marchfeld,199000,,98.0,200.0,7,,,,,Unknown,no heating system named in the listing text,True,True,,True,False,False,,,,,,34,osrm_free_flow,80,vao_hafas_weekday_100000_best_of_6,48.379982,16.627455,listing_coords,https://www.willhaben.at/iad/immobilien/d/haus-kaufen/niederoesterreich/gaenserndorf/schoenes-haus-in-auersthal-1882358863/,,"Region expansion 2026-10-08 (Marchfeld). Auersthal EFH €199.000 / 98 m² / 7 rooms / plot 200 m²; Linhardt Immobilien GmbH. ~34 min drive (21st district) / ~80 min PT (8th district). adid 1882358863, first published 2025-02-11.",2026-10-08,active,2026-10-08,2026-10-10,,,,,,seen,makler,ISPRIVATE=0; Provision: 3% des Kaufpreises zzgl. 20% USt.,Linhardt Immobilien GmbH,2030.61,6.1,3.6,6965,2189,2985,7164,19303,218303,100.0,"src: listing text ""Betriebskosten …""",unknown,,willhaben detail (condition/description),img/MF14.jpg,archive/MF14.html,2026-10-08,2026-10-08T10:36,67,Worth a look,"{""cost"":45.0,""pt"":8.2,""drive"":6.0,""living"":1.1,""garden"":0.8,""storage"":2,""room5"":4,""sauna"":0,""penalty"":0}",True,Possible fit (67/100): Low overall cost (est. €233k–€268k incl. renovation); 7 rooms: one spare for guests/office; Small living area (98 m²).,Low overall cost (est. €233k–€268k incl. renovation) | 7 rooms: one spare for guests/office | Some storage (no cellar named),Small living area (98 m²) | Little garden (est. ~141 m²),Negotiate on price; check BK and heating bills,15000,50000,233303,268303,276,"Est. ~€276/month: BK €100 (listing) + heating ~€176 (HWB 180 assumed, Unknown). Estimate.",storage,141,2026-10-10,condition unknown: €150–500/m²
MF15,"EFH — ++ Familienidylle mit 5 Zimmern, Riesen-Terrasse mit 63,5 m² + großer Garten + BJ1997 + 2 (Breitensee)",shortlist,,EFH,Breitensee,2294,Bezirk Gänserndorf / Marchegg,Marchfeld,390000,,143.0,756.0,5,1997,C,73.2,Etagenheizung,Pellets,Pellets; Pelletheizung,True,True,Parkplatz,False,False,False,Sehr gut/gut; Neubau; Baujahr 1997; Keller,,,,,53,osrm_free_flow,92,vao_hafas_weekday_100000_best_of_5,48.229424,16.89726,listing_coords,https://www.willhaben.at/iad/immobilien/d/haus-kaufen/niederoesterreich/gaenserndorf/-familienidylle-mit-5-zimmern-riesen-terrasse-mit-63-5-m-grosser-garten-bj1997-2-kfz-stellplaetze-1366060461/,,"Region expansion 2026-10-08 (Marchfeld). Breitensee EFH €390.000 / 143 m² / 5 rooms / plot 756 m² / BJ 1997 / HWB C 73.2 / Etagenheizung; gb-direkt Finanzberatung & Immobilienhandel GmbH. ~53 min drive (21st district) / ~92 min PT (8th district). adid 1366060461, first published 2026-09-29.",2026-10-08,active,2026-10-08,2026-10-10,,,,,,seen,makler,ISPRIVATE=0; Provision: 3% des Kaufpreises zzgl. 20% USt.,gb-direkt Finanzberatung & Immobilienhandel GmbH,2727.27,6.1,3.6,13650,4290,5850,14040,37830,427830,,nicht angegeben (willhaben detail),unknown,Sehr gut/gut,willhaben detail (condition/description),img/MF15.jpg,archive/MF15.html,2026-10-08,2026-10-08T10:36,67,Worth a look,"{""cost"":35.2,""pt"":4.9,""drive"":0.6,""living"":7.1,""garden"":10.0,""storage"":5,""room5"":4,""sauna"":0,""penalty"":0}",True,Possible fit (67/100): Low overall cost (est. €438k–€463k incl. renovation); 5 rooms: one spare for guests/office; Long public-transport commute to the 8th district (92 min).,Low overall cost (est. €438k–€463k incl. renovation) | 5 rooms: one spare for guests/office | Spacious (143 m² living) | Large garden (est. ~670 m²) | Cellar mentioned,Long public-transport commute to the 8th district (92 min) | Long drive to the 21st district (53 min),"Big plot: room for play area, garden shed or extension",10000,35000,437830,462830,255,"Est. ~€255/month: BK €150 (assumed, not in listing) + heating ~€105 (HWB 73, Pellets). Estimate.",yes,670,2026-10-10,1990–2009 or HWB C: refresh €80–250/m²
MF16,RH — preiswertes Reihenhaus mit 4 Zimmern und schönem Wohnkeller - 15 Min von Wien 22 - PROVISI (Groß-Enzersdorf),shortlist,,RH,Groß-Enzersdorf,2301,Bezirk Gänserndorf / Groß-Enzersdorf,Marchfeld,395000,,93.0,100.0,4,2015,B,34.0,Etagenheizung,Gas,Gas-Zentralheizung; Gasheizung · also Schwedenofen,True,True,"Garage, Parkplatz",True,False,False,Sehr gut/gut; Neubau; Baujahr 2015; Keller,,,,,32,osrm_free_flow,54,vao_hafas_weekday_100000_best_of_5,48.200733,16.552671,listing_coords,https://www.willhaben.at/iad/immobilien/d/haus-kaufen/niederoesterreich/gaenserndorf/preiswertes-reihenhaus-mit-4-zimmern-und-schoenem-wohnkeller-15-min-von-wien-22-provisionsfrei-1759174224/,,"Region expansion 2026-10-08 (Marchfeld). Groß-Enzersdorf RH €395.000 / 93 m² / 4 rooms / plot 100 m² / BJ 2015 / HWB B 34.0 / Etagenheizung; PHImmo Projektentwicklung und Liegenschaftsverwertungs GmbH. ~32 min drive (21st district) / ~54 min PT (8th district). adid 1759174224, first published 2026-09-19.",2026-10-08,active,2026-10-08,2026-10-10,,,,,,seen,private,ISPRIVATE=0; buyer-fee-free→private for fees,PHImmo Projektentwicklung und Liegenschaftsverwertungs GmbH,4247.31,6.1,0.0,13825,4345,5925,0,24095,419095,250.0,willhaben MONTHCOSTS_GROSS,unknown,Sehr gut/gut,willhaben detail (condition/description),img/MF16.jpg,archive/MF16.html,2026-10-08,2026-10-08T10:36,66,Worth a look,"{""cost"":38.5,""pt"":15.0,""drive"":6.6,""living"":0.4,""garden"":0.0,""storage"":5,""room5"":0,""sauna"":0,""penalty"":0}",True,Possible fit (66/100): Low overall cost (est. €419k–€434k incl. renovation); Good public transport to the 8th district (54 min); Small living area (93 m²).,Low overall cost (est. €419k–€434k incl. renovation) | Good public transport to the 8th district (54 min) | 4 rooms: meets the parents/boys/girls need | Cellar mentioned,Small living area (93 m²) | Little garden (est. ~44 m²),Private seller: no buyer commission | Cellar could take an office/hobby room,0,15000,419095,434095,282,"Est. ~€282/month: BK €250 (listing) + heating ~€32 (HWB 34, Gas). Estimate.",yes,44,2026-10-10,recent/efficient: €0–15k
MF17,Bungalow — Bungalow-Traum im Rohbau - Gestalten Sie Ihr Zuhause nach eigenen Wünschen (Groißenbrunn),shortlist,,Bungalow,Groißenbrunn,2294,Bezirk Gänserndorf / Engelhartstetten,Marchfeld,240000,,89.0,879.0,4,2022,,,,Unknown,no heating system named in the listing text,True,True,Garage,True,False,False,Erstbezug; Baujahr 2022,,,,,53,osrm_free_flow,78,vao_hafas_weekday_100000_best_of_5,48.221195,16.90398,listing_coords,https://www.willhaben.at/iad/immobilien/d/haus-kaufen/niederoesterreich/gaenserndorf/bungalow-traum-im-rohbau-gestalten-sie-ihr-zuhause-nach-eigenen-wuenschen-1082385835/,,"Region expansion 2026-10-08 (Marchfeld). Groißenbrunn Bungalow €240.000 / 89 m² / 4 rooms / plot 879 m² / BJ 2022; KLASAN & Partner Immobilien. ~53 min drive (21st district) / ~78 min PT (8th district). Rohbau: interior still to be completed. adid 1082385835, first published 2026-09-22.",2026-10-08,active,2026-10-08,2026-10-10,,,,,,seen,makler,"ISPRIVATE=0; Provision: 8.640,00 EUR inkl. 20% USt.",KLASAN & Partner Immobilien,2696.63,6.1,3.6,8400,2640,3600,8640,23280,263280,,nicht angegeben (willhaben detail),rohbaufertig,Erstbezug,willhaben detail (condition/description),img/MF17.jpg,archive/MF17.html,2026-10-08,2026-10-08T10:36,65,Worth a look,"{""cost"":44.1,""pt"":8.7,""drive"":0.6,""living"":0.0,""garden"":10.0,""storage"":2,""room5"":0,""sauna"":0,""penalty"":0}",True,Possible fit (65/100): Low overall cost (est. €363k–€413k incl. renovation); 4 rooms: meets the parents/boys/girls need; Long drive to the 21st district (53 min).,Low overall cost (est. €363k–€413k incl. renovation) | 4 rooms: meets the parents/boys/girls need | Large garden (est. ~825 m²) | Some storage (no cellar named),Long drive to the 21st district (53 min) | Small living area (89 m²) | Rohbau: large completion cost and time,"Renovate to own taste; NÖ/federal renovation subsidies (e.g. Sanierungsbonus, heating replacement) may reduce cost | Big plot: room for play area, garden shed or extension",100000,150000,363280,413280,310,"Est. ~€310/month: BK €150 (assumed, not in listing) + heating ~€160 (HWB 180 assumed, Unknown). Estimate.",storage,825,2026-10-10,"Rohbau: interior completion at €1,100–1,700/m²"
MF18,EFH — Großzügiges Grundstück in Toplage (Prottes),shortlist,,EFH,Prottes,2242,Bezirk Gänserndorf / Prottes,Marchfeld,276000,price reduced on willhaben (was €298.000),123.0,1271.0,4,,,,Gasheizung,Gas,Gasheizung,True,False,,False,False,False,Sanierungsbedürftig; Altbau,,,,,42,osrm_free_flow,75,vao_hafas_weekday_100000_best_of_5,48.385986,16.738008,listing_coords,https://www.willhaben.at/iad/immobilien/d/haus-kaufen/niederoesterreich/gaenserndorf/grosszuegiges-grundstueck-in-toplage-1079824114/,,"Region expansion 2026-10-08 (Marchfeld). Prottes EFH €276.000 / 123 m² / 4 rooms / plot 1271 m² / Gasheizung; private seller. ~42 min drive (21st district) / ~75 min PT (8th district). needs renovation. adid 1079824114, first published 2026-10-02.",2026-10-08,active,2026-10-08,2026-10-10,,,,,,seen,private,ISPRIVATE=1,,2243.9,6.1,0.0,9660,3036,4140,0,16836,292836,,nicht angegeben (willhaben detail),sanierungsbedarf,Sanierungsbedürftig,willhaben detail (condition/description),img/MF18.jpg,archive/MF18.html,2026-10-08,2026-10-08T10:36,65,Worth a look,"{""cost"":37.8,""pt"":9.5,""drive"":3.7,""living"":4.4,""garden"":10.0,""storage"":0,""room5"":0,""sauna"":0,""penalty"":0}",True,Possible fit (65/100): Low overall cost (est. €378k–€463k incl. renovation); 4 rooms: meets the parents/boys/girls need; Cellar unknown.,Low overall cost (est. €378k–€463k incl. renovation) | 4 rooms: meets the parents/boys/girls need | Large garden (est. ~1197 m²),Cellar unknown,"Private seller: no buyer commission | Renovate to own taste; NÖ/federal renovation subsidies (e.g. Sanierungsbonus, heating replacement) may reduce cost | Big plot: room for play area, garden shed or extension",85000,170000,377836,462836,371,"Est. ~€371/month: BK €150 (assumed, not in listing) + heating ~€221 (HWB 180 assumed, Gas). Estimate.",unknown,1197,2026-10-10,"renovation needed, heavy (old/poor energy/complete): €700–1,400/m²"
MF19,EFH — Schönes Einfamilienhaus in Bestlage mit großem Garten! (Strasshof an der Nordbahn),honourable,,EFH,Strasshof an der Nordbahn,2231,Bezirk Gänserndorf / Strasshof an der Nordbahn,Marchfeld,449000,,128.0,705.0,5,,,,"Zentralheizung, Gasheizung, Holzofen, Hauszentralheizung, Fußbodenheizung",Gas + Wood,Gasheizung; Holzofen,True,True,"Garage, Parkplatz",True,False,False,Sehr gut/gut; Altbau; Keller,,,,,32,osrm_free_flow,74,vao_hafas_weekday_100000_best_of_7,48.320255,16.651253,listing_coords,https://www.willhaben.at/iad/immobilien/d/haus-kaufen/niederoesterreich/gaenserndorf/schoenes-einfamilienhaus-in-bestlage-mit-grossem-garten-800156477/,,"Region expansion 2026-10-08 (Marchfeld). Strasshof an der Nordbahn EFH €449.000 / 128 m² / 5 rooms / plot 705 m² / Zentralheizung, Gasheizung, Holzofen, Hauszentralheizung, Fußbodenheizung; private seller. ~32 min drive (21st district) / ~74 min PT (8th district). adid 800156477, first published 2026-09-15.",2026-10-08,active,2026-10-08,2026-10-10,,,,,,seen,private,ISPRIVATE=1,,3507.81,6.1,0.0,15715,4939,6735,0,27389,476389,40.0,willhaben MONTHCOSTS_GROSS,unknown,Sehr gut/gut,willhaben detail (condition/description),img/MF19.jpg,archive/MF19.html,2026-10-08,2026-10-08T10:36,64,Worth a look,"{""cost"":23.9,""pt"":9.8,""drive"":6.6,""living"":5.1,""garden"":10.0,""storage"":5,""room5"":4,""sauna"":0,""penalty"":0}",True,Possible fit (64/100): 5 rooms: one spare for guests/office; Large garden (est. ~628 m²).,5 rooms: one spare for guests/office | Large garden (est. ~628 m²) | Cellar mentioned,,"Private seller: no buyer commission | Big plot: room for play area, garden shed or extension",20000,65000,496389,541389,270,"Est. ~€270/month: BK €40 (listing) + heating ~€230 (HWB 180 assumed, Gas + Wood). Estimate.",yes,628,2026-10-10,condition unknown: €150–500/m²
MF20,"EFH — Ausbaufähiges Haus: Gute Lage, großer Garten & viele Nebengebäude (Strasshof an der Nordbahn)",honourable,,EFH,Strasshof an der Nordbahn,2231,Bezirk Gänserndorf / Strasshof an der Nordbahn,Marchfeld,398000,,100.0,1150.0,4,,D,121.0,Elektroheizung,Electric,Elektroheizung,True,True,"Garage, Parkplatz",True,False,False,Keller,,,,,32,osrm_free_flow,74,vao_hafas_weekday_100000_best_of_7,48.320255,16.651253,listing_coords,https://www.willhaben.at/iad/immobilien/d/haus-kaufen/niederoesterreich/gaenserndorf/ausbaufaehiges-haus-gute-lage-grosser-garten-viele-nebengebaeude-1214471095/,,"Region expansion 2026-10-08 (Marchfeld). Strasshof an der Nordbahn EFH €398.000 / 100 m² / 4 rooms / plot 1150 m² / HWB D 121.0 / Elektroheizung; Makler. ~32 min drive (21st district) / ~74 min PT (8th district). adid 1214471095, first published 2026-10-08.",2026-10-08,active,2026-10-08,2026-10-10,,,,,,seen,makler,ISPRIVATE=0,,3980.0,6.1,3.6,13930,4378,5970,14328,38606,436606,,nicht angegeben (willhaben detail),unknown,,willhaben detail (condition/description),img/MF20.jpg,archive/MF20.html,2026-10-08,2026-10-08T10:36,63,Worth a look,"{""cost"":30.3,""pt"":9.8,""drive"":6.6,""living"":1.3,""garden"":10.0,""storage"":5,""room5"":0,""sauna"":0,""penalty"":0}",True,Possible fit (63/100): Low overall cost (est. €462k–€497k incl. renovation); 4 rooms: meets the parents/boys/girls need.,Low overall cost (est. €462k–€497k incl. renovation) | 4 rooms: meets the parents/boys/girls need | Large garden (est. ~1090 m²) | Cellar mentioned,,"Big plot: room for play area, garden shed or extension | Cellar could take an office/hobby room",25000,60000,461606,496606,271,"Est. ~€271/month: BK €150 (assumed, not in listing) + heating ~€121 (HWB 121, Electric). Estimate.",yes,1090,2026-10-10,1970–89 or HWB D/E: partial renovation €250–600/m²
MF21,EFH — Einfamilienhaus mit großzügigem Eckgrundstück und Garagenwerkstatt in Loimersdorf (Loimersdorf),honourable,,EFH,Loimersdorf,2292,Bezirk Gänserndorf / Engelhartstetten,Marchfeld,290000,,129.0,967.0,5,1979,D,100.0,Zentralheizung,Wood,Heizungsart: HOLZ,True,True,"Garage, Parkplatz",True,False,False,Sanierungsbedürftig; Neubau; Baujahr 1979; Keller,,,,,49,osrm_free_flow,103,vao_hafas_weekday_100000_best_of_5,48.18418,16.85423,listing_coords,https://www.willhaben.at/iad/immobilien/d/haus-kaufen/niederoesterreich/gaenserndorf/einfamilienhaus-mit-grosszuegigem-eckgrundstueck-und-garagenwerkstatt-in-loimersdorf-1781777223/,,"Region expansion 2026-10-08 (Marchfeld). Loimersdorf EFH €290.000 / 129 m² / 5 rooms / plot 967 m² / BJ 1979 / HWB D 100.0 / Zentralheizung; Agolli Immobilien GmbH. ~49 min drive (21st district) / ~103 min PT (8th district). needs renovation. adid 1781777223, first published 2026-09-01.",2026-10-08,active,2026-10-08,2026-10-10,,,,,,seen,makler,ISPRIVATE=0; Provision: 3% des Kaufpreises zzgl. 20% USt.,Agolli Immobilien GmbH,2248.06,6.1,3.6,10150,3190,4350,10440,28130,318130,,nicht angegeben (willhaben detail),sanierungsbedarf,Sanierungsbedürftig,willhaben detail (condition/description),img/MF21.jpg,archive/MF21.html,2026-10-08,2026-10-08T10:36,62,Worth a look,"{""cost"":34.3,""pt"":1.9,""drive"":1.7,""living"":5.2,""garden"":10.0,""storage"":5,""room5"":4,""sauna"":0,""penalty"":0}",True,Possible fit (62/100): Low overall cost (est. €408k–€498k incl. renovation); 5 rooms: one spare for guests/office; Long public-transport commute to the 8th district (103 min).,Low overall cost (est. €408k–€498k incl. renovation) | 5 rooms: one spare for guests/office | Large garden (est. ~889 m²) | Cellar mentioned,Long public-transport commute to the 8th district (103 min) | Long drive to the 21st district (49 min),"Renovate to own taste; NÖ/federal renovation subsidies (e.g. Sanierungsbonus, heating replacement) may reduce cost | Big plot: room for play area, garden shed or extension",90000,180000,408130,498130,279,"Est. ~€279/month: BK €150 (assumed, not in listing) + heating ~€129 (HWB 100, Wood). Estimate.",yes,889,2026-10-10,"renovation needed, heavy (old/poor energy/complete): €700–1,400/m²"
MF22,EFH — SEEPARADIES - URLAUB ZU HAUSE IN ZWERNDORF (Zwerndorf),sauna,,EFH,Zwerndorf,2295,Bezirk Gänserndorf / Weiden an der March,Marchfeld,379000,,120.0,723.0,5,1981,E,150.6,Sonstige,Wood,Kaminofen,True,False,,False,True,False,Baujahr 1981,,,,,48,osrm_free_flow,94,vao_hafas_weekday_100000_best_of_5,48.34127,16.83591,listing_coords,https://www.willhaben.at/iad/immobilien/d/haus-kaufen/niederoesterreich/gaenserndorf/seeparadies-urlaub-zu-hause-in-zwerndorf-1463343119/,https://www.willhaben.at/iad/immobilien/d/haus-kaufen/niederoesterreich/gaenserndorf/seeparadies-urlaub-zu-hause-in-zwerndorf-1705450176/,"Region expansion 2026-10-08 (Marchfeld). Zwerndorf EFH €379.000 / 120 m² / 5 rooms / plot 723 m² / BJ 1981 / HWB E 150.6 / Sonstige; REMAX Aktiv. ~48 min drive (21st district) / ~94 min PT (8th district). adid 1705450176, first published 2026-03-11. Republished 2026-10-09 under willhaben adid 1463343119.",2026-10-08,active,2026-10-08,2026-10-10,,,,,,seen,makler,ISPRIVATE=0; Provision: 3% des Kaufpreises zzgl. 20% USt.,REMAX Aktiv,3158.33,6.1,3.6,13265,4169,5685,13644,36763,415763,89.0,willhaben MONTHCOSTS_GROSS,unknown,,willhaben detail (condition/description),img/MF22.jpg,archive/MF22.html,2026-10-08,2026-10-08T10:36,62,Worth a look,"{""cost"":32.4,""pt"":4.4,""drive"":2.0,""living"":4.0,""garden"":10.0,""storage"":2,""room5"":4,""sauna"":3,""penalty"":0}",True,Possible fit (62/100): Low overall cost (est. €446k–€486k incl. renovation); 5 rooms: one spare for guests/office; Long public-transport commute to the 8th district (94 min).,Low overall cost (est. €446k–€486k incl. renovation) | 5 rooms: one spare for guests/office | Large garden (est. ~651 m²) | Some storage (no cellar named) | Sauna,Long public-transport commute to the 8th district (94 min) | Long drive to the 21st district (48 min),"Big plot: room for play area, garden shed or extension",30000,70000,445763,485763,270,"Est. ~€270/month: BK €89 (listing) + heating ~€181 (HWB 151, Wood). Estimate.",storage,651,2026-10-10,1970–89 or HWB D/E: partial renovation €250–600/m²
MF23,EFH — Einfamilienhaus auf großzügigem Grundstück mit Entwicklungspotenzial (Obersiebenbrunn),honourable,,EFH,Obersiebenbrunn,2283,Bezirk Gänserndorf / Obersiebenbrunn,Marchfeld,385000,,116.0,1202.0,5.5,,,,Elektroheizung,Electric,Elektroheizung,True,True,"Garage, Parkplatz",True,False,False,Sanierungsbedürftig,,,,,35,osrm_free_flow,64,vao_hafas_weekday_100000_best_of_5,48.26739,16.713745,listing_coords,https://www.willhaben.at/iad/immobilien/d/haus-kaufen/niederoesterreich/gaenserndorf/einfamilienhaus-auf-grosszuegigem-grundstueck-mit-entwicklungspotenzial-1382457401/,,"Region expansion 2026-10-08 (Marchfeld). Obersiebenbrunn EFH €385.000 / 116 m² / 5.5 rooms / plot 1202 m² / Elektroheizung; REMAX Aktiv. ~35 min drive (21st district) / ~64 min PT (8th district). needs renovation. adid 1382457401, first published 2026-04-23.",2026-10-08,active,2026-10-08,2026-10-10,,,,,,seen,makler,ISPRIVATE=0; Provision: 3% des Kaufpreises zzgl. 20% USt.,REMAX Aktiv,3318.97,6.1,3.6,13475,4235,5775,13860,37345,422345,100.0,willhaben MONTHCOSTS_GROSS,sanierungsbedarf,Sanierungsbedürftig,willhaben detail (condition/description),img/MF23.jpg,archive/MF23.html,2026-10-08,2026-10-08T10:36,62,Worth a look,"{""cost"":24.6,""pt"":12.5,""drive"":5.7,""living"":3.5,""garden"":10.0,""storage"":2,""room5"":4,""sauna"":0,""penalty"":0}",True,Possible fit (62/100): Good public transport to the 8th district (64 min); 5 rooms: one spare for guests/office.,Good public transport to the 8th district (64 min) | 5 rooms: one spare for guests/office | Large garden (est. ~1132 m²) | Some storage (no cellar named),,"Renovate to own taste; NÖ/federal renovation subsidies (e.g. Sanierungsbonus, heating replacement) may reduce cost | Big plot: room for play area, garden shed or extension",60000,115000,482345,537345,309,"Est. ~€309/month: BK €100 (listing) + heating ~€209 (HWB 180 assumed, Electric). Estimate.",storage,1132,2026-10-10,"renovation needed: €500–1,000/m²"
MF24,EFH — Charmantes Haus in Strasshof nur 5 Gehminuten vom Bahnhof Silberwald entfernt! (Strasshof an der Nordbahn),honourable,,EFH,Strasshof an der Nordbahn,2231,Bezirk Gänserndorf / Strasshof an der Nordbahn,Marchfeld,299000,,80.0,507.0,,1950,,,Elektroheizung,Electric,Elektroheizung,True,False,,False,False,False,Baujahr 1950,,,,,36,osrm_free_flow,68,vao_hafas_weekday_100000_best_of_5,48.32611,16.673021,listing_coords,https://www.willhaben.at/iad/immobilien/d/haus-kaufen/niederoesterreich/gaenserndorf/charmantes-haus-in-strasshof-nur-5-gehminuten-vom-bahnhof-silberwald-entfernt-1035206440/,,"Region expansion 2026-10-08 (Marchfeld). Strasshof an der Nordbahn EFH €299.000 / 80 m² / rooms not stated / plot 507 m² / BJ 1950 / Elektroheizung; MAST Immo GmbH. ~36 min drive (21st district) / ~68 min PT (8th district). adid 1035206440, first published 2026-09-18.",2026-10-08,active,2026-10-08,2026-10-10,,,,,,seen,makler,ISPRIVATE=0; Provision: 3% des Kaufpreises zzgl. 20% USt.,MAST Immo GmbH,3737.5,6.1,3.6,10465,3289,4485,10764,29003,328003,,nicht angegeben (willhaben detail),unknown,,willhaben detail (condition/description),img/MF24.jpg,archive/MF24.html,2026-10-08,2026-10-08T10:36,61,Worth a look,"{""cost"":45.0,""pt"":11.5,""drive"":5.4,""living"":0.0,""garden"":7.2,""storage"":0,""room5"":0,""sauna"":0,""penalty"":-8}",,Possible fit (61/100): Low overall cost (est. €363k–€398k incl. renovation); Large garden (est. ~459 m²); Room count unknown — check before viewing.,Low overall cost (est. €363k–€398k incl. renovation) | Large garden (est. ~459 m²),Room count unknown — check before viewing | Small living area (80 m²) | Cellar unknown,Negotiate on price; check BK and heating bills,35000,70000,363003,398003,294,"Est. ~€294/month: BK €150 (assumed, not in listing) + heating ~€144 (HWB 180 assumed, Electric). Estimate.",unknown,459,2026-10-10,pre-1970 or HWB F/G: substantial renovation €450–900/m²
MF25,"EFH — Zwei Häuser, ein Zuhause - Ihr neues Leben in 2261 Mannersdorf an der March (Mannersdorf an der March)",honourable,,EFH,Mannersdorf an der March,2261,Bezirk Gänserndorf / Angern an der March,Marchfeld,319000,,178.0,443.0,5.5,1947,B,45.6,Zentralheizung,Gas + Wood,Gasheizung; Holzofen,True,True,"Garage, Parkplatz",True,False,True,Renoviert; Altbau; Baujahr 1947; Keller,,,,,53,osrm_free_flow,86,vao_hafas_weekday_100000_best_of_5,48.396156,16.82946,listing_coords,https://www.willhaben.at/iad/immobilien/d/haus-kaufen/niederoesterreich/gaenserndorf/zwei-haeuser-ein-zuhause-ihr-neues-leben-in-2261-mannersdorf-an-der-march-1304951183/,,"Region expansion 2026-10-08 (Marchfeld). Mannersdorf an der March EFH €319.000 / 178 m² / 5.5 rooms / plot 443 m² / BJ 1947 / HWB B 45.6 / Zentralheizung; Donau-Immobilien dieHausberater24 GmbH & Co KG. ~53 min drive (21st district) / ~86 min PT (8th district). adid 1304951183, first published 2026-10-07.",2026-10-08,active,2026-10-08,2026-10-10,,,,,,seen,makler,ISPRIVATE=0; Provision: 3% des Kaufpreises zzgl. 20% USt.,Donau-Immobilien dieHausberater24 GmbH & Co KG,1792.13,6.1,3.6,11165,3509,4785,11484,30943,349943,150.0,willhaben MONTHCOSTS_GROSS,unknown,Renoviert,willhaben detail (condition/description),img/MF25.jpg,archive/MF25.html,2026-10-08,2026-10-08T10:36,61,Worth a look,"{""cost"":32.5,""pt"":6.5,""drive"":0.6,""living"":8.0,""garden"":4.7,""storage"":5,""room5"":4,""sauna"":0,""penalty"":0}",True,Possible fit (61/100): Low overall cost (est. €430k–€510k incl. renovation); 5 rooms: one spare for guests/office; Long drive to the 21st district (53 min).,Low overall cost (est. €430k–€510k incl. renovation) | 5 rooms: one spare for guests/office | Spacious (178 m² living) | Cellar mentioned,Long drive to the 21st district (53 min),"Renovate to own taste; NÖ/federal renovation subsidies (e.g. Sanierungsbonus, heating replacement) may reduce cost",80000,160000,429943,509943,231,"Est. ~€231/month: BK €150 (listing) + heating ~€81 (HWB 46, Gas + Wood). Estimate.",yes,336,2026-10-10,pre-1970 or HWB F/G: substantial renovation €450–900/m²
MF26,EFH — Neuer Preis!! Einfamilienhaus in SpitzenLage! (Gänserndorf),honourable,,EFH,Gänserndorf,2230,Bezirk Gänserndorf / Gänserndorf,Marchfeld,375000,,94.0,712.0,4,1975,,,Gasheizung,Gas + Wood,Gasheizung; Gastherme; Festbrennstoff,True,True,"Garage, Parkplatz",True,False,False,Baujahr 1975; Keller,,,,,36,osrm_free_flow,74,vao_hafas_weekday_100000_best_of_5,48.319916,16.680182,listing_coords,https://www.willhaben.at/iad/immobilien/d/haus-kaufen/niederoesterreich/gaenserndorf/neuer-preis-einfamilienhaus-in-spitzenlage-1825276409/,,"Region expansion 2026-10-08 (Marchfeld). Gänserndorf EFH €375.000 / 94 m² / 4 rooms / plot 712 m² / BJ 1975 / Gasheizung; TRUE Immobilien GmbH & Co KG. ~36 min drive (21st district) / ~74 min PT (8th district). adid 1825276409, first published 2026-07-24.",2026-10-08,active,2026-10-08,2026-10-10,,,,,,seen,makler,ISPRIVATE=0; Provision: 3% des Kaufpreises zzgl. 20% USt.,TRUE Immobilien GmbH & Co KG,3989.36,6.1,3.6,13125,4125,5625,13500,36375,411375,310.0,"src: listing text ""Betriebskosten …""",unknown,,willhaben detail (condition/description),img/MF26.jpg,archive/MF26.html,2026-10-08,2026-10-08T10:36,61,Worth a look,"{""cost"":30.7,""pt"":9.8,""drive"":5.4,""living"":0.5,""garden"":10.0,""storage"":5,""room5"":0,""sauna"":0,""penalty"":0}",True,Possible fit (61/100): Low overall cost (est. €436k–€466k incl. renovation); 4 rooms: meets the parents/boys/girls need; Small living area (94 m²).,Low overall cost (est. €436k–€466k incl. renovation) | 4 rooms: meets the parents/boys/girls need | Large garden (est. ~655 m²) | Cellar mentioned,Small living area (94 m²),"Big plot: room for play area, garden shed or extension | Cellar could take an office/hobby room",25000,55000,436375,466375,479,"Est. ~€479/month: BK €310 (listing) + heating ~€169 (HWB 180 assumed, Gas + Wood). Estimate.",yes,655,2026-10-10,1970–89 or HWB D/E: partial renovation €250–600/m²
MF27,"DHH — Nach Wunsch gestalten statt Kompromisse eingehen - Exklusives Doppelhaus auf Eigengrund, (Strasshof an der Nordbahn)",honourable,,DHH,Strasshof an der Nordbahn,2231,Bezirk Gänserndorf / Strasshof an der Nordbahn,Marchfeld,399900,,121.0,,4,,,,,Heat pump,Wärmepumpe · air or ground not stated,True,True,Parkplatz,False,False,True,Erstbezug; Neubau,,,,,33,osrm_free_flow,66,vao_hafas_weekday_100000_best_of_5,48.316017,16.662611,listing_coords,https://www.willhaben.at/iad/immobilien/d/haus-kaufen/niederoesterreich/gaenserndorf/nach-wunsch-gestalten-statt-kompromisse-eingehen-exklusives-doppelhaus-auf-eigengrund-1219421246/,,"Region expansion 2026-10-08 (Marchfeld). Strasshof an der Nordbahn DHH €399.900 / 121 m² / 4 rooms / plot not stated; ATRIUM GLOBAL INVESTMENT GmbH. ~33 min drive (21st district) / ~66 min PT (8th district). adid 1219421246, first published 2026-09-14.",2026-10-08,active,2026-10-08,2026-10-10,,,,,,seen,makler,ISPRIVATE=0; Provision: 3% des Kaufpreises zzgl. 20% USt.,ATRIUM GLOBAL INVESTMENT GmbH,3304.96,6.1,3.6,13997,4399,5998,14396,38790,438690,,nicht angegeben (willhaben detail),schluesselfertig,Erstbezug,willhaben detail (condition/description),img/MF27.jpg,archive/MF27.html,2026-10-08,2026-10-08T10:36,61,Worth a look,"{""cost"":35.9,""pt"":12.0,""drive"":6.3,""living"":4.1,""garden"":1.0,""storage"":2,""room5"":0,""sauna"":0,""penalty"":0}",True,Possible fit (61/100): Low overall cost (est. €439k–€449k incl. renovation); 4 rooms: meets the parents/boys/girls need; Garden size unknown.,Low overall cost (est. €439k–€449k incl. renovation) | 4 rooms: meets the parents/boys/girls need | Some storage (no cellar named),Garden size unknown,Negotiate on price; check BK and heating bills,0,10000,438690,448690,277,"Est. ~€277/month: BK €150 (assumed, not in listing) + heating ~€127 (HWB 180 assumed, Heat pump). Estimate.",storage,,2026-10-10,turnkey: minor works only
MF28,EFH — FÜR die GROSSFAMILIE - Haus mit viel Platz in UNTERSIEBENBRUNN (Untersiebenbrunn),honourable,,EFH,Untersiebenbrunn,2284,Bezirk Gänserndorf / Untersiebenbrunn,Marchfeld,349000,price reduced on willhaben (was €389.000),185.0,747.0,8,1955,F,243.0,Zentralheizung,Wood,Heizungsart: HOLZ,True,True,,False,False,False,Baujahr 1955; Keller,,,,,40,osrm_free_flow,79,vao_hafas_weekday_100000_best_of_5,48.264774,16.74862,listing_coords,https://www.willhaben.at/iad/immobilien/d/haus-kaufen/niederoesterreich/gaenserndorf/fuer-die-grossfamilie-haus-mit-viel-platz-in-untersiebenbrunn-1738808091/,,"Region expansion 2026-10-08 (Marchfeld). Untersiebenbrunn EFH €349.000 / 185 m² / 8 rooms / plot 747 m² / BJ 1955 / HWB F 243.0 / Zentralheizung; REMAX Aktiv. ~40 min drive (21st district) / ~79 min PT (8th district). adid 1738808091, first published 2026-08-12. Two residential units in one house (works as one family home or with a granny flat).",2026-10-08,active,2026-10-08,2026-10-10,,,,,,seen,makler,ISPRIVATE=0; Provision: 3% des Kaufpreises zzgl. 20% USt.,REMAX Aktiv,1886.49,6.1,3.6,12215,3839,5235,12564,33853,382853,97.0,willhaben MONTHCOSTS_GROSS,unknown,,willhaben detail (condition/description),img/MF28.jpg,archive/MF28.html,2026-10-08,2026-10-08T10:36,60,Worth a look,"{""cost"":20.3,""pt"":8.5,""drive"":4.3,""living"":8.0,""garden"":10.0,""storage"":5,""room5"":4,""sauna"":0,""penalty"":0}",True,Possible fit (60/100): 8 rooms: one spare for guests/office; Spacious (185 m² living).,8 rooms: one spare for guests/office | Spacious (185 m² living) | Large garden (est. ~636 m²) | Cellar mentioned,,"Renovate to own taste; NÖ/federal renovation subsidies (e.g. Sanierungsbonus, heating replacement) may reduce cost | Big plot: room for play area, garden shed or extension",85000,165000,467853,547853,547,"Est. ~€547/month: BK €97 (listing) + heating ~€450 (HWB 243, Wood). Estimate.",yes,636,2026-10-10,pre-1970 or HWB F/G: substantial renovation €450–900/m²
MF29,DHH — Moderne Doppelhaushälfte im belagsfertigen Zustand (Untersiebenbrunn),honourable,,DHH,Untersiebenbrunn,2284,Bezirk Gänserndorf / Untersiebenbrunn,Marchfeld,380000,,143.47,300.0,4,2026,B,31.7,Fußbodenheizung,Air-source heat pump,Luft-Wärmepumpe,True,True,,False,False,False,Erstbezug; Baujahr 2026; Keller,,,,,41,osrm_free_flow,71,vao_hafas_weekday_100000_best_of_5_from_town_centre (no stop within walking range of the listing pin),48.262104,16.775345,listing_coords,https://www.willhaben.at/iad/immobilien/d/haus-kaufen/niederoesterreich/gaenserndorf/moderne-doppelhaushaelfte-im-belagsfertigen-zustand-1328733684/,,"Region expansion 2026-10-08 (Marchfeld). Untersiebenbrunn DHH €380.000 / 143 m² / 4 rooms / plot 300 m² / BJ 2026 / HWB B 31.7 / Fußbodenheizung; KLASAN & Partner Immobilien. ~41 min drive (21st district) / ~71 min PT (8th district). handed over belagsfertig. adid 1328733684, first published 2026-09-22.",2026-10-08,active,2026-10-08,2026-10-10,,,,,,seen,makler,ISPRIVATE=0,KLASAN & Partner Immobilien,2648.64,6.1,3.6,13300,4180,5700,13680,36860,416860,,nicht angegeben (willhaben detail),belagsfertig,Erstbezug,willhaben detail (condition/description),img/MF29.jpg,archive/MF29.html,2026-10-08,2026-10-08T10:36,60,Worth a look,"{""cost"":34.1,""pt"":10.6,""drive"":4.0,""living"":7.1,""garden"":2.3,""storage"":2,""room5"":0,""sauna"":0,""penalty"":0}",True,Possible fit (60/100): Low overall cost (est. €452k–€482k incl. renovation); 4 rooms: meets the parents/boys/girls need.,Low overall cost (est. €452k–€482k incl. renovation) | 4 rooms: meets the parents/boys/girls need | Spacious (143 m² living) | Some storage (no cellar named),,Choose own floors/finishes,35000,65000,451860,481860,177,"Est. ~€177/month: BK €150 (assumed, not in listing) + heating ~€27 (HWB 32, Air-source heat pump). Estimate.",storage,213,2026-10-10,"belagsfertig: floors, doors, painting, fittings at €250–450/m²"
MF30,RH — Modernes 5-Zimmer-Reihenhaus in Neubauqualität - ideal für Familien! Genießen Sie 4 Schlaf (Groß-Enzersdorf),honourable,,RH,Groß-Enzersdorf,2301,Bezirk Gänserndorf / Groß-Enzersdorf,Marchfeld,445000,price reduced on willhaben (was €459.000),140.51,,5,2011,B,37.6,"Gasheizung, Radiatoren, Etagenheizung",Gas,Gasheizung,True,True,Parkplatz,False,False,False,Neuwertig; Neubau; Baujahr 2011,,,,,34,osrm_free_flow,53,vao_hafas_weekday_100000_best_of_5,48.19359,16.57157,listing_coords,https://www.willhaben.at/iad/immobilien/d/haus-kaufen/niederoesterreich/gaenserndorf/modernes-5-zimmer-reihenhaus-in-neubauqualitaet-ideal-fuer-familien-geniessen-sie-4-schlafzimmer-2-baeder-3-wcs-eine-sonnige-sued-dachterrasse-einen-eigenen-garten-und-einen-stellplatz-jetzt-beim-zweitbezug-zugreifen-1726053064/,,"Region expansion 2026-10-08 (Marchfeld). Groß-Enzersdorf RH €445.000 / 141 m² / 5 rooms / plot not stated / BJ 2011 / HWB B 37.6 / Gasheizung, Radiatoren, Etagenheizung; immofreude e.U.. ~34 min drive (21st district) / ~53 min PT (8th district). adid 1726053064, first published 2026-05-18.",2026-10-08,active,2026-10-08,2026-10-10,,,,,,seen,makler,ISPRIVATE=0; Provision: 3% zzgl. 20 % Ust.,immofreude e.U.,3167.03,6.1,3.6,15575,4895,6675,16020,43165,488165,346.24,willhaben MONTHCOSTS_GROSS,schluesselfertig,Neuwertig,willhaben detail (condition/description),img/MF30.jpg,archive/MF30.html,2026-10-08,2026-10-08T10:36,60,Worth a look,"{""cost"":25.5,""pt"":15.0,""drive"":6.0,""living"":6.7,""garden"":1.0,""storage"":2,""room5"":4,""sauna"":0,""penalty"":0}",True,Possible fit (60/100): Good public transport to the 8th district (53 min); 5 rooms: one spare for guests/office; Garden size unknown.,Good public transport to the 8th district (53 min) | 5 rooms: one spare for guests/office | Spacious (141 m² living) | Some storage (no cellar named),Garden size unknown,Negotiate on price; check BK and heating bills,0,10000,488165,498165,399,"Est. ~€399/month: BK €346 (listing) + heating ~€53 (HWB 38, Gas). Estimate.",storage,,2026-10-10,turnkey: minor works only
MF31,"EFH — NEUER PREIS! Großzügiges Zuhause mit Potenzial auf 1.629 m² - Wohnhaus, Nebengebäude & vie (Pframa)",honourable,,EFH,Pframa,2305,Bezirk Gänserndorf / Eckartsau,Marchfeld,285000,price reduced on willhaben (was €328.000),120.0,1629.0,4,1957,G,396.9,Gasheizung,Gas,Gasheizung; Gastherme,True,True,Carport,False,False,True,Baujahr 1957; Keller,,,,,46,osrm_free_flow,81,vao_hafas_weekday_100000_best_of_5,48.165497,16.781973,listing_coords,https://www.willhaben.at/iad/immobilien/d/haus-kaufen/niederoesterreich/gaenserndorf/neuer-preis-grosszuegiges-zuhause-mit-potenzial-auf-1-629-m-wohnhaus-nebengebaeude-vielseitige-nutzungsmoeglichkeiten-1593283414/,,"Region expansion 2026-10-08 (Marchfeld). Pframa EFH €285.000 / 120 m² / 4 rooms / plot 1629 m² / BJ 1957 / HWB G 396.9 / Gasheizung; REMAX Aktiv. ~46 min drive (21st district) / ~81 min PT (8th district). needs renovation. adid 1593283414, first published 2026-06-16.",2026-10-08,active,2026-10-08,2026-10-10,,,,,,seen,makler,ISPRIVATE=0; Provision: 3% des Kaufpreises zzgl. 20% USt.,REMAX Aktiv,2375.0,6.1,3.6,9975,3135,4275,10260,27645,312645,,nicht angegeben (willhaben detail),sanierungsbedarf,,willhaben detail (condition/description),img/MF31.jpg,archive/MF31.html,2026-10-08,2026-10-08T10:36,59,Worth a look,"{""cost"":29.7,""pt"":7.9,""drive"":2.6,""living"":4.0,""garden"":10.0,""storage"":5,""room5"":0,""sauna"":0,""penalty"":0}",True,Possible fit (59/100): Low overall cost (est. €398k–€483k incl. renovation); 4 rooms: meets the parents/boys/girls need; Long drive to the 21st district (46 min).,Low overall cost (est. €398k–€483k incl. renovation) | 4 rooms: meets the parents/boys/girls need | Large garden (est. ~1557 m²) | Cellar mentioned,Long drive to the 21st district (46 min),"Renovate to own taste; NÖ/federal renovation subsidies (e.g. Sanierungsbonus, heating replacement) may reduce cost | Big plot: room for play area, garden shed or extension | Cellar could take an office/hobby room",85000,170000,397645,482645,626,"Est. ~€626/month: BK €150 (assumed, not in listing) + heating ~€476 (HWB 397, Gas). Estimate.",yes,1557,2026-10-10,"renovation needed, heavy (old/poor energy/complete): €700–1,400/m²"
MF32,EFH — Charmantes 4-Zimmer-Haus in Gänserndorf- Süd (Gänserndorf),honourable,,EFH,Gänserndorf,2230,Bezirk Gänserndorf / Gänserndorf,Marchfeld,389000,,105.0,511.0,4,1999,C,91.3,Zentralheizung,Gas + Wood,Gas-Zentralheizung; Gasheizung; Schwedenofen; Heizungsart: HOLZ,True,True,Parkplatz,False,False,False,Neubau; Baujahr 1999,,,,,36,osrm_free_flow,82,vao_hafas_weekday_100000_best_of_5,48.307648,16.701813,listing_coords,https://www.willhaben.at/iad/immobilien/d/haus-kaufen/niederoesterreich/gaenserndorf/charmantes-4-zimmer-haus-in-gaenserndorf-sued-809467750/,,"Region expansion 2026-10-08 (Marchfeld). Gänserndorf EFH €389.000 / 105 m² / 4 rooms / plot 511 m² / BJ 1999 / HWB C 91.3 / Zentralheizung; REMAX Aktiv. ~36 min drive (21st district) / ~82 min PT (8th district). adid 809467750, first published 2026-07-25.",2026-10-08,active,2026-10-08,2026-10-10,,,,,,seen,makler,ISPRIVATE=0; Provision: 3% des Kaufpreises zzgl. 20% USt.,REMAX Aktiv,3704.76,6.1,3.6,13615,4279,5835,14004,37733,426733,95.0,willhaben MONTHCOSTS_GROSS,unknown,,willhaben detail (condition/description),img/MF32.jpg,archive/MF32.html,2026-10-08,2026-10-08T10:36,59,Worth a look,"{""cost"":37.4,""pt"":7.6,""drive"":5.4,""living"":2.0,""garden"":7.0,""storage"":0,""room5"":0,""sauna"":0,""penalty"":0}",True,Possible fit (59/100): Low overall cost (est. €437k–€452k incl. renovation); 4 rooms: meets the parents/boys/girls need; Cellar unknown.,Low overall cost (est. €437k–€452k incl. renovation) | 4 rooms: meets the parents/boys/girls need,Cellar unknown,Negotiate on price; check BK and heating bills,10000,25000,436733,451733,191,"Est. ~€191/month: BK €95 (listing) + heating ~€96 (HWB 91, Gas + Wood). Estimate.",unknown,448,2026-10-10,1990–2009 or HWB C: refresh €80–250/m²
MF33,"RH — ""Schlüsselfertiges 171 m² Reihenhaus in ruhiger Lage von Deutsch-Wagram"" (Deutsch-Wagram)",over_budget,,RH,Deutsch-Wagram,2232,Bezirk Gänserndorf / Deutsch-Wagram,Marchfeld,499000,over budget (+€49k),170.87,128.49,6,2023,B,32.22,Fußbodenheizung,Air-source heat pump,Luftwärmepumpe,True,True,,False,False,False,Neuwertig; Neubau; Baujahr 2023; Keller,,,,,26,osrm_free_flow,59,vao_hafas_weekday_100000_best_of_5,48.309906,16.570564,listing_coords,https://www.willhaben.at/iad/immobilien/d/haus-kaufen/niederoesterreich/gaenserndorf/-schluesselfertiges-171-m-reihenhaus-in-ruhiger-lage-von-deutsch-wagram-957000142/,,"Region expansion 2026-10-08 (Marchfeld). Deutsch-Wagram RH €499.000 / 171 m² / 6 rooms / plot 128 m² / BJ 2023 / HWB B 32.22 / Fußbodenheizung; REMAX Donau-City-Immobilien. ~26 min drive (21st district) / ~59 min PT (8th district). adid 957000142, first published 2026-09-23.",2026-10-08,active,2026-10-08,2026-10-10,,,,,,seen,makler,ISPRIVATE=0; Provision: 3% des Kaufpreises zzgl. 20% USt.,REMAX Donau-City-Immobilien,2920.35,6.1,3.6,17465,5489,7485,17964,48403,547403,,nicht angegeben (willhaben detail),schluesselfertig,Neuwertig,willhaben detail (condition/description),img/MF33.jpg,archive/MF33.html,2026-10-08,2026-10-08T10:36,59,Worth a look,"{""cost"":20.2,""pt"":13.9,""drive"":8.3,""living"":8.0,""garden"":0.0,""storage"":5,""room5"":4,""sauna"":0,""penalty"":0}",True,Possible fit (59/100): Good public transport to the 8th district (59 min); Short drive to the 21st district (26 min); Little garden (est. ~25 m²).,Good public transport to the 8th district (59 min) | Short drive to the 21st district (26 min) | 6 rooms: one spare for guests/office | Spacious (171 m² living) | Cellar mentioned,Little garden (est. ~25 m²),Negotiate on price; check BK and heating bills,0,10000,547403,557403,182,"Est. ~€182/month: BK €150 (assumed, not in listing) + heating ~€32 (HWB 32, Air-source heat pump). Estimate.",yes,25,2026-10-10,turnkey: minor works only
MF34,"RH — ""Landleben statt StadtStress!"" (Lassee)",honourable,,RH,Lassee,2291,Bezirk Gänserndorf / Lassee,Marchfeld,419000,,110.0,320.0,4,2025,B,32.0,Zentralheizung,Air-source heat pump,Luftwärmepumpe,True,True,,False,False,False,Erstbezug; Baujahr 2025,,,,,44,osrm_free_flow,57,vao_hafas_weekday_100000_best_of_6,48.222805,16.818933,listing_coords,https://www.willhaben.at/iad/immobilien/d/haus-kaufen/niederoesterreich/gaenserndorf/-landleben-statt-stadtstress-2079148517/,,"Region expansion 2026-10-08 (Marchfeld). Lassee RH €419.000 / 110 m² / 4 rooms / plot 320 m² / BJ 2025 / HWB B 32.0 / Zentralheizung; REMAX Donau-City-Immobilien. ~44 min drive (21st district) / ~57 min PT (8th district). adid 2079148517, first published 2026-09-23.",2026-10-08,active,2026-10-08,2026-10-10,,,,,,seen,makler,ISPRIVATE=0; Provision: 3% des Kaufpreises zzgl. 20% USt.,REMAX Donau-City-Immobilien,3809.09,6.1,3.6,14665,4609,6285,15084,40643,459643,,nicht angegeben (willhaben detail),schluesselfertig,Erstbezug,willhaben detail (condition/description),img/MF34.jpg,archive/MF34.html,2026-10-08,2026-10-08T10:36,58,Worth a look,"{""cost"":34.5,""pt"":14.5,""drive"":3.1,""living"":2.7,""garden"":3.1,""storage"":0,""room5"":0,""sauna"":0,""penalty"":0}",True,Possible fit (58/100): Low overall cost (est. €460k–€470k incl. renovation); Good public transport to the 8th district (57 min); Cellar unknown.,Low overall cost (est. €460k–€470k incl. renovation) | Good public transport to the 8th district (57 min) | 4 rooms: meets the parents/boys/girls need,Cellar unknown,Negotiate on price; check BK and heating bills,0,10000,459643,469643,171,"Est. ~€171/month: BK €150 (assumed, not in listing) + heating ~€21 (HWB 32, Air-source heat pump). Estimate.",unknown,254,2026-10-10,turnkey: minor works only
MF35,RH — Elegantes Eckreihenhaus in Leopoldsdorf im Marchfeld (Leopoldsdorf im Marchfelde),honourable,,RH,Leopoldsdorf im Marchfelde,2285,Bezirk Gänserndorf / Leopoldsdorf im Marchfelde,Marchfeld,450000,,122.29,320.5,4,1996,C,94.3,Fußbodenheizung,Air-source heat pump + Gas,Luftwärmepumpe; Gaszentralheizung; Gasheizung,True,True,"Garage, Parkplatz",True,False,False,Sehr gut/gut; Neubau; Baujahr 1996; Keller,,,,,36,osrm_free_flow,57,vao_hafas_weekday_100000_best_of_5,48.218235,16.692638,listing_coords,https://www.willhaben.at/iad/immobilien/d/haus-kaufen/niederoesterreich/gaenserndorf/elegantes-eckreihenhaus-in-leopoldsdorf-im-marchfeld-2127809550/,,"Region expansion 2026-10-08 (Marchfeld). Leopoldsdorf im Marchfelde RH €450.000 / 122 m² / 4 rooms / plot 320 m² / BJ 1996 / HWB C 94.3 / Fußbodenheizung; LIFESTYLE PROPERTIES. ~36 min drive (21st district) / ~57 min PT (8th district). adid 2127809550, first published 2026-03-03.",2026-10-08,active,2026-10-08,2026-10-10,,,,,,seen,makler,ISPRIVATE=0; Provision: 3% des Kaufpreises zzgl. 20% USt.,LIFESTYLE PROPERTIES,3679.78,6.1,3.6,15750,4950,6750,16200,43650,493650,,nicht angegeben (willhaben detail),unknown,Sehr gut/gut,willhaben detail (condition/description),img/MF35.jpg,archive/MF35.html,2026-10-08,2026-10-08T10:36,58,Worth a look,"{""cost"":25.8,""pt"":14.5,""drive"":5.4,""living"":4.3,""garden"":2.9,""storage"":5,""room5"":0,""sauna"":0,""penalty"":0}",True,Possible fit (58/100): Good public transport to the 8th district (57 min); 4 rooms: meets the parents/boys/girls need.,Good public transport to the 8th district (57 min) | 4 rooms: meets the parents/boys/girls need | Cellar mentioned,,Cellar could take an office/hobby room,10000,30000,503650,523650,217,"Est. ~€217/month: BK €150 (assumed, not in listing) + heating ~€67 (HWB 94, Air-source heat pump + Gas). Estimate.",yes,247,2026-10-10,1990–2009 or HWB C: refresh €80–250/m²
MF36,EFH — Niedrigenergie- Einfamilienhaus in Weikendorf - Erstbezug - Nähe Gänserndorf (Weikendorf),over_budget,,EFH,Weikendorf,2253,Bezirk Gänserndorf / Weikendorf,Marchfeld,484000,over budget (+€34k),140.0,642.0,4,2026,B,44.0,Luftwärmepumpe,Air-source heat pump,Luftwärmepumpe,True,True,"Garage, Parkplatz",True,False,False,Erstbezug; Neubau; Baujahr 2026; Keller,,,,,44,osrm_free_flow,61,vao_hafas_weekday_100000_best_of_5,48.349674,16.759884,listing_coords,https://www.willhaben.at/iad/immobilien/d/haus-kaufen/niederoesterreich/gaenserndorf/niedrigenergie-einfamilienhaus-in-weikendorf-erstbezug-naehe-gaenserndorf-1104661393/,,"Region expansion 2026-10-08 (Marchfeld). Weikendorf EFH €484.000 / 140 m² / 4 rooms / plot 642 m² / BJ 2026 / HWB B 44.0 / Luftwärmepumpe; Immoexpress KG. ~44 min drive (21st district) / ~61 min PT (8th district). adid 1104661393, first published 2026-07-09.",2026-10-08,active,2026-10-08,2026-10-10,,,,,,seen,makler,ISPRIVATE=0; Provision: 3 % zzgl. 20% MwSt. vom Gesamtkaufpreis,Immoexpress KG,3457.14,6.1,3.6,16940,5324,7260,17424,46948,530948,,nicht angegeben (willhaben detail),schluesselfertig,Erstbezug,willhaben detail (condition/description),img/MF36.jpg,archive/MF36.html,2026-10-08,2026-10-08T10:36,57,Worth a look,"{""cost"":22.8,""pt"":13.4,""drive"":3.1,""living"":6.7,""garden"":9.2,""storage"":2,""room5"":0,""sauna"":0,""penalty"":0}",True,Possible fit (57/100): Good public transport to the 8th district (61 min); 4 rooms: meets the parents/boys/girls need.,Good public transport to the 8th district (61 min) | 4 rooms: meets the parents/boys/girls need | Spacious (140 m² living) | Large garden (est. ~558 m²) | Some storage (no cellar named),,Negotiate on price; check BK and heating bills,0,10000,530948,540948,186,"Est. ~€186/month: BK €150 (assumed, not in listing) + heating ~€36 (HWB 44, Air-source heat pump). Estimate.",storage,558,2026-10-10,turnkey: minor works only
MF37,DHH — EXKLUSIVES DOPPELHAUS | 160 m² WOHNFLÄCHE | 5 ZIMMER | KLIMA & KÜCHE INKL. | GARTEN + 2 Pa (Leopoldsdorf im Marchfelde),over_budget,,DHH,Leopoldsdorf im Marchfelde,2285,Bezirk Gänserndorf / Leopoldsdorf im Marchfelde,Marchfeld,490000,over budget (+€40k),160.0,288.0,5,2022,B,41.2,"Luftwärmepumpe, Fußbodenheizung, Etagenheizung",Air-source heat pump,Luftwärmepumpe; Luft-Wasser-Wärmepumpe,True,True,Parkplatz,False,False,False,Neuwertig; Neubau; Baujahr 2022,,,,,35,osrm_free_flow,59,vao_hafas_weekday_100000_best_of_5,48.22281,16.68426,listing_coords,https://www.willhaben.at/iad/immobilien/d/haus-kaufen/niederoesterreich/gaenserndorf/exklusives-doppelhaus-160-m-wohnflaeche-5-zimmer-klima-kueche-inkl-garten-2-parkplaetze-1159526270/,,"Region expansion 2026-10-08 (Marchfeld). Leopoldsdorf im Marchfelde DHH €490.000 / 160 m² / 5 rooms / plot 288 m² / BJ 2022 / HWB B 41.2 / Luftwärmepumpe, Fußbodenheizung, Etagenheizung; Immobara Daniela Bara. ~35 min drive (21st district) / ~59 min PT (8th district). adid 1159526270, first published 2026-10-05.",2026-10-08,active,2026-10-08,2026-10-10,,,,,,seen,makler,"ISPRIVATE=0; Provision: 3,6 %",Immobara Daniela Bara,3062.5,6.1,3.6,17150,5390,7350,17640,47530,537530,,nicht angegeben (willhaben detail),schluesselfertig,Neuwertig,willhaben detail (condition/description),img/MF37.jpg,archive/MF37.html,2026-10-08,2026-10-08T10:36,57,Worth a look,"{""cost"":21.7,""pt"":13.9,""drive"":5.7,""living"":8.0,""garden"":1.8,""storage"":2,""room5"":4,""sauna"":0,""penalty"":0}",True,Possible fit (57/100): Good public transport to the 8th district (59 min); 5 rooms: one spare for guests/office.,Good public transport to the 8th district (59 min) | 5 rooms: one spare for guests/office | Spacious (160 m² living) | Some storage (no cellar named),,Negotiate on price; check BK and heating bills,0,10000,537530,547530,188,"Est. ~€188/month: BK €150 (assumed, not in listing) + heating ~€38 (HWB 41, Air-source heat pump). Estimate.",storage,192,2026-10-10,turnkey: minor works only
MF38,EFH — Einfamilienhaus auf Eigengrund mit direktem Zugang zum Badeteich (Zwerndorf),honourable,,EFH,Zwerndorf,2295,Bezirk Gänserndorf / Weiden an der March,Marchfeld,259000,,75.0,624.0,,1970,F,249.3,Zentralheizung,Oil,Ölheizung,True,False,,False,False,False,Neubau; Baujahr 1970; Keller,,,,,54,osrm_free_flow,92,vao_hafas_weekday_100000_best_of_5_from_town_centre (no stop within walking range of the listing pin),48.32935,16.853956,listing_coords,https://www.willhaben.at/iad/immobilien/d/haus-kaufen/niederoesterreich/gaenserndorf/einfamilienhaus-auf-eigengrund-mit-direktem-zugang-zum-badeteich-2083188245/,,"Region expansion 2026-10-08 (Marchfeld). Zwerndorf EFH €259.000 / 75 m² / rooms not stated / plot 624 m² / BJ 1970 / HWB F 249.3 / Zentralheizung; Invest-Real Immobilientreuhänder GmbH. ~54 min drive (21st district) / ~92 min PT (8th district). house at a small private bathing lake (Seegemeinschaft); flood-protection dam nearby: check flood zone; needs renovation. adid 2083188245, first published 2026-07-22.",2026-10-08,active,2026-10-08,2026-10-10,,,,,,seen,makler,ISPRIVATE=0; Provision: 3% des Kaufpreises zzgl. 20% USt.,Invest-Real Immobilientreuhänder GmbH,3453.33,6.1,3.6,9065,2849,3885,9324,25123,284123,,nicht angegeben (willhaben detail),sanierungsbedarf,,willhaben detail (condition/description),img/MF38.jpg,archive/MF38.html,2026-10-08,2026-10-08T10:36,56,Worth a look,"{""cost"":44.3,""pt"":4.9,""drive"":0.3,""living"":0.0,""garden"":9.6,""storage"":5,""room5"":0,""sauna"":0,""penalty"":-8}",,Possible fit (56/100): Low overall cost (est. €354k–€414k incl. renovation); Large garden (est. ~579 m²); Long public-transport commute to the 8th district (92 min).,Low overall cost (est. €354k–€414k incl. renovation) | Large garden (est. ~579 m²) | Cellar mentioned,Long public-transport commute to the 8th district (92 min) | Long drive to the 21st district (54 min) | Room count unknown — check before viewing | Small living area (75 m²) | Oil heating: replacement expected,"Renovate to own taste; NÖ/federal renovation subsidies (e.g. Sanierungsbonus, heating replacement) may reduce cost",70000,130000,354123,414123,337,"Est. ~€337/month: BK €150 (assumed, not in listing) + heating ~€187 (HWB 249, Oil). Estimate.",yes,579,2026-10-10,"renovation needed, heavy (old/poor energy/complete): €700–1,400/m²; + €15–25k oil-heating replacement"
MF39,"EFH — PREISREDUZIERTES OKTOBERSPECIAL !! Charmantes Landhaus, 2020 saniert, 35 Min. von Wien 22 (Oberweiden)",honourable,,EFH,Oberweiden,2295,Bezirk Gänserndorf / Weiden an der March,Marchfeld,319000,,151.0,865.0,5,1960,E,198.3,Zentralheizung,Gas,Gasheizung,True,True,Carport,False,False,True,Altbau; Baujahr 1960; Keller,,,,,56,osrm_free_flow,87,vao_hafas_weekday_100000_best_of_5,48.302643,16.816856,listing_coords,https://www.willhaben.at/iad/immobilien/d/haus-kaufen/niederoesterreich/gaenserndorf/preisreduziertes-oktoberspecial-charmantes-landhaus-2020-saniert-35-min-von-wien-22-und-10-gehminuten-vom-bahnhof-entfernt-1800090577/,,"Region expansion 2026-10-08 (Marchfeld). Oberweiden EFH €319.000 / 151 m² / 5 rooms / plot 865 m² / BJ 1960 / HWB E 198.3 / Zentralheizung; PHImmo Projektentwicklung und Liegenschaftsverwertungs GmbH. ~56 min drive (21st district) / ~87 min PT (8th district). needs renovation. adid 1800090577, first published 2026-09-26.",2026-10-08,active,2026-10-08,2026-10-10,,,,,,seen,makler,ISPRIVATE=0; Provision: 3% des Kaufpreises zzgl. 20% USt.,PHImmo Projektentwicklung und Liegenschaftsverwertungs GmbH,2112.58,6.1,3.6,11165,3509,4785,11484,30943,349943,110.0,willhaben MONTHCOSTS_GROSS,sanierungsbedarf,,willhaben detail (condition/description),img/MF39.jpg,archive/MF39.html,2026-10-08,2026-10-08T10:36,56,Worth a look,"{""cost"":23.1,""pt"":6.3,""drive"":0.0,""living"":8.0,""garden"":10.0,""storage"":5,""room5"":4,""sauna"":0,""penalty"":0}",True,Possible fit (56/100): 5 rooms: one spare for guests/office; Spacious (151 m² living); Long drive to the 21st district (56 min).,5 rooms: one spare for guests/office | Spacious (151 m² living) | Large garden (est. ~774 m²) | Cellar mentioned,Long drive to the 21st district (56 min),"Renovate to own taste; NÖ/federal renovation subsidies (e.g. Sanierungsbonus, heating replacement) may reduce cost | Big plot: room for play area, garden shed or extension",105000,210000,454943,559943,409,"Est. ~€409/month: BK €110 (listing) + heating ~€299 (HWB 198, Gas). Estimate.",yes,774,2026-10-10,"renovation needed, heavy (old/poor energy/complete): €700–1,400/m²"
MF40,EFH — Gepflegtes Einfamilienhaus in Marchegg | Grundstück mit 1.222m² (Marchegg),honourable,,EFH,Marchegg,2293,Bezirk Gänserndorf / Marchegg,Marchfeld,349000,,104.0,1222.0,4,1971,G,401.0,Zentralheizung,Unknown,"listing only names Zentralheizung, no fuel",True,True,"Garage, Parkplatz",True,False,False,Baujahr 1971; Keller,,,,,57,osrm_free_flow,71,vao_hafas_weekday_100000_best_of_5_from_town_centre (no stop within walking range of the listing pin),48.267265,16.887716,listing_coords,https://www.willhaben.at/iad/immobilien/d/haus-kaufen/niederoesterreich/gaenserndorf/gepflegtes-einfamilienhaus-in-marchegg-grundstueck-mit-1-222m-873245122/,,"Region expansion 2026-10-08 (Marchfeld). Marchegg EFH €349.000 / 104 m² / 4 rooms / plot 1222 m² / BJ 1971 / HWB G 401.0 / Zentralheizung; RIWOG Real Estate Management GmbH. ~57 min drive (21st district) / ~71 min PT (8th district). room count read from the description. adid 873245122, first published 2026-06-01.",2026-10-08,active,2026-10-08,2026-10-10,,,,,,seen,makler,ISPRIVATE=0; Provision: 3% des Kaufpreises zzgl. 20% USt.,RIWOG Real Estate Management GmbH,3355.77,6.1,3.6,12215,3839,5235,12564,33853,382853,,nicht angegeben (willhaben detail),unknown,,willhaben detail (condition/description),img/MF40.jpg,archive/MF40.html,2026-10-08,2026-10-08T10:36,56,Worth a look,"{""cost"":28.8,""pt"":10.6,""drive"":0.0,""living"":1.9,""garden"":10.0,""storage"":5,""room5"":0,""sauna"":0,""penalty"":0}",True,Possible fit (56/100): 4 rooms: meets the parents/boys/girls need; Large garden (est. ~1159 m²); Long drive to the 21st district (57 min).,4 rooms: meets the parents/boys/girls need | Large garden (est. ~1159 m²) | Cellar mentioned,Long drive to the 21st district (57 min),"Big plot: room for play area, garden shed or extension | Cellar could take an office/hobby room",45000,95000,427853,477853,567,"Est. ~€567/month: BK €150 (assumed, not in listing) + heating ~€417 (HWB 401, Unknown). Estimate.",yes,1159,2026-10-10,pre-1970 or HWB F/G: substantial renovation €450–900/m²
MF41,EFH — Charmantes Einfamilienhaus mit großem Garten (Marchegg),honourable,,EFH,Marchegg,2293,Bezirk Gänserndorf / Marchegg,Marchfeld,309000,,127.0,732.0,4,1925,G,330.0,,Gas + Wood,gas-Zentralheizung; Kachelofen,True,True,Parkplatz,False,False,False,Sehr gut/gut; Baujahr 1925; Keller,,,,,51,osrm_free_flow,100,vao_hafas_weekday_100000_best_of_5,48.277355,16.910542,listing_coords,https://www.willhaben.at/iad/immobilien/d/haus-kaufen/niederoesterreich/gaenserndorf/charmantes-einfamilienhaus-mit-grossem-garten-2095807007/,,"Region expansion 2026-10-08 (Marchfeld). Marchegg EFH €309.000 / 127 m² / 4 rooms / plot 732 m² / BJ 1925 / HWB G 330.0; Poetsch Immobilien GmbH. ~51 min drive (21st district) / ~100 min PT (8th district). adid 2095807007, first published 2026-07-22.",2026-10-08,active,2026-10-08,2026-10-10,,,,,,seen,makler,"ISPRIVATE=0; Provision: 3,00 % zzgl. gesetzliche MwSt",Poetsch Immobilien GmbH,2433.07,6.1,3.6,10815,3399,4635,11124,29973,338973,260.0,willhaben MONTHCOSTS_GROSS,unknown,Sehr gut/gut,willhaben detail (condition/description),img/MF41.jpg,archive/MF41.html,2026-10-08,2026-10-08T10:36,55,Worth a look,"{""cost"":31.3,""pt"":2.7,""drive"":1.1,""living"":4.9,""garden"":10.0,""storage"":5,""room5"":0,""sauna"":0,""penalty"":0}",True,Possible fit (55/100): Low overall cost (est. €394k–€454k incl. renovation); 4 rooms: meets the parents/boys/girls need; Long public-transport commute to the 8th district (100 min).,Low overall cost (est. €394k–€454k incl. renovation) | 4 rooms: meets the parents/boys/girls need | Large garden (est. ~655 m²) | Cellar mentioned,Long public-transport commute to the 8th district (100 min) | Long drive to the 21st district (51 min),"Renovate to own taste; NÖ/federal renovation subsidies (e.g. Sanierungsbonus, heating replacement) may reduce cost | Big plot: room for play area, garden shed or extension | Cellar could take an office/hobby room",55000,115000,393973,453973,679,"Est. ~€679/month: BK €260 (listing) + heating ~€419 (HWB 330, Gas + Wood). Estimate.",yes,655,2026-10-10,pre-1970 or HWB F/G: substantial renovation €450–900/m²
MF42,"EFH — Familienhaus oder Anlage in Deutsch-Wagram - großer Garten, 3 Min. zum Bahnhof (Deutsch-Wagram)",over_budget,,EFH,Deutsch-Wagram,2232,Bezirk Gänserndorf / Deutsch-Wagram,Marchfeld,475000,over budget (+€25k),156.0,549.0,7,,E,156.5,Zentralheizung,Gas,Gaszentralheizung,True,True,,False,False,False,Sehr gut/gut; Keller,,,,,25,osrm_free_flow,59,vao_hafas_weekday_100000_best_of_5,48.305904,16.568613,listing_coords,https://www.willhaben.at/iad/immobilien/d/haus-kaufen/niederoesterreich/gaenserndorf/familienhaus-oder-anlage-in-deutsch-wagram-grosser-garten-3-min-zum-bahnhof-898126106/,,"Region expansion 2026-10-08 (Marchfeld). Deutsch-Wagram EFH €475.000 / 156 m² / 7 rooms / plot 549 m² / HWB E 156.5 / Zentralheizung; Merlin Real Estate Group GmbH. ~25 min drive (21st district) / ~59 min PT (8th district). adid 898126106, first published 2026-02-25. Two residential units in one house (works as one family home or with a granny flat).",2026-10-08,active,2026-10-08,2026-10-10,,,,,,seen,makler,ISPRIVATE=0; Provision: 3% des Kaufpreises zzgl. 20% USt.,Merlin Real Estate Group GmbH,3044.87,6.1,3.6,16625,5225,7125,17100,46075,521075,227.69,willhaben MONTHCOSTS_GROSS,unknown,Sehr gut/gut,willhaben detail (condition/description),img/MF42.jpg,archive/MF42.html,2026-10-08,2026-10-08T10:36,55,Worth a look,"{""cost"":8.8,""pt"":13.9,""drive"":8.6,""living"":8.0,""garden"":7.1,""storage"":5,""room5"":4,""sauna"":0,""penalty"":0}",True,Possible fit (55/100): Good public transport to the 8th district (59 min); Short drive to the 21st district (25 min); High overall cost (est. €561k–€616k incl. renovation).,Good public transport to the 8th district (59 min) | Short drive to the 21st district (25 min) | 7 rooms: one spare for guests/office | Spacious (156 m² living) | Large garden (est. ~455 m²) | Cellar mentioned,High overall cost (est. €561k–€616k incl. renovation),Negotiate on price; check BK and heating bills,40000,95000,561075,616075,472,"Est. ~€472/month: BK €228 (listing) + heating ~€244 (HWB 156, Gas). Estimate.",yes,455,2026-10-10,1970–89 or HWB D/E: partial renovation €250–600/m²
MF43,EFH — Grosses Haus mit kleinen Garten OHNE MAKLER (Weikendorf),over_budget,,EFH,Weikendorf,2253,Bezirk Gänserndorf / Weikendorf,Marchfeld,480000,over budget (+€30k),210.0,373.0,6,,C,92.0,Gasheizung,Gas,Gasheizung,True,True,"Garage, Parkplatz",True,False,False,Sehr gut/gut; Neubau; Keller,,,,,44,osrm_free_flow,61,vao_hafas_weekday_100000_best_of_5,48.349674,16.759884,listing_coords,https://www.willhaben.at/iad/immobilien/d/haus-kaufen/niederoesterreich/gaenserndorf/grosses-haus-mit-kleinen-garten-ohne-makler-1606832367/,,"Region expansion 2026-10-08 (Marchfeld). Weikendorf EFH €480.000 / 210 m² / 6 rooms / plot 373 m² / HWB C 92.0 / Gasheizung; private seller. ~44 min drive (21st district) / ~61 min PT (8th district). adid 1606832367, first published 2026-09-26.",2026-10-08,active,2026-10-08,2026-10-10,,,,,,seen,private,ISPRIVATE=1,,2285.71,6.1,0.0,16800,5280,7200,0,29280,509280,,nicht angegeben (willhaben detail),unknown,Sehr gut/gut,willhaben detail (condition/description),img/MF43.jpg,archive/MF43.html,2026-10-08,2026-10-08T10:36,55,Worth a look,"{""cost"":18.8,""pt"":13.4,""drive"":3.1,""living"":8.0,""garden"":2.9,""storage"":5,""room5"":4,""sauna"":0,""penalty"":0}",True,Possible fit (55/100): Good public transport to the 8th district (61 min); 6 rooms: one spare for guests/office.,Good public transport to the 8th district (61 min) | 6 rooms: one spare for guests/office | Spacious (210 m² living) | Cellar mentioned,,Private seller: no buyer commission,15000,50000,524280,559280,343,"Est. ~€343/month: BK €150 (assumed, not in listing) + heating ~€193 (HWB 92, Gas). Estimate.",yes,247,2026-10-10,1990–2009 or HWB C: refresh €80–250/m²
MF44,DHH — Mach es zu deinem Traumhaus- Belagsfertige Doppelhaushälfte in Lassee (Lassee),honourable,,DHH,Lassee,2291,Bezirk Gänserndorf / Lassee,Marchfeld,429000,,188.9,,5,2024,B,45.0,Fußbodenheizung,Air-source heat pump,Luft-Wärmepumpe,True,True,Garage,True,False,False,Erstbezug; Neubau; Baujahr 2024,,,,,47,osrm_free_flow,60,vao_hafas_weekday_100000_best_of_5,48.236572,16.823187,listing_coords,https://www.willhaben.at/iad/immobilien/d/haus-kaufen/niederoesterreich/gaenserndorf/mach-es-zu-deinem-traumhaus-belagsfertige-doppelhaushaelfte-in-lassee-811914728/,,"Region expansion 2026-10-08 (Marchfeld). Lassee DHH €429.000 / 189 m² / 5 rooms / plot not stated / BJ 2024 / HWB B 45.0 / Fußbodenheizung; REMAX P&I. ~47 min drive (21st district) / ~60 min PT (8th district). handed over belagsfertig. adid 811914728, first published 2026-10-02.",2026-10-08,active,2026-10-08,2026-10-10,,,,,,seen,makler,ISPRIVATE=0; Provision: 3% des Kaufpreises zzgl. 20% USt.,REMAX P&I,2271.04,6.1,3.6,15015,4719,6435,15444,41613,470613,,nicht angegeben (willhaben detail),belagsfertig,Erstbezug,willhaben detail (condition/description),img/MF44.jpg,archive/MF44.html,2026-10-08,2026-10-08T10:36,54,Not recommended,"{""cost"":22.6,""pt"":13.6,""drive"":2.3,""living"":8.0,""garden"":1.0,""storage"":2,""room5"":4,""sauna"":0,""penalty"":0}",True,Weak fit (54/100): Good public transport to the 8th district (60 min); 5 rooms: one spare for guests/office; Long drive to the 21st district (47 min).,Good public transport to the 8th district (60 min) | 5 rooms: one spare for guests/office | Spacious (189 m² living) | Some storage (no cellar named),Long drive to the 21st district (47 min) | Garden size unknown,Choose own floors/finishes,45000,85000,515613,555613,200,"Est. ~€200/month: BK €150 (assumed, not in listing) + heating ~€50 (HWB 45, Air-source heat pump). Estimate.",storage,,2026-10-10,"belagsfertig: floors, doors, painting, fittings at €250–450/m²"
MF45,EFH — Einfamilienhaus mit 6 Zimmern in Strasshof an der Nordbahn; 1.486m² Grundstück (Strasshof an der Nordbahn),honourable,,EFH,Strasshof an der Nordbahn,2231,Bezirk Gänserndorf / Strasshof an der Nordbahn,Marchfeld,450000,,90.0,1486.0,6,,,,,Unknown,no heating system named in the listing text,True,False,,False,False,False,Sehr gut/gut; Altbau,,,,,34,osrm_free_flow,69,vao_hafas_weekday_100000_best_of_5,48.31526,16.665384,listing_coords,https://www.willhaben.at/iad/immobilien/d/haus-kaufen/niederoesterreich/gaenserndorf/einfamilienhaus-mit-6-zimmern-in-strasshof-an-der-nordbahn-1-486m-grundstueck-1418564866/,,"Region expansion 2026-10-08 (Marchfeld). Strasshof an der Nordbahn EFH €450.000 / 90 m² / 6 rooms / plot 1486 m²; Mercato Immobilien. ~34 min drive (21st district) / ~69 min PT (8th district). rooms per listing: 6 on 90 m² (small rooms). adid 1418564866, first published 2026-08-11.",2026-10-08,active,2026-10-08,2026-10-10,,,,,,seen,makler,"ISPRIVATE=0; Provision: 16.200,00 EUR inkl. 20% USt.",Mercato Immobilien,5000.0,6.1,3.6,15750,4950,6750,16200,43650,493650,,nicht angegeben (willhaben detail),unknown,Sehr gut/gut,willhaben detail (condition/description),img/MF45.jpg,archive/MF45.html,2026-10-08,2026-10-08T10:36,54,Not recommended,"{""cost"":22.3,""pt"":11.2,""drive"":6.0,""living"":0.0,""garden"":10.0,""storage"":0,""room5"":4,""sauna"":0,""penalty"":0}",True,Weak fit (54/100): 6 rooms: one spare for guests/office; Large garden (est. ~1432 m²); Small living area (90 m²).,6 rooms: one spare for guests/office | Large garden (est. ~1432 m²),Small living area (90 m²) | Cellar unknown,"Big plot: room for play area, garden shed or extension",15000,45000,508650,538650,312,"Est. ~€312/month: BK €150 (assumed, not in listing) + heating ~€162 (HWB 180 assumed, Unknown). Estimate.",unknown,1432,2026-10-10,condition unknown: €150–500/m²
MF46,EFH — Charmantes Einfamilienhaus mit großem Garten (Strasshof an der Nordbahn),honourable,,EFH,Strasshof an der Nordbahn,2231,Bezirk Gänserndorf / Strasshof an der Nordbahn,Marchfeld,450000,,102.0,681.0,4,1975,F,246.3,Zentralheizung,Gas,Gasheizung,True,True,Garage,True,False,False,Baujahr 1975; Keller,,,,,30,osrm_free_flow,61,vao_hafas_weekday_100000_best_of_5,48.31629,16.636185,listing_coords,https://www.willhaben.at/iad/immobilien/d/haus-kaufen/niederoesterreich/gaenserndorf/charmantes-einfamilienhaus-mit-grossem-garten-1505689494/,,"Region expansion 2026-10-08 (Marchfeld). Strasshof an der Nordbahn EFH €450.000 / 102 m² / 4 rooms / plot 681 m² / BJ 1975 / HWB F 246.3 / Zentralheizung; REMAX Eco. ~30 min drive (21st district) / ~61 min PT (8th district). adid 1505689494, first published 2026-08-06.",2026-10-08,active,2026-10-08,2026-10-10,,,,,,seen,makler,ISPRIVATE=0; Provision: 3% des Kaufpreises zzgl. 20% USt.,REMAX Eco,4411.76,6.1,3.6,15750,4950,6750,16200,43650,493650,57.17,willhaben MONTHCOSTS_GROSS,unknown,,willhaben detail (condition/description),img/MF46.jpg,archive/MF46.html,2026-10-08,2026-10-08T10:36,54,Not recommended,"{""cost"":16.4,""pt"":13.4,""drive"":7.1,""living"":1.6,""garden"":10.0,""storage"":5,""room5"":0,""sauna"":0,""penalty"":0}",True,Weak fit (54/100): Good public transport to the 8th district (61 min); Short drive to the 21st district (30 min).,Good public transport to the 8th district (61 min) | Short drive to the 21st district (30 min) | 4 rooms: meets the parents/boys/girls need | Large garden (est. ~619 m²) | Cellar mentioned,,"Big plot: room for play area, garden shed or extension | Cellar could take an office/hobby room",45000,90000,538650,583650,308,"Est. ~€308/month: BK €57 (listing) + heating ~€251 (HWB 246, Gas). Estimate.",yes,619,2026-10-10,pre-1970 or HWB F/G: substantial renovation €450–900/m²
MF47,"EFH — EINZIEHEN & WOHLFÜHLEN | Modernes Einfamilienhaus mit Küche, großem Eigengarten & 2 Stellp (Deutsch-Wagram)",over_budget,,EFH,Deutsch-Wagram,2232,Bezirk Gänserndorf / Deutsch-Wagram,Marchfeld,470000,over budget (+€20k),116.0,,4,2020,B,26.6,"Luftwärmepumpe, Fußbodenheizung, Etagenheizung",Air-source heat pump,Luftwärmepumpe; Luft-Wasser-Wärmepumpe,True,True,Parkplatz,False,False,False,Sehr gut/gut; Neubau; Baujahr 2020,,,,,24,osrm_free_flow,61,vao_hafas_weekday_100000_best_of_5,48.2993,16.56994,listing_coords,https://www.willhaben.at/iad/immobilien/d/haus-kaufen/niederoesterreich/gaenserndorf/einfamilienhaus-mit-stil-komfort-grosser-eigengarten-kueche-inklusive-2-stellplaetze-viel-platz-zum-leben-1267976182/,https://www.willhaben.at/iad/immobilien/d/haus-kaufen/niederoesterreich/gaenserndorf/einziehen-wohlfuehlen-modernes-einfamilienhaus-mit-kueche-grossem-eigengarten-2-stellplaetzen-1238581494/,"Region expansion 2026-10-08 (Marchfeld). Deutsch-Wagram EFH €470.000 / 116 m² / 4 rooms / plot not stated / BJ 2020 / HWB B 26.6 / Luftwärmepumpe, Fußbodenheizung, Etagenheizung; Immobara Daniela Bara. ~24 min drive (21st district) / ~61 min PT (8th district). adid 1238581494, first published 2026-09-21. Republished 2026-10-09 under willhaben adid 1267976182.",2026-10-08,active,2026-10-08,2026-10-10,,,,,,seen,makler,"ISPRIVATE=0; Provision: 3,6 %",Immobara Daniela Bara,4051.72,6.1,3.6,16450,5170,7050,16920,45590,515590,,nicht angegeben (willhaben detail),unknown,Sehr gut/gut,willhaben detail (condition/description),img/MF47.jpg,archive/MF47.html,2026-10-08,2026-10-08T10:36,54,Not recommended,"{""cost"":25.2,""pt"":13.4,""drive"":8.9,""living"":3.5,""garden"":1.0,""storage"":2,""room5"":0,""sauna"":0,""penalty"":0}",True,Weak fit (54/100): Good public transport to the 8th district (61 min); Short drive to the 21st district (24 min); Garden size unknown.,Good public transport to the 8th district (61 min) | Short drive to the 21st district (24 min) | 4 rooms: meets the parents/boys/girls need | Some storage (no cellar named),Garden size unknown,Negotiate on price; check BK and heating bills,0,15000,515590,530590,168,"Est. ~€168/month: BK €150 (assumed, not in listing) + heating ~€18 (HWB 27, Air-source heat pump). Estimate.",storage,,2026-10-10,recent/efficient: €0–15k
MF48,"EFH — ""Gemütlicher Bungalow mit großem Garten in Strasshof!"" (Strasshof an der Nordbahn)",over_budget,,EFH,Strasshof an der Nordbahn,2231,Bezirk Gänserndorf / Strasshof an der Nordbahn,Marchfeld,473000,over budget (+€23k),100.0,1035.0,5,1993,E,152.7,Etagenheizung,Gas,Gastherme; Gasheizung,True,True,"Carport, Garage",True,False,True,Neuwertig; Baujahr 1993,,,,,35,osrm_free_flow,77,vao_hafas_weekday_100000_best_of_5,48.314106,16.670862,listing_coords,https://www.willhaben.at/iad/immobilien/d/haus-kaufen/niederoesterreich/gaenserndorf/-gemuetlicher-bungalow-mit-grossem-garten-in-strasshof-1001249039/,,"Region expansion 2026-10-08 (Marchfeld). Strasshof an der Nordbahn EFH €473.000 / 100 m² / 5 rooms / plot 1035 m² / BJ 1993 / HWB E 152.7 / Etagenheizung; REMAX Donau-City-Immobilien. ~35 min drive (21st district) / ~77 min PT (8th district). adid 1001249039, first published 2026-09-23.",2026-10-08,active,2026-10-08,2026-10-10,,,,,,seen,makler,ISPRIVATE=0; Provision: 3% des Kaufpreises zzgl. 20% USt.,REMAX Donau-City-Immobilien,4730.0,6.1,3.6,16555,5203,7095,17028,45881,518881,,nicht angegeben (willhaben detail),schluesselfertig,Neuwertig,willhaben detail (condition/description),img/MF48.jpg,archive/MF48.html,2026-10-08,2026-10-08T10:36,54,Not recommended,"{""cost"":22.5,""pt"":9.0,""drive"":5.7,""living"":1.3,""garden"":10.0,""storage"":2,""room5"":4,""sauna"":0,""penalty"":0}",True,Weak fit (54/100): 5 rooms: one spare for guests/office; Large garden (est. ~975 m²).,5 rooms: one spare for guests/office | Large garden (est. ~975 m²) | Some storage (no cellar named),,"Big plot: room for play area, garden shed or extension",0,10000,518881,528881,303,"Est. ~€303/month: BK €150 (assumed, not in listing) + heating ~€153 (HWB 153, Gas). Estimate.",storage,975,2026-10-10,turnkey: minor works only
MF49,EFH — Einfamilienhaus in Strasshof - Ihr neues Zuhause wartet auf Sie! (Strasshof an der Nordbahn),over_budget,,EFH,Strasshof an der Nordbahn,2231,Bezirk Gänserndorf / Strasshof an der Nordbahn,Marchfeld,480000,over budget (+€47k); price reduced on willhaben (was €550.000),137.0,486.0,4,1993,C,86.5,Fußbodenheizung,Geothermal,Erdwärmeheizung,True,True,"Garage, Parkplatz",True,False,True,Baujahr 1993; Keller,,,,,31,osrm_free_flow,64,vao_hafas_weekday_100000_best_of_5,48.31846,16.64074,listing_coords,https://www.willhaben.at/iad/immobilien/d/haus-kaufen/niederoesterreich/gaenserndorf/einfamilienhaus-in-strasshof-ihr-neues-zuhause-wartet-auf-sie-1045839406/,,"Region expansion 2026-10-08 (Marchfeld). Strasshof an der Nordbahn EFH €497.000 / 137 m² / 4 rooms / plot 486 m² / BJ 1993 / HWB C 86.5 / Fußbodenheizung; Immo-Company Haas & Urban Immobilien GmbH. ~31 min drive (21st district) / ~64 min PT (8th district). room count read from the description. adid 1045839406, first published 2025-11-18.",2026-10-08,active,2026-10-08,2026-10-10,,,,,,seen,makler,ISPRIVATE=0; Provision: 3% des Kaufpreises zzgl. 20% USt.,Immo-Company Haas & Urban Immobilien GmbH,3503.65,6.1,3.6,16800,5280,7200,17280,46560,526560,,nicht angegeben (willhaben detail),unknown,,willhaben detail (condition/description),img/MF49.jpg,archive/MF49.html,2026-10-08,2026-10-08T10:36,57,Worth a look,"{""cost"":20.0,""pt"":12.5,""drive"":6.9,""living"":6.3,""garden"":6.1,""storage"":5,""room5"":0,""sauna"":0,""penalty"":0}",True,Possible fit (57/100): Good public transport to the 8th district (64 min); 4 rooms: meets the parents/boys/girls need.,Good public transport to the 8th district (64 min) | 4 rooms: meets the parents/boys/girls need | Cellar mentioned,,Cellar could take an office/hobby room,10000,35000,536560,561560,219,"Est. ~€219/month: BK €150 (assumed, not in listing) + heating ~€69 (HWB 86, Geothermal). Estimate.",yes,403,2026-10-10,1990–2009 or HWB C: refresh €80–250/m²
MF50,Bungalow — Bungalow 3-Zimmer in 2221 Groß-Schweinbarth (Groß-Schweinbarth),honourable,,Bungalow,Groß-Schweinbarth,2221,Bezirk Gänserndorf / Groß-Schweinbarth,Marchfeld,259000,,80.3,435.0,3,1987,F,218.0,Zentralheizung,Gas,Gasheizung,True,True,,False,False,False,Renoviert; Neubau; Baujahr 1987,,,,,34,osrm_free_flow,81,vao_hafas_weekday_100000_best_of_6,48.415043,16.634658,town_centroid_nominatim,https://www.willhaben.at/iad/immobilien/d/haus-kaufen/niederoesterreich/gaenserndorf/bungalow-3-zimmer-in-2221-gross-schweinbarth-1966333636/,,"Region expansion 2026-10-08 (Marchfeld). Groß-Schweinbarth Bungalow €259.000 / 80 m² / 3 rooms / plot 435 m² / BJ 1987 / HWB F 218.0 / Zentralheizung; REMAX Trend Jakob Immobilienberatungs GmbH. ~34 min drive (21st district) / ~81 min PT (8th district). Listing pin pointed to Vienna: town centroid used. adid 1966333636, first published 2026-10-04.",2026-10-08,active,2026-10-08,2026-10-10,,,,,,seen,makler,"ISPRIVATE=0; Provision: 9.324,00 EUR inkl. 20% USt.",REMAX Trend Jakob Immobilienberatungs GmbH,3225.4,6.1,3.6,9065,2849,3885,9324,25123,284123,,nicht angegeben (willhaben detail),unknown,Renoviert,willhaben detail (condition/description),img/MF50.jpg,archive/MF50.html,2026-10-08,2026-10-08T10:36,42,Not recommended,"{""cost"":45.0,""pt"":7.9,""drive"":6.0,""living"":0.0,""garden"":5.7,""storage"":2,""room5"":0,""sauna"":0,""penalty"":-25}",False,Weak fit (42/100): Low overall cost (est. €319k–€354k incl. renovation); Some storage (no cellar named); Only 3 rooms — fails the 4-room need.,Low overall cost (est. €319k–€354k incl. renovation) | Some storage (no cellar named),Only 3 rooms — fails the 4-room need | Small living area (80 m²),Negotiate on price; check BK and heating bills,35000,70000,319123,354123,325,"Est. ~€325/month: BK €150 (assumed, not in listing) + heating ~€175 (HWB 218, Gas). Estimate.",storage,386,2026-10-10,pre-1970 or HWB F/G: substantial renovation €450–900/m²
MF51,EFH — Haus zum verkaufen (Renovierungs Bedürftig ) (Obersiebenbrunn),honourable,,EFH,Obersiebenbrunn,2283,Bezirk Gänserndorf / Obersiebenbrunn,Marchfeld,285000,,128.0,769.0,3,,,,"Zentralheizung, Gasheizung, Holzofen",Gas + Wood,Gasheizung; Holzofen,True,True,"Garage, Parkplatz",True,False,False,Sanierungsbedürftig; Altbau; Keller,,,,,35,osrm_free_flow,69,vao_hafas_weekday_100000_best_of_5,48.259758,16.70854,listing_coords,https://www.willhaben.at/iad/immobilien/d/haus-kaufen/niederoesterreich/gaenserndorf/haus-zum-verkaufen-renovierungs-beduerftig-1407022137/,,"Region expansion 2026-10-08 (Marchfeld). Obersiebenbrunn EFH €285.000 / 128 m² / 3 rooms / plot 769 m² / Zentralheizung, Gasheizung, Holzofen; private seller. ~35 min drive (21st district) / ~69 min PT (8th district). room count read from the description; needs renovation. adid 1407022137, first published 2026-10-04.",2026-10-08,active,2026-10-08,2026-10-10,,,,,,seen,private,ISPRIVATE=1,,2226.56,6.1,0.0,9975,3135,4275,0,17385,302385,,nicht angegeben (willhaben detail),sanierungsbedarf,Sanierungsbedürftig,willhaben detail (condition/description),img/MF51.jpg,archive/MF51.html,2026-10-08,2026-10-08T10:36,53,Not recommended,"{""cost"":40.9,""pt"":11.2,""drive"":5.7,""living"":5.1,""garden"":10.0,""storage"":5,""room5"":0,""sauna"":0,""penalty"":-25}",False,Weak fit (53/100): Low overall cost (est. €367k–€432k incl. renovation); Large garden (est. ~692 m²); Only 3 rooms — fails the 4-room need.,Low overall cost (est. €367k–€432k incl. renovation) | Large garden (est. ~692 m²) | Cellar mentioned,Only 3 rooms — fails the 4-room need,"Private seller: no buyer commission | Renovate to own taste; NÖ/federal renovation subsidies (e.g. Sanierungsbonus, heating replacement) may reduce cost | Big plot: room for play area, garden shed or extension",65000,130000,367385,432385,380,"Est. ~€380/month: BK €150 (assumed, not in listing) + heating ~€230 (HWB 180 assumed, Gas + Wood). Estimate.",yes,692,2026-10-10,"renovation needed: €500–1,000/m²"
MF52,EFH — Zu Fuß zum Bahnhof! Großzügiges Einfamilienhaus mit 1.317m² Grundstück in Marchegg - Ihr S (Marchegg),honourable,,EFH,Marchegg,2294,Bezirk Gänserndorf / Marchegg,Marchfeld,369000,,101.0,1317.0,4,1966,,,,Oil,Ölheizung · also Festbrennstoff,True,True,,True,False,False,Sanierungsbedürftig; Neubau; Baujahr 1966; Keller,,,,,55,osrm_free_flow,72,vao_hafas_weekday_100000_best_of_7,48.25558,16.912462,listing_coords,https://www.willhaben.at/iad/immobilien/d/haus-kaufen/niederoesterreich/gaenserndorf/zu-fuss-zum-bahnhof-grosszuegiges-einfamilienhaus-mit-1-317m-grundstueck-in-marchegg-ihr-sanierungsprojekt-823477603/,,"Region expansion 2026-10-08 (Marchfeld). Marchegg EFH €369.000 / 101 m² / 4 rooms / plot 1317 m² / BJ 1966; TRUE Immobilien GmbH & Co KG. ~55 min drive (21st district) / ~72 min PT (8th district). needs renovation. adid 823477603, first published 2026-10-02.",2026-10-08,active,2026-10-08,2026-10-10,,,,,,seen,makler,ISPRIVATE=0; Provision: 3% des Kaufpreises zzgl. 20% USt.,TRUE Immobilien GmbH & Co KG,3653.47,6.1,3.6,12915,4059,5535,13284,35793,404793,,nicht angegeben (willhaben detail),sanierungsbedarf,Sanierungsbedürftig,willhaben detail (condition/description),img/MF52.jpg,archive/MF52.html,2026-10-08,2026-10-08T10:36,53,Not recommended,"{""cost"":25.8,""pt"":10.4,""drive"":0.0,""living"":1.5,""garden"":10.0,""storage"":5,""room5"":0,""sauna"":0,""penalty"":0}",True,Weak fit (53/100): 4 rooms: meets the parents/boys/girls need; Large garden (est. ~1256 m²); Long drive to the 21st district (55 min).,4 rooms: meets the parents/boys/girls need | Large garden (est. ~1256 m²) | Cellar mentioned,Long drive to the 21st district (55 min) | Oil heating: replacement expected,"Renovate to own taste; NÖ/federal renovation subsidies (e.g. Sanierungsbonus, heating replacement) may reduce cost | Big plot: room for play area, garden shed or extension | Cellar could take an office/hobby room",65000,125000,469793,529793,332,"Est. ~€332/month: BK €150 (assumed, not in listing) + heating ~€182 (HWB 180 assumed, Oil). Estimate.",yes,1256,2026-10-10,"renovation needed: €500–1,000/m²; + €15–25k oil-heating replacement"
MF53,DHH — Doppelhaushälfte in Gänserndorf Süd (Gänserndorf),honourable,,DHH,Gänserndorf,2230,Bezirk Gänserndorf / Gänserndorf,Marchfeld,441815,,110.0,510.0,4,2027,,39.0,"Luftwärmepumpe, Fußbodenheizung",Air-source heat pump,Luftwärmepumpe,True,False,,False,False,False,Erstbezug; Neubau; Baujahr 2027; Keller,,,,,32,osrm_free_flow,84,vao_hafas_weekday_100000_best_of_5,48.29599,16.66677,listing_coords,https://www.willhaben.at/iad/immobilien/d/haus-kaufen/niederoesterreich/gaenserndorf/doppelhaushaelfte-in-gaenserndorf-sued-798301224/,,"Region expansion 2026-10-08 (Marchfeld). Gänserndorf DHH €441.815 / 110 m² / 4 rooms / plot 510 m² / BJ 2027 / HWB  39.0 / Luftwärmepumpe, Fußbodenheizung; Raiffeisen-Lagerhaus Weinviertel Ost eGen. ~32 min drive (21st district) / ~84 min PT (8th district). handed over belagsfertig. adid 798301224, first published 2026-07-27.",2026-10-08,active,2026-10-08,2026-10-10,,,,,,seen,makler,ISPRIVATE=0,Raiffeisen-Lagerhaus Weinviertel Ost eGen,4016.5,6.1,3.6,15464,4860,6627,15905,42856,484671,,nicht angegeben (willhaben detail),belagsfertig,Erstbezug,willhaben detail (condition/description),img/MF53.jpg,archive/MF53.html,2026-10-08,2026-10-08T10:36,53,Not recommended,"{""cost"":24.8,""pt"":7.1,""drive"":6.6,""living"":2.7,""garden"":6.9,""storage"":5,""room5"":0,""sauna"":0,""penalty"":0}",True,Weak fit (53/100): 4 rooms: meets the parents/boys/girls need; Cellar mentioned.,4 rooms: meets the parents/boys/girls need | Cellar mentioned,,Choose own floors/finishes | Cellar could take an office/hobby room,30000,50000,514671,534671,175,"Est. ~€175/month: BK €150 (assumed, not in listing) + heating ~€25 (HWB 39, Air-source heat pump). Estimate.",yes,444,2026-10-10,"belagsfertig: floors, doors, painting, fittings at €250–450/m²"
MF54,EFH — Gepflegtes Einfamilienhaus in zentraler Lage in Groß-Enzersdorf (Groß-Enzersdorf),over_budget,,EFH,Groß-Enzersdorf,2301,Bezirk Gänserndorf / Groß-Enzersdorf,Marchfeld,469000,over budget (+€19k); price reduced on willhaben (was €485.000),96.0,589.0,4,1972,D,143.35,Zentralheizung,Gas,Gasheizung,True,True,Garage,True,False,True,Sehr gut/gut; Altbau; Baujahr 1972; Keller,,,,,32,osrm_free_flow,57,vao_hafas_weekday_100000_best_of_5,48.200195,16.543718,listing_coords,https://www.willhaben.at/iad/immobilien/d/haus-kaufen/niederoesterreich/gaenserndorf/gepflegtes-einfamilienhaus-in-zentraler-lage-in-gross-enzersdorf-1398338809/,,"Region expansion 2026-10-08 (Marchfeld). Groß-Enzersdorf EFH €469.000 / 96 m² / 4 rooms / plot 589 m² / BJ 1972 / HWB D 143.35 / Zentralheizung; REMAX Aktiv. ~32 min drive (21st district) / ~57 min PT (8th district). 4 rooms on one level plus 5 usable cellar rooms (listing says 5.5 rooms); room count read from the description. adid 1398338809, first published 2026-08-21.",2026-10-08,active,2026-10-08,2026-10-10,,,,,,seen,makler,ISPRIVATE=0; Provision: 3% des Kaufpreises zzgl. 20% USt.,REMAX Aktiv,4885.42,6.1,3.6,16415,5159,7035,16884,45493,514493,,nicht angegeben (willhaben detail),unknown,Sehr gut/gut,willhaben detail (condition/description),img/MF54.jpg,archive/MF54.html,2026-10-08,2026-10-08T10:36,53,Not recommended,"{""cost"":17.4,""pt"":14.5,""drive"":6.6,""living"":0.8,""garden"":8.6,""storage"":5,""room5"":0,""sauna"":0,""penalty"":0}",True,Weak fit (53/100): Good public transport to the 8th district (57 min); 4 rooms: meets the parents/boys/girls need; Small living area (96 m²).,Good public transport to the 8th district (57 min) | 4 rooms: meets the parents/boys/girls need | Large garden (est. ~531 m²) | Cellar mentioned,Small living area (96 m²),Cellar could take an office/hobby room,25000,60000,539493,574493,288,"Est. ~€288/month: BK €150 (assumed, not in listing) + heating ~€138 (HWB 143, Gas). Estimate.",yes,531,2026-10-10,1970–89 or HWB D/E: partial renovation €250–600/m²
MF55,EFH — Großzügiges Einfamilienhaus mit 190 m² Wohnfläche & zusätzlichem 42 m² Bestandsgebäude in (Prottes),honourable,,EFH,Prottes,2242,Bezirk Gänserndorf / Prottes,Marchfeld,315000,price reduced on willhaben (was €348.000),190.0,442.0,6,1945,F,241.6,,Gas + Wood,Gas-Zentralheizung; Schwedenofen,True,True,,False,False,False,Sehr gut/gut; Altbau; Baujahr 1945,,,,,42,osrm_free_flow,94,vao_hafas_weekday_100000_best_of_5,48.390343,16.723644,listing_coords,https://www.willhaben.at/iad/immobilien/d/haus-kaufen/niederoesterreich/gaenserndorf/grosszuegiges-einfamilienhaus-mit-190-m-wohnflaeche-zusaetzlichem-42-m-bestandsgebaeude-in-prottes-956932638/,,"Region expansion 2026-10-08 (Marchfeld). Prottes EFH €315.000 / 190 m² / 6 rooms / plot 442 m² / BJ 1945 / HWB F 241.6; IMMOcontract Immobilien Vermittlung GmbH. ~42 min drive (21st district) / ~94 min PT (8th district). adid 956932638, first published 2026-09-21.",2026-10-08,active,2026-10-08,2026-10-10,,,,,,seen,makler,"ISPRIVATE=0; Provision: 11.340,00 EUR inkl. 20% USt.",IMMOcontract Immobilien Vermittlung GmbH,1657.89,6.1,3.6,11025,3465,4725,11340,30555,345555,132.0,willhaben MONTHCOSTS_GROSS,unknown,Sehr gut/gut,willhaben detail (condition/description),img/MF55.jpg,archive/MF55.html,2026-10-08,2026-10-08T10:36,52,Not recommended,"{""cost"":25.1,""pt"":4.4,""drive"":3.7,""living"":8.0,""garden"":4.6,""storage"":2,""room5"":4,""sauna"":0,""penalty"":0}",True,Weak fit (52/100): 6 rooms: one spare for guests/office; Spacious (190 m² living); Long public-transport commute to the 8th district (94 min).,6 rooms: one spare for guests/office | Spacious (190 m² living) | Some storage (no cellar named),Long public-transport commute to the 8th district (94 min),"Renovate to own taste; NÖ/federal renovation subsidies (e.g. Sanierungsbonus, heating replacement) may reduce cost",85000,170000,430555,515555,591,"Est. ~€591/month: BK €132 (listing) + heating ~€459 (HWB 242, Gas + Wood). Estimate.",storage,328,2026-10-10,pre-1970 or HWB F/G: substantial renovation €450–900/m²
MF56,EFH — Einfamilienhaus - Fertigstellung nach eigenen Vorstellungen in 2262 Grub an der March (Grub an der March),honourable,,EFH,Grub an der March,2262,Bezirk Gänserndorf / Angern an der March,Marchfeld,367000,,180.0,660.0,7,1963,G,200.0,Sonstige,Unknown,"listing only names Fußbodenheizung / Sonstige, no fuel",True,True,"Garage, Parkplatz",True,False,False,Sehr gut/gut; Neubau; Baujahr 1963; Keller,,,,,53,osrm_free_flow,74,vao_hafas_weekday_100000_best_of_5,48.412727,16.842562,listing_coords,https://www.willhaben.at/iad/immobilien/d/haus-kaufen/niederoesterreich/gaenserndorf/einfamilienhaus-fertigstellung-nach-eigenen-vorstellungen-in-2262-grub-an-der-march-1520353857/,,"Region expansion 2026-10-08 (Marchfeld). Grub an der March EFH €367.000 / 180 m² / 7 rooms / plot 660 m² / BJ 1963 / HWB G 200.0 / Sonstige; Immoexpress KG. ~53 min drive (21st district) / ~74 min PT (8th district). adid 1520353857, first published 2026-07-30.",2026-10-08,active,2026-10-08,2026-10-10,,,,,,seen,makler,ISPRIVATE=0; Provision: 3 % zzgl. 20% MwSt. vom Gesamtkaufpreis,Immoexpress KG,2038.89,6.1,3.6,12845,4037,5505,13212,35599,402599,293.01,willhaben MONTHCOSTS_GROSS,unknown,Sehr gut/gut,willhaben detail (condition/description),img/MF56.jpg,archive/MF56.html,2026-10-08,2026-10-08T10:36,52,Not recommended,"{""cost"":15.9,""pt"":9.8,""drive"":0.6,""living"":8.0,""garden"":9.0,""storage"":5,""room5"":4,""sauna"":0,""penalty"":0}",True,Weak fit (52/100): 7 rooms: one spare for guests/office; Spacious (180 m² living); Long drive to the 21st district (53 min).,7 rooms: one spare for guests/office | Spacious (180 m² living) | Large garden (est. ~552 m²) | Cellar mentioned,Long drive to the 21st district (53 min),"Renovate to own taste; NÖ/federal renovation subsidies (e.g. Sanierungsbonus, heating replacement) may reduce cost",80000,160000,482599,562599,653,"Est. ~€653/month: BK €293 (listing) + heating ~€360 (HWB 200, Unknown). Estimate.",yes,552,2026-10-10,pre-1970 or HWB F/G: substantial renovation €450–900/m²
MF57,"RH — Sehr gepflegtes, SMARTES Eck - Reihenhaus mit 4 Zimmer, privatem Garten, gemütlicher Terra (Gänserndorf)",honourable,,RH,Gänserndorf,2230,Bezirk Gänserndorf / Gänserndorf,Marchfeld,440000,,88.0,,4,2014,B,43.0,Fußbodenheizung,Air-source heat pump,Luftwärmepumpe · also Photovoltaik; PV,True,True,Parkplatz,False,False,True,Sehr gut/gut; Neubau; Baujahr 2014; Keller,,,,,34,osrm_free_flow,79,vao_hafas_weekday_100000_best_of_5,48.302914,16.679876,listing_coords,https://www.willhaben.at/iad/immobilien/d/haus-kaufen/niederoesterreich/gaenserndorf/sehr-gepflegtes-smartes-eck-reihenhaus-mit-4-zimmer-privatem-garten-gemuetlicher-terrasse-pool-1506493366/,,"Region expansion 2026-10-08 (Marchfeld). Gänserndorf RH €440.000 / 88 m² / 4 rooms / plot not stated / BJ 2014 / HWB B 43.0 / Fußbodenheizung; AK Sonnen Immobilien GmbH. ~34 min drive (21st district) / ~79 min PT (8th district). adid 1506493366, first published 2026-09-18.",2026-10-08,active,2026-10-08,2026-10-10,,,,,,seen,makler,"ISPRIVATE=0; Provision: 15.840,00 EUR inkl. 20% USt.",AK Sonnen Immobilien GmbH,5000.0,6.1,3.6,15400,4840,6600,15840,42680,482680,100.0,willhaben MONTHCOSTS_GROSS,unknown,Sehr gut/gut,willhaben detail (condition/description),img/MF57.jpg,archive/MF57.html,2026-10-08,2026-10-08T10:36,52,Not recommended,"{""cost"":31.4,""pt"":8.5,""drive"":6.0,""living"":0.0,""garden"":1.0,""storage"":5,""room5"":0,""sauna"":0,""penalty"":0}",True,Weak fit (52/100): Low overall cost (est. €483k–€498k incl. renovation); 4 rooms: meets the parents/boys/girls need; Small living area (88 m²).,Low overall cost (est. €483k–€498k incl. renovation) | 4 rooms: meets the parents/boys/girls need | Cellar mentioned,Small living area (88 m²) | Garden size unknown,Cellar could take an office/hobby room,0,15000,482680,497680,122,"Est. ~€122/month: BK €100 (listing) + heating ~€22 (HWB 43, Air-source heat pump). Estimate.",yes,,2026-10-10,recent/efficient: €0–15k
MF58,RH — Attraktive Wohnlage am grünen Stadtrand! (Strasshof an der Nordbahn),honourable,,RH,Strasshof an der Nordbahn,2231,Bezirk Gänserndorf / Strasshof an der Nordbahn,Marchfeld,450000,price reduced on willhaben (was €490.000),119.48,,4,1993,,61.0,Zentralheizung,Gas,Gastherme; Gasheizung,True,True,"Carport, Parkplatz",False,False,False,Baujahr 1993; Keller,,,,,32,osrm_free_flow,74,vao_hafas_weekday_100000_best_of_7,48.320255,16.651253,listing_coords,https://www.willhaben.at/iad/immobilien/d/haus-kaufen/niederoesterreich/gaenserndorf/attraktive-wohnlage-am-gruenen-stadtrand-1538800117/,,"Region expansion 2026-10-08 (Marchfeld). Strasshof an der Nordbahn RH €450.000 / 119 m² / 4 rooms / plot not stated / BJ 1993 / HWB  61.0 / Zentralheizung; PlanetHome Immobilien Austria GmbH. ~32 min drive (21st district) / ~74 min PT (8th district). adid 1538800117, first published 2026-05-26.",2026-10-08,active,2026-10-08,2026-10-10,,,,,,seen,makler,"ISPRIVATE=0; Provision: 3,00 % zzgl. gesetzliche MwSt",PlanetHome Immobilien Austria GmbH,3766.32,6.1,3.6,15750,4950,6750,16200,43650,493650,136.06,"src: listing text ""Betriebskosten …""",unknown,,willhaben detail (condition/description),img/MF58.jpg,archive/MF58.html,2026-10-08,2026-10-08T10:36,52,Not recommended,"{""cost"":25.9,""pt"":9.8,""drive"":6.6,""living"":3.9,""garden"":1.0,""storage"":5,""room5"":0,""sauna"":0,""penalty"":0}",True,Weak fit (52/100): 4 rooms: meets the parents/boys/girls need; Cellar mentioned; Garden size unknown.,4 rooms: meets the parents/boys/girls need | Cellar mentioned,Garden size unknown,Cellar could take an office/hobby room,10000,30000,503650,523650,209,"Est. ~€209/month: BK €136 (listing) + heating ~€73 (HWB 61, Gas). Estimate.",yes,,2026-10-10,1990–2009 or HWB C: refresh €80–250/m²
MF59,EFH — NEUER PREIS! Modernes Einfamilienhaus in ruhiger Grünlage (Obersiebenbrunn),over_budget,,EFH,Obersiebenbrunn,2283,Bezirk Gänserndorf / Obersiebenbrunn,Marchfeld,480000,over budget (+€30k),119.0,452.0,4,2004,C,57.1,Zentralheizung,Gas,Gasheizung,True,True,Garage,True,False,False,Neuwertig; Baujahr 2004; Keller,,,,,34,osrm_free_flow,66,vao_hafas_weekday_100000_best_of_5,48.265038,16.707203,listing_coords,https://www.willhaben.at/iad/immobilien/d/haus-kaufen/niederoesterreich/gaenserndorf/neuer-preis-modernes-einfamilienhaus-in-ruhiger-gruenlage-1704210190/,,"Region expansion 2026-10-08 (Marchfeld). Obersiebenbrunn EFH €480.000 / 119 m² / 4 rooms / plot 452 m² / BJ 2004 / HWB C 57.1 / Zentralheizung; REMAX Eco. ~34 min drive (21st district) / ~66 min PT (8th district). adid 1704210190, first published 2026-08-10.",2026-10-08,active,2026-10-08,2026-10-10,,,,,,seen,makler,"ISPRIVATE=0; Provision: 17.280,00 EUR inkl. 20% USt.",REMAX Eco,4033.61,6.1,3.6,16800,5280,7200,17280,46560,526560,300.0,willhaben MONTHCOSTS_GROSS,schluesselfertig,Neuwertig,willhaben detail (condition/description),img/MF59.jpg,archive/MF59.html,2026-10-08,2026-10-08T10:36,52,Not recommended,"{""cost"":20.0,""pt"":12.0,""drive"":6.0,""living"":3.9,""garden"":5.6,""storage"":5,""room5"":0,""sauna"":0,""penalty"":0}",True,Weak fit (52/100): 4 rooms: meets the parents/boys/girls need; Cellar mentioned.,4 rooms: meets the parents/boys/girls need | Cellar mentioned,,Cellar could take an office/hobby room,0,10000,526560,536560,368,"Est. ~€368/month: BK €300 (listing) + heating ~€68 (HWB 57, Gas). Estimate.",yes,380,2026-10-10,turnkey: minor works only
MF60,"RH — Modernes Reihenhaus mit Garten, 2 Dachterrassen & Vollkeller (Strasshof an der Nordbahn)",over_budget,,RH,Strasshof an der Nordbahn,2231,Bezirk Gänserndorf / Strasshof an der Nordbahn,Marchfeld,489000,over budget (+€39k),120.0,230.0,5,2012,B,35.7,Fußbodenheizung,Air-source heat pump,Luftwärmepumpe,True,True,Parkplatz,False,False,False,Neuwertig; Baujahr 2012; Keller,,,,,35,osrm_free_flow,74,vao_hafas_weekday_100000_best_of_6,48.307564,16.659021,listing_coords,https://www.willhaben.at/iad/immobilien/d/haus-kaufen/niederoesterreich/gaenserndorf/modernes-reihenhaus-mit-garten-2-dachterrassen-vollkeller-1711105765/,,"Region expansion 2026-10-08 (Marchfeld). Strasshof an der Nordbahn RH €489.000 / 120 m² / 5 rooms / plot 230 m² / BJ 2012 / HWB B 35.7 / Fußbodenheizung; REMAX Donau-City-Immobilien. ~35 min drive (21st district) / ~74 min PT (8th district). adid 1711105765, first published 2026-09-23.",2026-10-08,active,2026-10-08,2026-10-10,,,,,,seen,makler,ISPRIVATE=0; Provision: 3% des Kaufpreises zzgl. 20% USt.,REMAX Donau-City-Immobilien,4075.0,6.1,3.6,17115,5379,7335,17604,47433,536433,,nicht angegeben (willhaben detail),schluesselfertig,Neuwertig,willhaben detail (condition/description),img/MF60.jpg,archive/MF60.html,2026-10-08,2026-10-08T10:36,52,Not recommended,"{""cost"":22.1,""pt"":9.8,""drive"":5.7,""living"":4.0,""garden"":1.2,""storage"":5,""room5"":4,""sauna"":0,""penalty"":0}",True,Weak fit (52/100): 5 rooms: one spare for guests/office; Cellar mentioned.,5 rooms: one spare for guests/office | Cellar mentioned,,Negotiate on price; check BK and heating bills,0,10000,536433,546433,175,"Est. ~€175/month: BK €150 (assumed, not in listing) + heating ~€25 (HWB 36, Air-source heat pump). Estimate.",yes,158,2026-10-10,turnkey: minor works only
MF61,EFH — Top ausgestattetes Einfamilienhaus - einzugsbereit (Gänserndorf),over_budget,,EFH,Gänserndorf,2230,Bezirk Gänserndorf / Gänserndorf,Marchfeld,499000,over budget (+€49k),125.0,759.0,6,1980,C,67.7,Elektroheizung,Electric,Elektroheizung · also Photovoltaik,True,True,Garage,True,True,False,Baujahr 1980; Keller,,,,,38,osrm_free_flow,78,vao_hafas_weekday_100000_best_of_5,48.34067,16.71754,listing_coords,https://www.willhaben.at/iad/immobilien/d/haus-kaufen/niederoesterreich/gaenserndorf/top-ausgestattetes-einfamilienhaus-einzugsbereit-1150708582/,,"Region expansion 2026-10-08 (Marchfeld). Gänserndorf EFH €499.000 / 125 m² / 6 rooms / plot 759 m² / BJ 1980 / HWB C 67.7 / Elektroheizung; REMAX Eco. ~38 min drive (21st district) / ~78 min PT (8th district). adid 1150708582, first published 2026-08-06.",2026-10-08,active,2026-10-08,2026-10-10,,,,,,seen,makler,ISPRIVATE=0; Provision: 3% des Kaufpreises zzgl. 20% USt.,REMAX Eco,3992.0,6.1,3.6,17465,5489,7485,17964,48403,547403,116.0,willhaben MONTHCOSTS_GROSS,unknown,,willhaben detail (condition/description),img/MF61.jpg,archive/MF61.html,2026-10-08,2026-10-08T10:36,52,Not recommended,"{""cost"":12.2,""pt"":8.7,""drive"":4.9,""living"":4.7,""garden"":10.0,""storage"":5,""room5"":4,""sauna"":3,""penalty"":0}",True,Weak fit (52/100): 6 rooms: one spare for guests/office; Large garden (est. ~684 m²); High overall cost (est. €577k–€622k incl. renovation).,6 rooms: one spare for guests/office | Large garden (est. ~684 m²) | Cellar mentioned | Sauna,High overall cost (est. €577k–€622k incl. renovation),"Big plot: room for play area, garden shed or extension",30000,75000,577403,622403,201,"Est. ~€201/month: BK €116 (listing) + heating ~€85 (HWB 68, Electric). Estimate.",yes,684,2026-10-10,1970–89 or HWB D/E: partial renovation €250–600/m²
MF62,"EFH — ruhig gelegenes, voll unterkellertes Einfamilienhaus mit Pool, Wintergarten, Wärmepumpe, P (Leopoldsdorf im Marchfelde)",over_budget,,EFH,Leopoldsdorf im Marchfelde,2285,Bezirk Gänserndorf / Leopoldsdorf im Marchfelde,Marchfeld,538000,over budget (+€89k); price reduced on willhaben (was €563.000),224.0,737.0,4,2006,,67.0,Fußbodenheizung,Air-source heat pump + Wood,Luftwärmepumpe; Schwedenofen · also Photovoltaik,True,True,Parkplatz,False,True,True,Baujahr 2006; Keller,,,,,37,osrm_free_flow,58,vao_hafas_weekday_100000_best_of_5,48.22745,16.699974,listing_coords,https://www.willhaben.at/iad/immobilien/d/haus-kaufen/niederoesterreich/gaenserndorf/ruhig-gelegenes-voll-unterkellertes-einfamilienhaus-mit-pool-wintergarten-waermepumpe-photovoltaik-klimaanlage-glasfaseranschluss-uvm-1766520211/,,"Region expansion 2026-10-08 (Marchfeld). Leopoldsdorf im Marchfelde EFH €539.000 / 224 m² / 4 rooms / plot 737 m² / BJ 2006 / HWB  67.0 / Fußbodenheizung; Poth Immobilien GmbH. ~37 min drive (21st district) / ~58 min PT (8th district). adid 1766520211, first published 2026-08-12.",2026-10-08,active,2026-10-08,2026-10-10,,,,,,seen,makler,ISPRIVATE=0; Provision: 3% des Kaufpreises zzgl. 20% USt.,Poth Immobilien GmbH,2401.79,6.1,3.6,18830,5918,8070,19368,52186,590186,,nicht angegeben (willhaben detail),unknown,,willhaben detail (condition/description),img/MF62.jpg,archive/MF62.html,2026-10-08,2026-10-08T10:36,52,Not recommended,"{""cost"":7.0,""pt"":14.2,""drive"":5.1,""living"":8.0,""garden"":10.0,""storage"":5,""room5"":0,""sauna"":3,""penalty"":0}",True,Weak fit (52/100): Good public transport to the 8th district (58 min); 4 rooms: meets the parents/boys/girls need; High overall cost (est. €610k–€645k incl. renovation).,Good public transport to the 8th district (58 min) | 4 rooms: meets the parents/boys/girls need | Spacious (224 m² living) | Large garden (est. ~602 m²) | Cellar mentioned | Sauna,High overall cost (est. €610k–€645k incl. renovation),"Big plot: room for play area, garden shed or extension | Cellar could take an office/hobby room",20000,55000,610186,645186,238,"Est. ~€238/month: BK €150 (assumed, not in listing) + heating ~€88 (HWB 67, Air-source heat pump + Wood). Estimate.",yes,602,2026-10-10,1990–2009 or HWB C: refresh €80–250/m²
MF63,Bungalow — Bungalow mit 4 Schlafzimmern und Garten in Strasshof - Ihr Traumhaus für 550.000 EUR! (Strasshof an der Nordbahn),over_budget,,Bungalow,Strasshof an der Nordbahn,2231,Bezirk Gänserndorf / Strasshof an der Nordbahn,Marchfeld,550000,over budget (+€100k),196.51,708.0,9,1974,,,Sonstige,Gas + Wood,Gasetagenheizung; Gasheizung; Heizungsart: HOLZ · also Kachelofen,True,True,,False,False,False,Neuwertig; Neubau; Baujahr 1974; Keller,,,,,33,osrm_free_flow,65,vao_hafas_weekday_100000_best_of_5,48.3194,16.663446,listing_coords,https://www.willhaben.at/iad/immobilien/d/haus-kaufen/niederoesterreich/gaenserndorf/bungalow-mit-4-schlafzimmern-und-garten-in-strasshof-ihr-traumhaus-fuer-550-000-eur-1604816003/,,"Region expansion 2026-10-08 (Marchfeld). Strasshof an der Nordbahn Bungalow €550.000 / 197 m² / 9 rooms / plot 708 m² / BJ 1974 / Sonstige; B.A.R. Immobilien & Verwaltung Ges.m.b.H.. ~33 min drive (21st district) / ~65 min PT (8th district). adid 1604816003, first published 2026-05-19.",2026-10-08,active,2026-10-08,2026-10-10,,,,,,seen,makler,ISPRIVATE=0,B.A.R. Immobilien & Verwaltung Ges.m.b.H.,2798.84,6.1,3.6,19250,6050,8250,19800,53350,603350,69.0,willhaben MONTHCOSTS_GROSS,schluesselfertig,Neuwertig,willhaben detail (condition/description),img/MF63.jpg,archive/MF63.html,2026-10-08,2026-10-08T10:36,52,Not recommended,"{""cost"":6.6,""pt"":12.3,""drive"":6.3,""living"":8.0,""garden"":9.8,""storage"":5,""room5"":4,""sauna"":0,""penalty"":0}",True,Weak fit (52/100): Good public transport to the 8th district (65 min); 9 rooms: one spare for guests/office; High overall cost (est. €603k–€613k incl. renovation).,Good public transport to the 8th district (65 min) | 9 rooms: one spare for guests/office | Spacious (197 m² living) | Large garden (est. ~590 m²) | Cellar mentioned,High overall cost (est. €603k–€613k incl. renovation),Negotiate on price; check BK and heating bills,0,10000,603350,613350,423,"Est. ~€423/month: BK €69 (listing) + heating ~€354 (HWB 180 assumed, Gas + Wood). Estimate.",yes,590,2026-10-10,turnkey: minor works only
MF64,EFH — Charmantes Renovierungsobjekt in Breitstetten - Ihr Traumhaus wartet! 199.000 EUR (Breitstetten),honourable,,EFH,Breitstetten,2285,Bezirk Gänserndorf / Leopoldsdorf im Marchfelde,Marchfeld,199000,,82.0,760.0,3,1961,D,93.6,Zentralheizung,Gas,Gasheizung,True,False,,False,False,True,Sanierungsbedürftig; Baujahr 1961; Keller,,,,,42,osrm_free_flow,65,vao_hafas_weekday_100000_best_of_5,48.201126,16.717352,listing_coords,https://www.willhaben.at/iad/immobilien/d/haus-kaufen/niederoesterreich/gaenserndorf/charmantes-renovierungsobjekt-in-breitstetten-ihr-traumhaus-wartet-199-000-eur-1554140009/,,"Region expansion 2026-10-08 (Marchfeld). Breitstetten EFH €199.000 / 82 m² / 3 rooms / plot 760 m² / BJ 1961 / HWB D 93.6 / Zentralheizung; KYRA Immobilien GmbH. ~42 min drive (21st district) / ~65 min PT (8th district). needs renovation. adid 1554140009, first published 2026-09-17.",2026-10-08,disappeared,2026-10-08,2026-10-10,2026-10-10,,,,,disappeared,makler,ISPRIVATE=0; Provision: 3% des Kaufpreises zzgl. 20% USt.,KYRA Immobilien GmbH,2426.83,6.1,3.6,6965,2189,2985,7164,19303,218303,,nicht angegeben (willhaben detail),sanierungsbedarf,Sanierungsbedürftig,willhaben detail (condition/description),img/MF64.jpg,archive/MF64.html,2026-10-08,2026-10-08T10:36,,,,,,,,,,,,,,,,,,
MF65,EFH — NEUBAUPROJEKT am Weidenbach/ Gr. Schweinbarth (Gänserndorf),honourable,,EFH,Gänserndorf,2230,Bezirk Gänserndorf / Gänserndorf,Marchfeld,399000,"project: 2 units listed, €459k for the others",115.91,300.0,4,,,,,Unknown,no heating system named in the listing text,True,True,,False,False,False,Erstbezug,,,,,39,osrm_free_flow,74,vao_hafas_weekday_100000_best_of_5,48.33849,16.72416,listing_coords,https://www.willhaben.at/iad/immobilien/d/haus-kaufen/niederoesterreich/gaenserndorf/neubauprojekt-am-weidenbach-gr-schweinbarth-1927862241/,,"Region expansion 2026-10-08 (Marchfeld). Gänserndorf EFH €399.000 / 116 m² / 4 rooms / plot 300 m²; HADA Real GmbH. ~39 min drive (21st district) / ~74 min PT (8th district). handed over belagsfertig; other units: 1704012630 €459k. adid 1927862241, first published 2026-06-11.",2026-10-08,active,2026-10-08,2026-10-10,,,,,,seen,makler,"ISPRIVATE=0; Provision: 14.364,00 EUR inkl. 20% USt.",HADA Real GmbH,3442.33,6.1,3.6,13965,4389,5985,14364,38703,437703,,nicht angegeben (willhaben detail),belagsfertig,Erstbezug,willhaben detail (condition/description),img/MF65.jpg,archive/MF65.html,2026-10-08,2026-10-08T10:36,51,Not recommended,"{""cost"":28.8,""pt"":9.8,""drive"":4.6,""living"":3.5,""garden"":2.6,""storage"":2,""room5"":0,""sauna"":0,""penalty"":0}",True,Weak fit (51/100): 4 rooms: meets the parents/boys/girls need; Some storage (no cellar named).,4 rooms: meets the parents/boys/girls need | Some storage (no cellar named),,Choose own floors/finishes,30000,50000,467703,487703,359,"Est. ~€359/month: BK €150 (assumed, not in listing) + heating ~€209 (HWB 180 assumed, Unknown). Estimate.",storage,230,2026-10-10,"belagsfertig: floors, doors, painting, fittings at €250–450/m²"
MF66,EFH — Familienglück in Strasshof | 6 Zimmer auf ca. 183 m² Wohnfläche (Strasshof an der Nordbahn),honourable,,EFH,Strasshof an der Nordbahn,2231,Bezirk Gänserndorf / Strasshof an der Nordbahn,Marchfeld,419000,,183.0,630.0,6,1961,E,168.5,Zentralheizung,Gas,Gasheizung,True,True,"Garage, Parkplatz",True,False,False,Renoviert; Neubau; Baujahr 1961; Keller,,,,,35,osrm_free_flow,82,vao_hafas_weekday_100000_best_of_5,48.3165,16.670238,listing_coords,https://www.willhaben.at/iad/immobilien/d/haus-kaufen/niederoesterreich/gaenserndorf/familienglueck-in-strasshof-6-zimmer-auf-ca-183-m-wohnflaeche-1899090343/,,"Region expansion 2026-10-08 (Marchfeld). Strasshof an der Nordbahn EFH €419.000 / 183 m² / 6 rooms / plot 630 m² / BJ 1961 / HWB E 168.5 / Zentralheizung; Wolke 7 Immobilien-Gruppe. ~35 min drive (21st district) / ~82 min PT (8th district). adid 1899090343, first published 2026-10-01.",2026-10-08,active,2026-10-08,2026-10-10,,,,,,seen,makler,ISPRIVATE=0; Provision: 3% des Kaufpreises zzgl. 20% USt.,Wolke 7 Immobilien-Gruppe,2289.62,6.1,3.6,14665,4609,6285,15084,40643,459643,50.0,willhaben MONTHCOSTS_GROSS,unknown,Renoviert,willhaben detail (condition/description),img/MF66.jpg,archive/MF66.html,2026-10-08,2026-10-08T10:36,51,Not recommended,"{""cost"":12.0,""pt"":7.6,""drive"":5.7,""living"":8.0,""garden"":8.4,""storage"":5,""room5"":4,""sauna"":0,""penalty"":0}",True,Weak fit (51/100): 6 rooms: one spare for guests/office; Spacious (183 m² living).,6 rooms: one spare for guests/office | Spacious (183 m² living) | Large garden (est. ~520 m²) | Cellar mentioned,,"Renovate to own taste; NÖ/federal renovation subsidies (e.g. Sanierungsbonus, heating replacement) may reduce cost",80000,165000,539643,624643,358,"Est. ~€358/month: BK €50 (listing) + heating ~€308 (HWB 168, Gas). Estimate.",yes,520,2026-10-10,pre-1970 or HWB F/G: substantial renovation €450–900/m²
MF67,EFH — Im Speckgürtel von Wien - Idyllisches Einfamilienhaus mit Garten/Terrasse und Pool! (Mühlleiten),honourable,,EFH,Mühlleiten,2301,Bezirk Gänserndorf / Groß-Enzersdorf,Marchfeld,430000,,150.0,548.0,6,1960,D,115.6,Gasheizung,Gas,Gasheizung,True,True,Carport,False,False,True,Renoviert; Neubau; Baujahr 1960,,,,,38,osrm_free_flow,69,vao_hafas_weekday_100000_best_of_5,48.166256,16.569603,listing_coords,https://www.willhaben.at/iad/immobilien/d/haus-kaufen/niederoesterreich/gaenserndorf/im-speckguertel-von-wien-idyllisches-einfamilienhaus-mit-garten-terrasse-und-pool-1883955703/,,"Region expansion 2026-10-08 (Marchfeld). Mühlleiten EFH €430.000 / 150 m² / 6 rooms / plot 548 m² / BJ 1960 / HWB D 115.6 / Gasheizung; Immovent GmbH. ~38 min drive (21st district) / ~69 min PT (8th district). adid 1883955703, first published 2026-10-07.",2026-10-08,active,2026-10-08,2026-10-10,,,,,,seen,makler,ISPRIVATE=0; Provision: 3% des Kaufpreises zzgl. 20% USt.,Immovent GmbH,2866.67,6.1,3.6,15050,4730,6450,15480,41710,471710,,nicht angegeben (willhaben detail),unknown,Renoviert,willhaben detail (condition/description),img/MF67.jpg,archive/MF67.html,2026-10-08,2026-10-08T10:36,51,Not recommended,"{""cost"":14.0,""pt"":11.2,""drive"":4.9,""living"":8.0,""garden"":7.2,""storage"":2,""room5"":4,""sauna"":0,""penalty"":0}",True,Weak fit (51/100): 6 rooms: one spare for guests/office; Spacious (150 m² living).,6 rooms: one spare for guests/office | Spacious (150 m² living) | Large garden (est. ~458 m²) | Some storage (no cellar named),,"Renovate to own taste; NÖ/federal renovation subsidies (e.g. Sanierungsbonus, heating replacement) may reduce cost",70000,135000,541710,606710,323,"Est. ~€323/month: BK €150 (assumed, not in listing) + heating ~€173 (HWB 116, Gas). Estimate.",storage,458,2026-10-10,pre-1970 or HWB F/G: substantial renovation €450–900/m²
MF68,EFH — Liebevoll gepflegtes Einfamilienhaus in Rutzendorf - 618 m² Grundstück & 4 Zimmer (Groß-Enzersdorf),over_budget,,EFH,Groß-Enzersdorf,2301,Bezirk Gänserndorf / Groß-Enzersdorf,Marchfeld,459000,over budget (+€9k),108.0,618.0,4,1981,E,230.5,"Zentralheizung, Hauszentralheizung, Radiatoren",Unknown,"listing only names Zentralheizung, no fuel",True,True,Parkplatz,True,False,False,Sehr gut/gut; Neubau; Baujahr 1981; Keller,,,,,34,osrm_free_flow,68,vao_hafas_weekday_100000_best_of_5,48.20985,16.62848,listing_coords,https://www.willhaben.at/iad/immobilien/d/haus-kaufen/niederoesterreich/gaenserndorf/liebevoll-gepflegtes-einfamilienhaus-in-rutzendorf-618-m-grundstueck-4-zimmer-1119953579/,,"Region expansion 2026-10-08 (Marchfeld). Groß-Enzersdorf EFH €459.000 / 108 m² / 4 rooms / plot 618 m² / BJ 1981 / HWB E 230.5 / Zentralheizung, Hauszentralheizung, Radiatoren; Makler. ~34 min drive (21st district) / ~68 min PT (8th district). room count read from the description. adid 1119953579, first published 2026-10-02.",2026-10-08,active,2026-10-08,2026-10-10,,,,,,seen,makler,ISPRIVATE=0; Provision: 3% zzgl 20,,4250.0,6.1,3.6,16065,5049,6885,16524,44523,503523,,nicht angegeben (willhaben detail),unknown,Sehr gut/gut,willhaben detail (condition/description),img/MF68.jpg,archive/MF68.html,2026-10-08,2026-10-08T10:36,51,Not recommended,"{""cost"":16.6,""pt"":11.5,""drive"":6.0,""living"":2.4,""garden"":9.1,""storage"":5,""room5"":0,""sauna"":0,""penalty"":0}",True,Weak fit (51/100): 4 rooms: meets the parents/boys/girls need; Large garden (est. ~553 m²).,4 rooms: meets the parents/boys/girls need | Large garden (est. ~553 m²) | Cellar mentioned,,Cellar could take an office/hobby room,25000,65000,528523,568523,399,"Est. ~€399/month: BK €150 (assumed, not in listing) + heating ~€249 (HWB 230, Unknown). Estimate.",yes,553,2026-10-10,1970–89 or HWB D/E: partial renovation €250–600/m²
MF69,"RH — Einziehen und Wohlfühlen - Haus in optimaler Lage direkt in Strasshof für 488.000,-- EUR (Strasshof an der Nordbahn)",over_budget,,RH,Strasshof an der Nordbahn,2231,Bezirk Gänserndorf / Strasshof an der Nordbahn,Marchfeld,485000,over budget (+€35000),125.0,,5,2018,B,42.9,Fußbodenheizung,Air-source heat pump,Luftwärmepumpe,True,True,Parkplatz,False,False,False,Sehr gut/gut; Neubau; Baujahr 2018,,,,,31,osrm_free_flow,67,vao_hafas_weekday_100000_best_of_5,48.31151,16.631025,listing_coords,https://www.willhaben.at/iad/immobilien/d/haus-kaufen/niederoesterreich/gaenserndorf/einziehen-und-wohlfuehlen-absolute-ruhelage-ihr-wohn-t-raum-in-strasshof-nur-12-km-von-wien-1705870384/,https://www.willhaben.at/iad/immobilien/d/haus-kaufen/niederoesterreich/gaenserndorf/einziehen-und-wohlfuehlen-haus-in-optimaler-lage-direkt-in-strasshof-fuer-488-000-eur-1903542392/,"Region expansion 2026-10-08 (Marchfeld). Strasshof an der Nordbahn RH €488.000 / 125 m² / 5 rooms / plot not stated / BJ 2018 / HWB B 42.9 / Fußbodenheizung; MAST Immo GmbH. ~31 min drive (21st district) / ~71 min PT (8th district). adid 1903542392, first published 2026-09-28. Republished 2026-10-10 under willhaben adid 1705870384 (same house/coords; price now €485000).",2026-10-08,active,2026-10-08,2026-10-10,,488000,2026-10-10,-3000,"[{""price_eur"":488000,""at"":""2026-10-08""},{""price_eur"":485000,""at"":""2026-10-10""}]",url_refresh,makler,"ISPRIVATE=0; Provision: 17.568,00 EUR inkl. 20% USt.",MAST Immo GmbH,3880.0,6.1,3.6,16975,5335,7275,17460,47045,532045,,nicht angegeben (willhaben detail),unknown,Sehr gut/gut,willhaben detail (condition/description),img/MF69.jpg,archive/MF69.html,2026-10-08,2026-10-08T10:36,53,Not recommended,"{""cost"":22.3,""pt"":11.7,""drive"":6.9,""living"":4.7,""garden"":1.0,""storage"":2,""room5"":4,""sauna"":0,""penalty"":0}",True,Weak fit (53/100): 5 rooms: one spare for guests/office; Some storage (no cellar named); Garden size unknown.,5 rooms: one spare for guests/office | Some storage (no cellar named),Garden size unknown,Price already cut by €3k: seller may negotiate,0,15000,532045,547045,181,"Est. ~€181/month: BK €150 (assumed, not in listing) + heating ~€31 (HWB 43, Air-source heat pump). Estimate.",storage,,2026-10-10,recent/efficient: €0–15k
MF70,"EFH — Wohnkomfort! Saniertes & Modernisiertes Einfamilienhaus auf Doppelgrundstück in Lassee, mi (Lassee)",honourable,,EFH,Lassee,2291,Bezirk Gänserndorf / Lassee,Marchfeld,447000,,156.0,892.0,5,1954,D,111.9,Fernwärme,District heating,Fernwärme,True,True,"Carport, Parkplatz",False,False,True,Renoviert; Altbau; Baujahr 1954; Keller,,,,,45,osrm_free_flow,56,vao_hafas_weekday_100000_best_of_5,48.224987,16.822311,listing_coords,https://www.willhaben.at/iad/immobilien/d/haus-kaufen/niederoesterreich/gaenserndorf/wohnkomfort-saniertes-modernisiertes-einfamilienhaus-auf-doppelgrundstueck-in-lassee-mit-garten-carport-salzwasserpool-1928062434/,,"Region expansion 2026-10-08 (Marchfeld). Lassee EFH €447.000 / 156 m² / 5 rooms / plot 892 m² / BJ 1954 / HWB D 111.9 / Fernwärme; Immo-Company Haas & Urban Immobilien GmbH. ~45 min drive (21st district) / ~56 min PT (8th district). adid 1928062434, first published 2026-05-20.",2026-10-08,active,2026-10-08,2026-10-10,,,,,,seen,makler,ISPRIVATE=0; Provision: 3% des Kaufpreises zzgl. 20% USt.,Immo-Company Haas & Urban Immobilien GmbH,2865.38,6.1,3.6,15645,4917,6705,16092,43359,490359,390.0,willhaben MONTHCOSTS_GROSS,unknown,Renoviert,willhaben detail (condition/description),img/MF70.jpg,archive/MF70.html,2026-10-08,2026-10-08T10:36,50,Not recommended,"{""cost"":5.9,""pt"":14.7,""drive"":2.9,""living"":8.0,""garden"":10.0,""storage"":5,""room5"":4,""sauna"":0,""penalty"":0}",True,Weak fit (50/100): Good public transport to the 8th district (56 min); 5 rooms: one spare for guests/office; High overall cost (est. €560k–€630k incl. renovation).,Good public transport to the 8th district (56 min) | 5 rooms: one spare for guests/office | Spacious (156 m² living) | Large garden (est. ~798 m²) | Cellar mentioned,High overall cost (est. €560k–€630k incl. renovation),"Renovate to own taste; NÖ/federal renovation subsidies (e.g. Sanierungsbonus, heating replacement) may reduce cost | Big plot: room for play area, garden shed or extension",70000,140000,560359,630359,565,"Est. ~€565/month: BK €390 (listing) + heating ~€175 (HWB 112, District heating). Estimate.",yes,798,2026-10-10,pre-1970 or HWB F/G: substantial renovation €450–900/m²
MF71,EFH — Bezauberndes Einfamilienhaus (Strasshof an der Nordbahn),honourable,,EFH,Strasshof an der Nordbahn,2231,Bezirk Gänserndorf / Strasshof an der Nordbahn,Marchfeld,447000,price reduced on willhaben (was €470.000),99.31,595.0,4,1952,C,88.1,Etagenheizung,Gas,Gasheizung,True,False,,False,False,False,Sehr gut/gut; Neubau; Baujahr 1952,,,,,32,osrm_free_flow,74,vao_hafas_weekday_100000_best_of_7,48.320255,16.651253,listing_coords,https://www.willhaben.at/iad/immobilien/d/haus-kaufen/niederoesterreich/gaenserndorf/bezauberndes-einfamilienhaus-1167697145/,,"Region expansion 2026-10-08 (Marchfeld). Strasshof an der Nordbahn EFH €447.000 / 99 m² / 4 rooms / plot 595 m² / BJ 1952 / HWB C 88.1 / Etagenheizung; Birnleitner Immobilien GmbH. ~32 min drive (21st district) / ~74 min PT (8th district). adid 1167697145, first published 2026-08-21.",2026-10-08,active,2026-10-08,2026-10-10,,,,,,seen,makler,ISPRIVATE=0; Provision: 3% d. Kaufpreises + 20% MwSt.,Birnleitner Immobilien GmbH,4501.06,6.1,3.6,15645,4917,6705,16092,43359,490359,,nicht angegeben (willhaben detail),unknown,Sehr gut/gut,willhaben detail (condition/description),img/MF71.jpg,archive/MF71.html,2026-10-08,2026-10-08T10:36,50,Not recommended,"{""cost"":18.3,""pt"":9.8,""drive"":6.6,""living"":1.2,""garden"":8.7,""storage"":5,""room5"":0,""sauna"":0,""penalty"":0}",True,Weak fit (50/100): 4 rooms: meets the parents/boys/girls need; Large garden (est. ~535 m²); Small living area (99 m²).,4 rooms: meets the parents/boys/girls need | Large garden (est. ~535 m²) | Cellar mentioned,Small living area (99 m²),Cellar could take an office/hobby room,45000,90000,535359,580359,237,"Est. ~€237/month: BK €150 (assumed, not in listing) + heating ~€87 (HWB 88, Gas). Estimate.",yes,535,2026-10-10,pre-1970 or HWB F/G: substantial renovation €450–900/m²
MF72,EFH — Familienfreundliche Doppelhaushälfte in Gänserndorf-Stadt (Gänserndorf),honourable,,EFH,Gänserndorf,2230,Bezirk Gänserndorf / Gänserndorf,Marchfeld,449000,,116.86,,4,2005,B,49.7,"Gasheizung, Radiatoren",Gas,Gasheizung,True,True,"Carport, Garage, Parkplatz",True,False,False,Sehr gut/gut; Neubau; Baujahr 2005; Keller,,,,,40,osrm_free_flow,73,vao_hafas_weekday_100000_best_of_5,48.34532,16.72505,listing_coords,https://www.willhaben.at/iad/immobilien/d/haus-kaufen/niederoesterreich/gaenserndorf/familienfreundliche-doppelhaushaelfte-in-gaenserndorf-stadt-1817589145/,,"Region expansion 2026-10-08 (Marchfeld). Gänserndorf EFH €449.000 / 117 m² / 4 rooms / plot not stated / BJ 2005 / HWB B 49.7 / Gasheizung, Radiatoren; immoHEX Immobilien Service GmbH. ~40 min drive (21st district) / ~73 min PT (8th district). adid 1817589145, first published 2026-01-11.",2026-10-08,active,2026-10-08,2026-10-10,,,,,,seen,makler,ISPRIVATE=0; Provision: 3% des Kaufpreises zzgl. 20% USt.,immoHEX Immobilien Service GmbH,3842.2,6.1,3.6,15715,4939,6735,16164,43553,492553,,nicht angegeben (willhaben detail),unknown,Sehr gut/gut,willhaben detail (condition/description),img/MF72.jpg,archive/MF72.html,2026-10-08,2026-10-08T10:36,50,Not recommended,"{""cost"":26.1,""pt"":10.1,""drive"":4.3,""living"":3.6,""garden"":1.0,""storage"":5,""room5"":0,""sauna"":0,""penalty"":0}",True,Weak fit (50/100): 4 rooms: meets the parents/boys/girls need; Cellar mentioned; Garden size unknown.,4 rooms: meets the parents/boys/girls need | Cellar mentioned,Garden size unknown,Cellar could take an office/hobby room,10000,30000,502553,522553,208,"Est. ~€208/month: BK €150 (assumed, not in listing) + heating ~€58 (HWB 50, Gas). Estimate.",yes,,2026-10-10,1990–2009 or HWB C: refresh €80–250/m²
MF73,"EFH — ""Lebensqualität pur - mit viel Natur, Privatsphäre und Landleben."" (Andlersdorf)",sauna,,EFH,Andlersdorf,2301,Bezirk Gänserndorf / Andlersdorf,Marchfeld,450000,,120.0,1933.0,4,1952,E,169.0,,Unknown,no heating system named in the listing text,True,True,,False,True,False,Baujahr 1952; Keller,,,,,40,osrm_free_flow,71,vao_hafas_weekday_100000_best_of_5,48.17949,16.665094,listing_coords,https://www.willhaben.at/iad/immobilien/d/haus-kaufen/niederoesterreich/gaenserndorf/-lebensqualitaet-pur-mit-viel-natur-privatsphaere-und-landleben-2130720342/,,"Region expansion 2026-10-08 (Marchfeld). Andlersdorf EFH €450.000 / 120 m² / 4 rooms / plot 1933 m² / BJ 1952 / HWB E 169.0; REMAX Donau-City-Immobilien. ~40 min drive (21st district) / ~71 min PT (8th district). adid 2130720342, first published 2026-10-05.",2026-10-08,active,2026-10-08,2026-10-10,,,,,,seen,makler,ISPRIVATE=0; Provision: 3% des Kaufpreises zzgl. 20% USt.,REMAX Donau-City-Immobilien,3750.0,6.1,3.6,15750,4950,6750,16200,43650,493650,,nicht angegeben (willhaben detail),unknown,,willhaben detail (condition/description),img/MF73.jpg,archive/MF73.html,2026-10-08,2026-10-08T10:36,50,Not recommended,"{""cost"":13.1,""pt"":10.6,""drive"":4.3,""living"":4.0,""garden"":10.0,""storage"":5,""room5"":0,""sauna"":3,""penalty"":0}",True,Weak fit (50/100): 4 rooms: meets the parents/boys/girls need; Large garden (est. ~1861 m²).,4 rooms: meets the parents/boys/girls need | Large garden (est. ~1861 m²) | Cellar mentioned | Sauna,,"Renovate to own taste; NÖ/federal renovation subsidies (e.g. Sanierungsbonus, heating replacement) may reduce cost | Big plot: room for play area, garden shed or extension | Cellar could take an office/hobby room",55000,110000,548650,603650,353,"Est. ~€353/month: BK €150 (assumed, not in listing) + heating ~€203 (HWB 169, Unknown). Estimate.",yes,1861,2026-10-10,pre-1970 or HWB F/G: substantial renovation €450–900/m²
MF74,"EFH — Einfamilienhaus mit Wohlfühlfaktor, Sauna & Photovoltaik in ruhiger Lage (Gänserndorf)",sauna,,EFH,Gänserndorf,2230,Bezirk Gänserndorf / Gänserndorf,Marchfeld,400000,,140.0,432.0,5,2001,F,233.0,Fußbodenheizung,Gas,Gasheizung · also Photovoltaik,True,True,"Garage, Parkplatz",True,True,True,Baujahr 2001,,,,,38,osrm_free_flow,78,vao_hafas_weekday_100000_best_of_5,48.34067,16.71754,listing_coords,https://www.willhaben.at/iad/immobilien/d/haus-kaufen/niederoesterreich/gaenserndorf/einfamilienhaus-mit-wohlfuehlfaktor-sauna-photovoltaik-in-ruhiger-lage-1436678214/,,"Region expansion 2026-10-08 (Marchfeld). Gänserndorf EFH €400.000 / 140 m² / 5 rooms / plot 432 m² / BJ 2001 / HWB F 233.0 / Fußbodenheizung; REMAX Eco. ~38 min drive (21st district) / ~78 min PT (8th district). adid 1436678214, first published 2026-09-15.",2026-10-08,active,2026-10-08,2026-10-10,,,,,,seen,makler,"ISPRIVATE=0; Provision: 14.400,00 EUR inkl. 20% USt.",REMAX Eco,2857.14,6.1,3.6,14000,4400,6000,14400,38800,438800,300.0,willhaben MONTHCOSTS_GROSS,unknown,,willhaben detail (condition/description),img/MF74.jpg,archive/MF74.html,2026-10-08,2026-10-08T10:36,49,Not recommended,"{""cost"":14.6,""pt"":8.7,""drive"":4.9,""living"":6.7,""garden"":5.0,""storage"":2,""room5"":4,""sauna"":3,""penalty"":0}",True,Weak fit (49/100): 5 rooms: one spare for guests/office; Spacious (140 m² living).,5 rooms: one spare for guests/office | Spacious (140 m² living) | Some storage (no cellar named) | Sauna,,"Renovate to own taste; NÖ/federal renovation subsidies (e.g. Sanierungsbonus, heating replacement) may reduce cost",65000,125000,503800,563800,626,"Est. ~€626/month: BK €300 (listing) + heating ~€326 (HWB 233, Gas). Estimate.",storage,348,2026-10-10,pre-1970 or HWB F/G: substantial renovation €450–900/m²
MF75,"RH — Modernes Reihenhaus mit kleinem Garten, 2 Garagenplätzen und übernehmbarer Wohnbauförderun (Gänserndorf)",honourable,,RH,Gänserndorf,2230,Bezirk Gänserndorf / Gänserndorf,Marchfeld,410000,,100.0,,4.5,2001,C,81.0,,Unknown,no heating system named in the listing text,True,True,Garage,True,False,False,Sehr gut/gut; Neubau; Baujahr 2001; Keller,,,,,39,osrm_free_flow,78,vao_hafas_weekday_100000_best_of_5,48.34506,16.720768,listing_coords,https://www.willhaben.at/iad/immobilien/d/haus-kaufen/niederoesterreich/gaenserndorf/modernes-reihenhaus-mit-kleinem-garten-2-garagenplaetzen-und-uebernehmbarer-wohnbaufoerderung-1457672781/,,"Region expansion 2026-10-08 (Marchfeld). Gänserndorf RH €410.000 / 100 m² / 4.5 rooms / plot not stated / BJ 2001 / HWB C 81.0; REMAX Aktiv. ~39 min drive (21st district) / ~78 min PT (8th district). adid 1457672781, first published 2026-06-11.",2026-10-08,active,2026-10-08,2026-10-10,,,,,,seen,makler,ISPRIVATE=0; Provision: 3% des Kaufpreises zzgl. 20% USt.,REMAX Aktiv,4100.0,6.1,3.6,14350,4510,6150,14760,39770,449770,376.0,willhaben MONTHCOSTS_GROSS,unknown,Sehr gut/gut,willhaben detail (condition/description),img/MF75.jpg,archive/MF75.html,2026-10-08,2026-10-08T10:36,49,Not recommended,"{""cost"":28.6,""pt"":8.7,""drive"":4.6,""living"":1.3,""garden"":1.0,""storage"":5,""room5"":0,""sauna"":0,""penalty"":0}",True,Weak fit (49/100): 4 rooms: meets the parents/boys/girls need; Cellar mentioned; Garden size unknown.,4 rooms: meets the parents/boys/girls need | Cellar mentioned,Garden size unknown,Cellar could take an office/hobby room,10000,25000,459770,474770,457,"Est. ~€457/month: BK €376 (listing) + heating ~€81 (HWB 81, Unknown). Estimate.",yes,,2026-10-10,1990–2009 or HWB C: refresh €80–250/m²
MF76,"EFH — Saniertes und renoviertes Haus mit großem Grundstück, vielseitigen Nebengebäuden und zusät (Strasshof an der Nordbahn)",over_budget,,EFH,Strasshof an der Nordbahn,2231,Bezirk Gänserndorf / Strasshof an der Nordbahn,Marchfeld,459000,over budget (+€9k),90.0,683.0,4,,,,,Wood,Festbrennstoff,True,False,,False,False,False,Renoviert; Altbau; Keller,,,,,36,osrm_free_flow,82,vao_hafas_weekday_100000_best_of_5,48.307568,16.644,listing_coords,https://www.willhaben.at/iad/immobilien/d/haus-kaufen/niederoesterreich/gaenserndorf/saniertes-und-renoviertes-haus-mit-grossem-grundstueck-vielseitigen-nebengebaeuden-und-zusaetzlichem-bauplatz-in-2231-strasshof-preis-verhandelbar-1055297282/,,"Region expansion 2026-10-08 (Marchfeld). Strasshof an der Nordbahn EFH €459.000 / 90 m² / 4 rooms / plot 683 m²; Wolke 7 Immobilien-Gruppe. ~36 min drive (21st district) / ~82 min PT (8th district). adid 1055297282, first published 2026-09-01.",2026-10-08,active,2026-10-08,2026-10-10,,,,,,seen,makler,ISPRIVATE=0; Provision: 3% des Kaufpreises zzgl. 20% USt.,Wolke 7 Immobilien-Gruppe,5100.0,6.1,3.6,16065,5049,6885,16524,44523,503523,,nicht angegeben (willhaben detail),unknown,Renoviert,willhaben detail (condition/description),img/MF76.jpg,archive/MF76.html,2026-10-08,2026-10-08T10:36,49,Not recommended,"{""cost"":20.7,""pt"":7.6,""drive"":5.4,""living"":0.0,""garden"":10.0,""storage"":5,""room5"":0,""sauna"":0,""penalty"":0}",True,Weak fit (49/100): 4 rooms: meets the parents/boys/girls need; Large garden (est. ~629 m²); Small living area (90 m²).,4 rooms: meets the parents/boys/girls need | Large garden (est. ~629 m²) | Cellar mentioned,Small living area (90 m²),"Big plot: room for play area, garden shed or extension | Cellar could take an office/hobby room",15000,45000,518523,548523,312,"Est. ~€312/month: BK €150 (assumed, not in listing) + heating ~€162 (HWB 180 assumed, Wood). Estimate.",yes,629,2026-10-10,condition unknown: €150–500/m²
MF77,DHH — Doppelhaushälfte (Strasshof an der Nordbahn),over_budget,,DHH,Strasshof an der Nordbahn,2231,Bezirk Gänserndorf / Strasshof an der Nordbahn,Marchfeld,499999,over budget (+€50k),100.0,300.0,4,,B,31.4,"Luftwärmepumpe, Holzofen, Fußbodenheizung",Air-source heat pump + Wood,Luftwärmepumpe; Holzofen · also Photovoltaik,True,True,Parkplatz,False,False,False,Neuwertig; Neubau; Keller,,,,,32,osrm_free_flow,74,vao_hafas_weekday_100000_best_of_7,48.320255,16.651253,listing_coords,https://www.willhaben.at/iad/immobilien/d/haus-kaufen/niederoesterreich/gaenserndorf/doppelhaushaelfte-994709550/,,"Region expansion 2026-10-08 (Marchfeld). Strasshof an der Nordbahn DHH €499.999 / 100 m² / 4 rooms / plot 300 m² / HWB B 31.4 / Luftwärmepumpe, Holzofen, Fußbodenheizung; private seller. ~32 min drive (21st district) / ~74 min PT (8th district). adid 994709550, first published 2026-09-14.",2026-10-08,active,2026-10-08,2026-10-10,,,,,,seen,private,ISPRIVATE=1; Provision: 0,,4999.99,6.1,0.0,17500,5500,7500,0,30500,530499,,nicht angegeben (willhaben detail),schluesselfertig,Neuwertig,willhaben detail (condition/description),img/MF77.jpg,archive/MF77.html,2026-10-08,2026-10-08T10:36,49,Not recommended,"{""cost"":23.2,""pt"":9.8,""drive"":6.6,""living"":1.3,""garden"":2.8,""storage"":5,""room5"":0,""sauna"":0,""penalty"":0}",True,Weak fit (49/100): 4 rooms: meets the parents/boys/girls need; Cellar mentioned.,4 rooms: meets the parents/boys/girls need | Cellar mentioned,,Private seller: no buyer commission | Cellar could take an office/hobby room,0,10000,530499,540499,168,"Est. ~€168/month: BK €150 (assumed, not in listing) + heating ~€18 (HWB 31, Air-source heat pump + Wood). Estimate.",yes,240,2026-10-10,turnkey: minor works only
MF78,"RH — Renoviertes 3 Zimmer Haus mit Überdachter Terrasse, 2 Autoabstellplätzen & Klimaanlage Näh (Rutzendorf)",honourable,,RH,Rutzendorf,2301,Bezirk Gänserndorf / Groß-Enzersdorf,Marchfeld,299000,,69.0,523.0,3,,,,Etagenheizung,Gas + Pellets,Gasetagenheizung; Gasheizung; Pelletofen,True,True,Parkplatz,False,False,False,Neuwertig; Altbau,,,,,34,osrm_free_flow,64,vao_hafas_weekday_100000_best_of_5,48.20757,16.62595,listing_coords,https://www.willhaben.at/iad/immobilien/d/haus-kaufen/niederoesterreich/gaenserndorf/renoviertes-3-zimmer-haus-mit-ueberdachter-terrasse-2-autoabstellplaetzen-klimaanlage-naehe-stadtgrenze-wien-gross-enzersdorf-1631821654/,,"Region expansion 2026-10-08 (Marchfeld). Rutzendorf RH €299.000 / 69 m² / 3 rooms / plot 523 m² / Etagenheizung; FHI Real Estate GmbH. ~34 min drive (21st district) / ~64 min PT (8th district). adid 1631821654, first published 2026-09-18. Wohnungseigentum: no separate plot of its own; exclusive garden + share of the common plot.",2026-10-08,active,2026-10-08,2026-10-10,,,,,,seen,makler,ISPRIVATE=0; Provision: 3% des Kaufpreises zzgl. 20% USt.,FHI Real Estate GmbH,4333.33,6.1,3.6,10465,3289,4485,10764,29003,328003,,nicht angegeben (willhaben detail),schluesselfertig,Neuwertig,willhaben detail (condition/description),img/MF78.jpg,archive/MF78.html,2026-10-08,2026-10-08T10:36,48,Not recommended,"{""cost"":45.0,""pt"":12.5,""drive"":6.0,""living"":0.0,""garden"":7.6,""storage"":2,""room5"":0,""sauna"":0,""penalty"":-25}",False,Weak fit (48/100): Low overall cost (est. €328k–€338k incl. renovation); Good public transport to the 8th district (64 min); Only 3 rooms — fails the 4-room need.,Low overall cost (est. €328k–€338k incl. renovation) | Good public transport to the 8th district (64 min) | Large garden (est. ~481 m²) | Some storage (no cellar named),Only 3 rooms — fails the 4-room need | Small living area (69 m²),Negotiate on price; check BK and heating bills,0,10000,328003,338003,274,"Est. ~€274/month: BK €150 (assumed, not in listing) + heating ~€124 (HWB 180 assumed, Gas + Pellets). Estimate.",storage,481,2026-10-10,turnkey: minor works only
MF79,EFH — Haus am See - Charmanter Bungalow (Lassee),honourable,,EFH,Lassee,2291,Bezirk Gänserndorf / Lassee,Marchfeld,320000,,75.0,1114.0,3,1975,,,,Wood,Schwedenofen,True,True,"Garage, Parkplatz",True,False,False,Erstbezug; Baujahr 1975; Keller,,,,,46,osrm_free_flow,61,vao_hafas_weekday_100000_best_of_6,48.228836,16.823326,listing_coords,https://www.willhaben.at/iad/immobilien/d/haus-kaufen/niederoesterreich/gaenserndorf/haus-am-see-charmanter-bungalow-1207193627/,,"Region expansion 2026-10-08 (Marchfeld). Lassee EFH €320.000 / 75 m² / 3 rooms / plot 1114 m² / BJ 1975; IMMOBILIEN MÖRTL GesmbH. ~46 min drive (21st district) / ~61 min PT (8th district). adid 1207193627, first published 2026-08-20.",2026-10-08,active,2026-10-08,2026-10-10,,,,,,seen,makler,"ISPRIVATE=0; Provision: 3,00 % zzgl. gesetzliche MwSt",IMMOBILIEN MÖRTL GesmbH,4266.67,6.1,3.6,11200,3520,4800,11520,31040,351040,,nicht angegeben (willhaben detail),schluesselfertig,Erstbezug,willhaben detail (condition/description),img/MF79.jpg,archive/MF79.html,2026-10-08,2026-10-08T10:36,48,Not recommended,"{""cost"":45.0,""pt"":13.4,""drive"":2.6,""living"":0.0,""garden"":10.0,""storage"":2,""room5"":0,""sauna"":0,""penalty"":-25}",False,Weak fit (48/100): Low overall cost (est. €351k–€361k incl. renovation); Good public transport to the 8th district (61 min); Long drive to the 21st district (46 min).,Low overall cost (est. €351k–€361k incl. renovation) | Good public transport to the 8th district (61 min) | Large garden (est. ~1069 m²) | Some storage (no cellar named),Long drive to the 21st district (46 min) | Only 3 rooms — fails the 4-room need | Small living area (75 m²),"Big plot: room for play area, garden shed or extension",0,10000,351040,361040,285,"Est. ~€285/month: BK €150 (assumed, not in listing) + heating ~€135 (HWB 180 assumed, Wood). Estimate.",storage,1069,2026-10-10,turnkey: minor works only
MF80,EFH — Familienhaus in toller Lage nahe Wien (Gänserndorf),honourable,,EFH,Gänserndorf,2230,Bezirk Gänserndorf / Gänserndorf,Marchfeld,415000,,145.0,809.0,5,1973,e,195.8,,Unknown,no heating system named in the listing text,,False,,False,False,False,Baujahr 1973,,,,,40,osrm_free_flow,71,vao_hafas_weekday_100000_best_of_5,48.339375,16.724085,listing_coords,https://www.willhaben.at/iad/immobilien/d/haus-kaufen/niederoesterreich/gaenserndorf/familienhaus-in-toller-lage-nahe-wien-2035526022/,,"Region expansion 2026-10-08 (Marchfeld). Gänserndorf EFH €415.000 / 145 m² / 5 rooms / plot not stated / BJ 1973 / HWB e 195.8; Raiffeisen Immobilien Vermittlung Ges.m.b.H.. ~40 min drive (21st district) / ~71 min PT (8th district). adid 2035526022, first published 2026-09-15. Plot from the description.",2026-10-08,active,2026-10-08,2026-10-10,,,,,,seen,makler,ISPRIVATE=0; Provision: 3% des Kaufpreises plus 20% USt.,Raiffeisen Immobilien Vermittlung Ges.m.b.H.,2862,6.1,3.6,14525,4565,6225,14940,40255,455255,,nicht angegeben (willhaben detail),unknown,,willhaben detail (condition/description),img/MF80.jpg,archive/MF80.html,2026-10-08,2026-10-08T10:36,58,Worth a look,"{""cost"":21.3,""pt"":10.6,""drive"":4.3,""living"":7.3,""garden"":10.0,""storage"":0,""room5"":4,""sauna"":0,""penalty"":0}",True,Possible fit (58/100): 5 rooms: one spare for guests/office; Spacious (145 m² living); Cellar unknown.,5 rooms: one spare for guests/office | Spacious (145 m² living) | Large garden (est. ~722 m²),Cellar unknown,"Big plot: room for play area, garden shed or extension",35000,85000,490255,540255,434,"Est. ~€434/month: BK €150 (assumed, not in listing) + heating ~€284 (HWB 196, Unknown). Estimate.",unknown,722,2026-10-10,1970–89 or HWB D/E: partial renovation €250–600/m²
MF81,EFH — 5 Zimmer Einfamilienhaus - Neuer Preis! (Weikendorf),over_budget,,EFH,Weikendorf,2253,Bezirk Gänserndorf / Weikendorf,Marchfeld,455000,over budget (+€5k),245.0,840.0,5,1989,,,Sonstige,Gas,Gasheizung,True,True,Garage,True,False,True,Baujahr 1989; Keller,,,,,44,osrm_free_flow,61,vao_hafas_weekday_100000_best_of_5,48.349674,16.759884,listing_coords,https://www.willhaben.at/iad/immobilien/d/haus-kaufen/niederoesterreich/gaenserndorf/5-zimmer-einfamilienhaus-neuer-preis-1592945663/,,"Region expansion 2026-10-08 (Marchfeld). Weikendorf EFH €455.000 / 245 m² / 5 rooms / plot 840 m² / BJ 1989 / Sonstige; Raiffeisen Immobilien Vermittlung Ges.m.b.H.. ~44 min drive (21st district) / ~61 min PT (8th district). adid 1592945663, first published 2025-07-14.",2026-10-08,active,2026-10-08,2026-10-10,,,,,,seen,makler,ISPRIVATE=0; Provision: 3% des Kaufpreises plus 20% USt.,Raiffeisen Immobilien Vermittlung Ges.m.b.H.,1857.14,6.1,3.6,15925,5005,6825,16380,44135,499135,120.0,willhaben MONTHCOSTS_GROSS,unknown,,willhaben detail (condition/description),img/MF81.jpg,archive/MF81.html,2026-10-08,2026-10-08T10:36,48,Not recommended,"{""cost"":5.0,""pt"":13.4,""drive"":3.1,""living"":8.0,""garden"":10.0,""storage"":5,""room5"":4,""sauna"":0,""penalty"":0}",True,Weak fit (48/100): Good public transport to the 8th district (61 min); 5 rooms: one spare for guests/office; High overall cost (est. €559k–€644k incl. renovation).,Good public transport to the 8th district (61 min) | 5 rooms: one spare for guests/office | Spacious (245 m² living) | Large garden (est. ~693 m²) | Cellar mentioned,High overall cost (est. €559k–€644k incl. renovation),"Renovate to own taste; NÖ/federal renovation subsidies (e.g. Sanierungsbonus, heating replacement) may reduce cost | Big plot: room for play area, garden shed or extension",60000,145000,559135,644135,561,"Est. ~€561/month: BK €120 (listing) + heating ~€441 (HWB 180 assumed, Gas). Estimate.",yes,693,2026-10-10,1970–89 or HWB D/E: partial renovation €250–600/m²
MF82,DHH — Ihr Traumhaus - schlüsselfertig - viel Platz für wenig Geld (Mühlleiten),over_budget,,DHH,Mühlleiten,2301,Bezirk Gänserndorf / Groß-Enzersdorf,Marchfeld,469000,"over budget (+€19k); project: 5 units listed, €469k, €479k, €489k, €549k for the others",103.62,,4,2025,B,38.0,Fußbodenheizung,Air-source heat pump,Luftwärmepumpe,True,True,,False,False,False,Erstbezug; Neubau; Baujahr 2025,,,,,37,osrm_free_flow,64,vao_hafas_weekday_100000_best_of_5,48.16959,16.56698,listing_coords,https://www.willhaben.at/iad/immobilien/d/haus-kaufen/niederoesterreich/gaenserndorf/ihr-traumhaus-schluesselfertig-viel-platz-fuer-wenig-geld-1019724971/,,"Region expansion 2026-10-08 (Marchfeld). Mühlleiten DHH €469.000 / 104 m² / 4 rooms / plot not stated / BJ 2025 / HWB B 38.0 / Fußbodenheizung; IMMOcontract Immobilien Vermittlung GmbH. ~37 min drive (21st district) / ~64 min PT (8th district). New-build project (Wohnpark Mühlleiten, VARIO prefab): 14 DHH/RH, 4–5 rooms, 104–129 m², belagsfertig, 2 parking spaces; units €469k–589k; other units: 2127737658 €469k, 1692268273 €479k, 1144952300 €489k, 1832219276 €549k. adid 1019724971, first published 2026-02-01.",2026-10-08,active,2026-10-08,2026-10-10,,,,,,seen,makler,ISPRIVATE=0; Provision: 3% des Kaufpreises zzgl. 20% USt.,IMMOcontract Immobilien Vermittlung GmbH,4526.15,6.1,3.6,16415,5159,7035,16884,45493,514493,,nicht angegeben (willhaben detail),schluesselfertig,Erstbezug,willhaben detail (condition/description),img/MF82.jpg,archive/MF82.html,2026-10-08,2026-10-08T10:36,48,Not recommended,"{""cost"":25.7,""pt"":12.5,""drive"":5.1,""living"":1.8,""garden"":1.0,""storage"":2,""room5"":0,""sauna"":0,""penalty"":0}",True,Weak fit (48/100): Good public transport to the 8th district (64 min); 4 rooms: meets the parents/boys/girls need; Garden size unknown.,Good public transport to the 8th district (64 min) | 4 rooms: meets the parents/boys/girls need | Some storage (no cellar named),Garden size unknown,Negotiate on price; check BK and heating bills,0,10000,514493,524493,173,"Est. ~€173/month: BK €150 (assumed, not in listing) + heating ~€23 (HWB 38, Air-source heat pump). Estimate.",storage,,2026-10-10,turnkey: minor works only
MF83,EFH — +LICHTDURCHFLUTETES EINFAMILIENHAUS IN PROTTES+ Grundstück 752m²+ 5 Zimmer+ Wohnessküche 4 (Prottes),over_budget,,EFH,Prottes,2242,Bezirk Gänserndorf / Prottes,Marchfeld,499000,over budget (+€49k); price reduced on willhaben (was €569.000),134.78,752.0,5,2003,C,60.67,Etagenheizung,Gas,Gasheizung,True,True,"Garage, Parkplatz",True,False,False,Sehr gut/gut; Neubau; Baujahr 2003,,,,,41,osrm_free_flow,89,vao_hafas_weekday_100000_best_of_5,48.38099,16.727564,listing_coords,https://www.willhaben.at/iad/immobilien/d/haus-kaufen/niederoesterreich/gaenserndorf/-lichtdurchflutetes-einfamilienhaus-in-prottes-grundstueck-752m-5-zimmer-wohnesskueche-45m-kamin-garage-moderner-ausstattung-811213916/,,"Region expansion 2026-10-08 (Marchfeld). Prottes EFH €499.000 / 135 m² / 5 rooms / plot 752 m² / BJ 2003 / HWB C 60.67 / Etagenheizung; gb-direkt Finanzberatung & Immobilienhandel GmbH. ~41 min drive (21st district) / ~89 min PT (8th district). adid 811213916, first published 2026-05-29.",2026-10-08,active,2026-10-08,2026-10-10,,,,,,seen,makler,ISPRIVATE=0; Provision: 3% des Kaufpreises zzgl. 20% USt.,gb-direkt Finanzberatung & Immobilienhandel GmbH,3702.33,6.1,3.6,17465,5489,7485,17964,48403,547403,,nicht angegeben (willhaben detail),unknown,Sehr gut/gut,willhaben detail (condition/description),img/MF83.jpg,archive/MF83.html,2026-10-08,2026-10-08T10:36,48,Not recommended,"{""cost"":16.4,""pt"":5.7,""drive"":4.0,""living"":6.0,""garden"":10.0,""storage"":2,""room5"":4,""sauna"":0,""penalty"":0}",True,Weak fit (48/100): 5 rooms: one spare for guests/office; Large garden (est. ~671 m²); High overall cost (est. €557k–€582k incl. renovation).,5 rooms: one spare for guests/office | Large garden (est. ~671 m²) | Some storage (no cellar named),High overall cost (est. €557k–€582k incl. renovation),"Big plot: room for play area, garden shed or extension",10000,35000,557403,582403,232,"Est. ~€232/month: BK €150 (assumed, not in listing) + heating ~€82 (HWB 61, Gas). Estimate.",storage,671,2026-10-10,1990–2009 or HWB C: refresh €80–250/m²
MF84,"EFH — Großzügiges Ein- bzw. Zweifamilienhaus mit Wintergarten, Doppelgarage & Ausbaupotenzial (Deutsch-Wagram)",over_budget,,EFH,Deutsch-Wagram,2232,Bezirk Gänserndorf / Deutsch-Wagram,Marchfeld,525000,over budget (+€75k),160.0,795.0,8,1960,,,,Unknown,no heating system named in the listing text,True,True,Garage,True,False,False,Sanierungsbedürftig; Baujahr 1960; Keller,,,,,25,osrm_free_flow,65,vao_hafas_weekday_100000_best_of_5,48.30287,16.57654,listing_coords,https://www.willhaben.at/iad/immobilien/d/haus-kaufen/niederoesterreich/gaenserndorf/grosszuegiges-ein-bzw-zweifamilienhaus-mit-wintergarten-doppelgarage-ausbaupotenzial-1782380840/,,"Region expansion 2026-10-08 (Marchfeld). Deutsch-Wagram EFH €525.000 / 160 m² / 8 rooms / plot 795 m² / BJ 1960; REMAX Aktiv. ~25 min drive (21st district) / ~65 min PT (8th district). needs renovation. adid 1782380840, first published 2026-05-27. Two residential units in one house (works as one family home or with a granny flat).",2026-10-08,active,2026-10-08,2026-10-10,,,,,,seen,makler,ISPRIVATE=0; Provision: 3% des Kaufpreises zzgl. 20% USt.,REMAX Aktiv,3281.25,6.1,3.6,18375,5775,7875,18900,50925,575925,100.0,willhaben MONTHCOSTS_GROSS,sanierungsbedarf,Sanierungsbedürftig,willhaben detail (condition/description),img/MF84.jpg,archive/MF84.html,2026-10-08,2026-10-08T10:36,48,Not recommended,"{""cost"":0.0,""pt"":12.3,""drive"":8.6,""living"":8.0,""garden"":10.0,""storage"":5,""room5"":4,""sauna"":0,""penalty"":0}",True,Weak fit (48/100): Good public transport to the 8th district (65 min); Short drive to the 21st district (25 min); High overall cost (est. €656k–€736k incl. renovation).,Good public transport to the 8th district (65 min) | Short drive to the 21st district (25 min) | 8 rooms: one spare for guests/office | Spacious (160 m² living) | Large garden (est. ~699 m²) | Cellar mentioned,High overall cost (est. €656k–€736k incl. renovation),"Renovate to own taste; NÖ/federal renovation subsidies (e.g. Sanierungsbonus, heating replacement) may reduce cost | Big plot: room for play area, garden shed or extension",80000,160000,655925,735925,388,"Est. ~€388/month: BK €100 (listing) + heating ~€288 (HWB 180 assumed, Unknown). Estimate.",yes,699,2026-10-10,"renovation needed: €500–1,000/m²"
MF85,"RH — Privatverkauf! EXKLUSIVES , MODERNES WOHNEN IM 4 ZIMMER REIHENHAUS IN STRASSHOF AN DER NOR (Strasshof an der Nordbahn)",over_budget,,RH,Strasshof an der Nordbahn,2231,Bezirk Gänserndorf / Strasshof an der Nordbahn,Marchfeld,529000,over budget (+€79k); price reduced on willhaben (was €549.000),150.0,177.0,4,,B,32.0,"Luftwärmepumpe, Fußbodenheizung",Air-source heat pump,Luftwärmepumpe,True,True,Parkplatz,False,False,False,Sehr gut/gut; Neubau; Keller,,,,,34,osrm_free_flow,67,vao_hafas_weekday_100000_best_of_5,48.31911,16.66422,listing_coords,https://www.willhaben.at/iad/immobilien/d/haus-kaufen/niederoesterreich/gaenserndorf/privatverkauf-exklusives-modernes-wohnen-im-4-zimmer-reihenhaus-in-strasshof-an-der-nordbahn-1542573538/,,"Region expansion 2026-10-08 (Marchfeld). Strasshof an der Nordbahn RH €529.000 / 150 m² / 4 rooms / plot 177 m² / HWB B 32.0 / Luftwärmepumpe, Fußbodenheizung; private seller. ~34 min drive (21st district) / ~67 min PT (8th district). adid 1542573538, first published 2026-10-06. Wohnungseigentum: no separate plot of its own; exclusive garden + share of the common plot.",2026-10-08,active,2026-10-08,2026-10-10,,,,,,seen,private,ISPRIVATE=1; Provision: Privat,,3526.67,6.1,0.0,18515,5819,7935,0,32269,561269,,nicht angegeben (willhaben detail),unknown,Sehr gut/gut,willhaben detail (condition/description),img/MF85.jpg,archive/MF85.html,2026-10-08,2026-10-08T10:36,48,Not recommended,"{""cost"":17.7,""pt"":11.7,""drive"":6.0,""living"":8.0,""garden"":0.0,""storage"":5,""room5"":0,""sauna"":0,""penalty"":0}",True,Weak fit (48/100): 4 rooms: meets the parents/boys/girls need; Spacious (150 m² living); High overall cost (est. €561k–€576k incl. renovation).,4 rooms: meets the parents/boys/girls need | Spacious (150 m² living) | Cellar mentioned,High overall cost (est. €561k–€576k incl. renovation) | Little garden (est. ~87 m²),Private seller: no buyer commission | Cellar could take an office/hobby room,0,15000,561269,576269,178,"Est. ~€178/month: BK €150 (assumed, not in listing) + heating ~€28 (HWB 32, Air-source heat pump). Estimate.",yes,87,2026-10-10,recent/efficient: €0–15k
MF86,RH — Schönes Reihenhaus Nähe Donau-Oder-Kanal - sofort einziehen! (Groß-Enzersdorf),over_budget,,RH,Groß-Enzersdorf,2301,Bezirk Gänserndorf / Groß-Enzersdorf,Marchfeld,475000,over budget (+€25k),130.0,,4,,,98.0,"Gasheizung, Radiatoren, Etagenheizung",Gas,Gasheizung,True,True,Parkplatz,False,False,False,Sehr gut/gut; Neubau; Keller,,,,,36,osrm_free_flow,59,vao_hafas_weekday_100000_best_of_7,48.190086,16.574886,listing_coords,https://www.willhaben.at/iad/immobilien/d/haus-kaufen/niederoesterreich/gaenserndorf/schoenes-reihenhaus-naehe-donau-oder-kanal-sofort-einziehen-2138317390/,,"Region expansion 2026-10-08 (Marchfeld). Groß-Enzersdorf RH €475.000 / 130 m² / 4 rooms / plot not stated / HWB  98.0 / Gasheizung, Radiatoren, Etagenheizung; Makler. ~36 min drive (21st district) / ~59 min PT (8th district). room count read from the description. adid 2138317390, first published 2026-09-15.",2026-10-08,active,2026-10-08,2026-10-10,,,,,,seen,makler,ISPRIVATE=0; Provision: 3 % vom KP,,3653.85,6.1,3.6,16625,5225,7125,17100,46075,521075,,nicht angegeben (willhaben detail),unknown,Sehr gut/gut,willhaben detail (condition/description),img/MF86.jpg,archive/MF86.html,2026-10-08,2026-10-08T10:36,47,Not recommended,"{""cost"":16.6,""pt"":13.9,""drive"":5.4,""living"":5.3,""garden"":1.0,""storage"":5,""room5"":0,""sauna"":0,""penalty"":0}",True,Weak fit (47/100): Good public transport to the 8th district (59 min); 4 rooms: meets the parents/boys/girls need; Garden size unknown.,Good public transport to the 8th district (59 min) | 4 rooms: meets the parents/boys/girls need | Cellar mentioned,Garden size unknown,Cellar could take an office/hobby room,20000,65000,541075,586075,277,"Est. ~€277/month: BK €150 (assumed, not in listing) + heating ~€127 (HWB 98, Gas). Estimate.",yes,,2026-10-10,condition unknown: €150–500/m²
MF87,EFH — Sehr gut gelegenes Einfamilienhaus bzw. Zweifamilienhaus in ruhiger Lage in Deutsch Wagram (Deutsch-Wagram),over_budget,,EFH,Deutsch-Wagram,2232,Bezirk Gänserndorf / Deutsch-Wagram,Marchfeld,520000,over budget (+€70k),230.0,633.0,6,1989,E,153.0,Zentralheizung,Wood + Electric,Kachelofen; Elektroheizung; Infrarotheizung · also Solaranlage,True,True,"Garage, Parkplatz",True,False,True,Sehr gut/gut; Neubau; Baujahr 1989; Keller,,,,,24,osrm_free_flow,61,vao_hafas_weekday_100000_best_of_5,48.2993,16.56994,listing_coords,https://www.willhaben.at/iad/immobilien/d/haus-kaufen/niederoesterreich/gaenserndorf/sehr-gut-gelegenes-einfamilienhaus-bzw-zweifamilienhaus-in-ruhiger-lage-in-deutsch-wagram-mit-kachelofen-zentralheizung-und-elektroheizung-1050878045/,,"Region expansion 2026-10-08 (Marchfeld). Deutsch-Wagram EFH €520.000 / 230 m² / 6 rooms / plot 633 m² / BJ 1989 / HWB E 153.0 / Zentralheizung; Immoexpress KG. ~24 min drive (21st district) / ~61 min PT (8th district). adid 1050878045, first published 2025-09-23. Two residential units in one house (works as one family home or with a granny flat).",2026-10-08,active,2026-10-08,2026-10-10,,,,,,seen,makler,ISPRIVATE=0; Provision: 3 % zzgl. 20% MwSt.,Immoexpress KG,2260.87,6.1,3.6,18200,5720,7800,18720,50440,570440,94.0,"src: listing text ""Betriebskosten …""",unknown,Sehr gut/gut,willhaben detail (condition/description),img/MF87.jpg,archive/MF87.html,2026-10-08,2026-10-08T10:36,47,Not recommended,"{""cost"":0.0,""pt"":13.4,""drive"":8.9,""living"":8.0,""garden"":7.9,""storage"":5,""room5"":4,""sauna"":0,""penalty"":0}",True,Weak fit (47/100): Good public transport to the 8th district (61 min); Short drive to the 21st district (24 min); High overall cost (est. €630k–€710k incl. renovation).,Good public transport to the 8th district (61 min) | Short drive to the 21st district (24 min) | 6 rooms: one spare for guests/office | Spacious (230 m² living) | Large garden (est. ~495 m²) | Cellar mentioned,High overall cost (est. €630k–€710k incl. renovation),"Renovate to own taste; NÖ/federal renovation subsidies (e.g. Sanierungsbonus, heating replacement) may reduce cost",60000,140000,630440,710440,446,"Est. ~€446/month: BK €94 (listing) + heating ~€352 (HWB 153, Wood + Electric). Estimate.",yes,495,2026-10-10,1970–89 or HWB D/E: partial renovation €250–600/m²
MF88,EFH — Hohe Wohnqualität am Wiener Stadtrand! (Oberhausen),over_budget,,EFH,Oberhausen,2301,Bezirk Gänserndorf / Groß-Enzersdorf,Marchfeld,550000,over budget (+€100k); price reduced on willhaben (was €570.000),143.65,617.0,4,1997,,67.0,Zentralheizung,Gas + Wood,Gasheizung; Schwedenofen,True,True,"Garage, Parkplatz",True,False,True,Baujahr 1997; Keller,,,,,36,osrm_free_flow,59,vao_hafas_weekday_100000_best_of_7,48.190086,16.574886,listing_coords,https://www.willhaben.at/iad/immobilien/d/haus-kaufen/niederoesterreich/gaenserndorf/hohe-wohnqualitaet-am-wiener-stadtrand-1577891330/,,"Region expansion 2026-10-08 (Marchfeld). Oberhausen EFH €550.000 / 144 m² / 4 rooms / plot 617 m² / BJ 1997 / HWB  67.0 / Zentralheizung; PlanetHome Immobilien Austria GmbH. ~36 min drive (21st district) / ~59 min PT (8th district). adid 1577891330, first published 2026-06-19.",2026-10-08,active,2026-10-08,2026-10-10,,,,,,seen,makler,"ISPRIVATE=0; Provision: 3,00 % zzgl. gesetzliche MwSt",PlanetHome Immobilien Austria GmbH,3828.75,6.1,3.6,19250,6050,8250,19800,53350,603350,,nicht angegeben (willhaben detail),unknown,,willhaben detail (condition/description),img/MF88.jpg,archive/MF88.html,2026-10-08,2026-10-08T10:36,47,Not recommended,"{""cost"":7.2,""pt"":13.9,""drive"":5.4,""living"":7.2,""garden"":8.6,""storage"":5,""room5"":0,""sauna"":0,""penalty"":0}",True,Weak fit (47/100): Good public transport to the 8th district (59 min); 4 rooms: meets the parents/boys/girls need; High overall cost (est. €613k–€638k incl. renovation).,Good public transport to the 8th district (59 min) | 4 rooms: meets the parents/boys/girls need | Spacious (144 m² living) | Large garden (est. ~530 m²) | Cellar mentioned,High overall cost (est. €613k–€638k incl. renovation),Cellar could take an office/hobby room,10000,35000,613350,638350,246,"Est. ~€246/month: BK €150 (assumed, not in listing) + heating ~€96 (HWB 67, Gas + Wood). Estimate.",yes,530,2026-10-10,1990–2009 or HWB C: refresh €80–250/m²
MF89,DHH — Ruhelage - großzügige Doppelhaushälfte in ruhiger Lage von Gänserndorf (Gänserndorf),honourable,,DHH,Gänserndorf,2230,Bezirk Gänserndorf / Gänserndorf,Marchfeld,439000,,89.84,245.0,4,,,41.3,Fußbodenheizung,Air-source heat pump,Luftwärmepumpe,True,True,,False,False,True,Keller,,,,,34,osrm_free_flow,87,vao_hafas_weekday_100000_best_of_5,48.299976,16.670532,listing_coords,https://www.willhaben.at/iad/immobilien/d/haus-kaufen/niederoesterreich/gaenserndorf/ruhelage-grosszuegige-doppelhaushaelfte-in-ruhiger-lage-von-gaenserndorf-1832472925/,,"Region expansion 2026-10-08 (Marchfeld). Gänserndorf DHH €439.000 / 90 m² / 4 rooms / plot 245 m² / HWB  41.3 / Fußbodenheizung; Willmann Immobilien GmbH. ~34 min drive (21st district) / ~87 min PT (8th district). adid 1832472925, first published 2026-10-06.",2026-10-08,active,2026-10-08,2026-10-10,,,,,,seen,makler,ISPRIVATE=0; Provision: 3% des Kaufpreises zzgl. 20% USt.,Willmann Immobilien GmbH,4886.46,6.1,3.6,15365,4829,6585,15804,42583,481583,,nicht angegeben (willhaben detail),unknown,,willhaben detail (condition/description),img/MF89.jpg,archive/MF89.html,2026-10-08,2026-10-08T10:36,46,Not recommended,"{""cost"":27.0,""pt"":6.3,""drive"":6.0,""living"":0.0,""garden"":1.8,""storage"":5,""room5"":0,""sauna"":0,""penalty"":0}",True,Weak fit (46/100): 4 rooms: meets the parents/boys/girls need; Cellar mentioned; Small living area (90 m²).,4 rooms: meets the parents/boys/girls need | Cellar mentioned,Small living area (90 m²),Cellar could take an office/hobby room,15000,45000,496583,526583,172,"Est. ~€172/month: BK €150 (assumed, not in listing) + heating ~€22 (HWB 41, Air-source heat pump). Estimate.",yes,191,2026-10-10,condition unknown: €150–500/m²
MF90,RH — Großzügiges Eckreihenhaus mit Garten in ruhiger Siedlungslage - ideal für Familien (Gänserndorf),over_budget,,RH,Gänserndorf,2230,Bezirk Gänserndorf / Gänserndorf,Marchfeld,459000,over budget (+€9k),140.0,224.0,5,1987,D,117.0,,Unknown,no heating system named in the listing text,True,True,,False,False,False,Renoviert; Baujahr 1987; Keller,,,,,41,osrm_free_flow,74,vao_hafas_weekday_100000_best_of_5,48.33703,16.736841,listing_coords,https://www.willhaben.at/iad/immobilien/d/haus-kaufen/niederoesterreich/gaenserndorf/grosszuegiges-eckreihenhaus-mit-garten-in-ruhiger-siedlungslage-ideal-fuer-familien-969492698/,,"Region expansion 2026-10-08 (Marchfeld). Gänserndorf RH €459.000 / 140 m² / 5 rooms / plot 224 m² / BJ 1987 / HWB D 117.0; ERA Team Immobilienmanagement. ~41 min drive (21st district) / ~74 min PT (8th district). room count read from the description. adid 969492698, first published 2026-10-02.",2026-10-08,active,2026-10-08,2026-10-10,,,,,,seen,makler,ISPRIVATE=0; Provision: 3% des Kaufpreises zzgl. 20% USt.,ERA Team Immobilienmanagement,3278.57,6.1,3.6,16065,5049,6885,16524,44523,503523,,nicht angegeben (willhaben detail),unknown,Renoviert,willhaben detail (condition/description),img/MF90.jpg,archive/MF90.html,2026-10-08,2026-10-08T10:36,46,Not recommended,"{""cost"":15.9,""pt"":9.8,""drive"":4.0,""living"":6.7,""garden"":0.8,""storage"":5,""room5"":4,""sauna"":0,""penalty"":0}",True,Weak fit (46/100): 5 rooms: one spare for guests/office; Spacious (140 m² living); Little garden (est. ~140 m²).,5 rooms: one spare for guests/office | Spacious (140 m² living) | Cellar mentioned,Little garden (est. ~140 m²),Negotiate on price; check BK and heating bills,35000,85000,538523,588523,314,"Est. ~€314/month: BK €150 (assumed, not in listing) + heating ~€164 (HWB 117, Unknown). Estimate.",yes,140,2026-10-10,1970–89 or HWB D/E: partial renovation €250–600/m²
MF91,"EFH — 2305 Kopfstetten - Stilvolles Haus mit Seele: Villa mit Bogenarkaden, Kachelofen und viel (Kopfstetten)",over_budget,,EFH,Kopfstetten,2305,Bezirk Gänserndorf / Eckartsau,Marchfeld,470000,over budget (+€20k),195.0,1013.0,5.5,1990,,,Zentralheizung,Oil + Wood,Ölheizung; Kachelofen; Heizungsart: HOLZ,True,True,"Garage, Parkplatz",True,False,False,Sehr gut/gut; Neubau; Baujahr 1990; Keller,,,,,49,osrm_free_flow,90,vao_hafas_weekday_100000_best_of_5,48.170185,16.811754,listing_coords,https://www.willhaben.at/iad/immobilien/d/haus-kaufen/niederoesterreich/gaenserndorf/2305-kopfstetten-stilvolles-haus-mit-seele-villa-mit-bogenarkaden-kachelofen-und-viel-platz-zum-leben-1896505928/,,"Region expansion 2026-10-08 (Marchfeld). Kopfstetten EFH €470.000 / 195 m² / 5.5 rooms / plot 1013 m² / BJ 1990 / Zentralheizung; Donau-Immobilien dieHausberater24 GmbH & Co KG. ~49 min drive (21st district) / ~90 min PT (8th district). adid 1896505928, first published 2026-10-07.",2026-10-08,active,2026-10-08,2026-10-10,,,,,,seen,makler,ISPRIVATE=0; Provision: 3% des Kaufpreises zzgl. 20% USt.,Donau-Immobilien dieHausberater24 GmbH & Co KG,2410.26,6.1,3.6,16450,5170,7050,16920,45590,515590,150.0,willhaben MONTHCOSTS_GROSS,unknown,Sehr gut/gut,willhaben detail (condition/description),img/MF91.jpg,archive/MF91.html,2026-10-08,2026-10-08T10:36,46,Not recommended,"{""cost"":11.5,""pt"":5.5,""drive"":1.7,""living"":8.0,""garden"":10.0,""storage"":5,""room5"":4,""sauna"":0,""penalty"":0}",True,Weak fit (46/100): 5 rooms: one spare for guests/office; Spacious (195 m² living); Long drive to the 21st district (49 min).,5 rooms: one spare for guests/office | Spacious (195 m² living) | Large garden (est. ~896 m²) | Cellar mentioned,Long drive to the 21st district (49 min) | Oil heating: replacement expected,"Big plot: room for play area, garden shed or extension",30000,75000,545590,590590,501,"Est. ~€501/month: BK €150 (listing) + heating ~€351 (HWB 180 assumed, Oil + Wood). Estimate.",yes,896,2026-10-10,1990–2009 or HWB C: refresh €80–250/m²; + €15–25k oil-heating replacement
MF92,DHH — Moderne Doppelhaushälfte I gepflegtes Zuhause I Fußbodenheizung I Luftwärmepumpe I el. Auß (Strasshof an der Nordbahn),over_budget,,DHH,Strasshof an der Nordbahn,2231,Bezirk Gänserndorf / Strasshof an der Nordbahn,Marchfeld,470000,over budget (+€20k),113.0,215.0,4,2015,,,Fußbodenheizung,Air-source heat pump,Luftwärmepumpe,True,False,,False,False,False,Baujahr 2015; Keller,,,,,34,osrm_free_flow,80,vao_hafas_weekday_100000_best_of_5,48.32007,16.672203,listing_coords,https://www.willhaben.at/iad/immobilien/d/haus-kaufen/niederoesterreich/gaenserndorf/moderne-doppelhaushaelfte-i-gepflegtes-zuhause-i-fussbodenheizung-i-luftwaermepumpe-i-el-aussenrollos-i-4-zimmer-i-top-lage-1393410982/,,"Region expansion 2026-10-08 (Marchfeld). Strasshof an der Nordbahn DHH €470.000 / 113 m² / 4 rooms / plot 215 m² / BJ 2015 / Fußbodenheizung; REMAX Aktiv. ~34 min drive (21st district) / ~80 min PT (8th district). adid 1393410982, first published 2026-08-25.",2026-10-08,active,2026-10-08,2026-10-10,,,,,,seen,makler,ISPRIVATE=0; Provision: 3% des Kaufpreises zzgl. 20% USt.,REMAX Aktiv,4159.29,6.1,3.6,16450,5170,7050,16920,45590,515590,,nicht angegeben (willhaben detail),unknown,,willhaben detail (condition/description),img/MF92.jpg,archive/MF92.html,2026-10-08,2026-10-08T10:36,46,Not recommended,"{""cost"":23.2,""pt"":8.2,""drive"":6.0,""living"":3.1,""garden"":0.9,""storage"":5,""room5"":0,""sauna"":0,""penalty"":0}",True,Weak fit (46/100): 4 rooms: meets the parents/boys/girls need; Cellar mentioned; Little garden (est. ~147 m²).,4 rooms: meets the parents/boys/girls need | Cellar mentioned,Little garden (est. ~147 m²),Cellar could take an office/hobby room,0,15000,515590,530590,269,"Est. ~€269/month: BK €150 (assumed, not in listing) + heating ~€119 (HWB 180 assumed, Air-source heat pump). Estimate.",yes,147,2026-10-10,recent/efficient: €0–15k
MF93,EFH — Charmantes Einfamilienhaus mit 129 m² Wohnfläche - generalsaniert und modernisiert in Gäns (Gänserndorf),over_budget,,EFH,Gänserndorf,2230,Bezirk Gänserndorf / Gänserndorf,Marchfeld,480000,over budget (+€30k),129.0,440.0,4,,,,Luftwärmepumpe,Air-source heat pump,Luftwärmepumpe,True,True,Carport,False,False,False,Renoviert; Altbau,,,,,40,osrm_free_flow,71,vao_hafas_weekday_100000_best_of_5,48.339375,16.724085,listing_coords,https://www.willhaben.at/iad/immobilien/d/haus-kaufen/niederoesterreich/gaenserndorf/charmantes-einfamilienhaus-mit-129-m-wohnflaeche-generalsaniert-und-modernisiert-in-gaensendorf-stadt-1025931754/,,"Region expansion 2026-10-08 (Marchfeld). Gänserndorf EFH €480.000 / 129 m² / 4 rooms / plot 440 m² / Luftwärmepumpe; private seller. ~40 min drive (21st district) / ~71 min PT (8th district). adid 1025931754, first published 2026-09-14.",2026-10-08,active,2026-10-08,2026-10-10,,,,,,seen,private,ISPRIVATE=1,,3720.93,6.1,0.0,16800,5280,7200,0,29280,509280,,nicht angegeben (willhaben detail),unknown,Renoviert,willhaben detail (condition/description),img/MF93.jpg,archive/MF93.html,2026-10-08,2026-10-08T10:36,46,Not recommended,"{""cost"":18.3,""pt"":10.6,""drive"":4.3,""living"":5.2,""garden"":5.2,""storage"":2,""room5"":0,""sauna"":0,""penalty"":0}",True,Weak fit (46/100): 4 rooms: meets the parents/boys/girls need; Some storage (no cellar named).,4 rooms: meets the parents/boys/girls need | Some storage (no cellar named),,Private seller: no buyer commission,20000,65000,529280,574280,285,"Est. ~€285/month: BK €150 (assumed, not in listing) + heating ~€135 (HWB 180 assumed, Air-source heat pump). Estimate.",storage,362,2026-10-10,condition unknown: €150–500/m²
MF94,EFH — Ruhiges Wohnen im Grünen: Gepflegtes 4-Zimmer-Haus in Gänserndorf-Süd (Gänserndorf),over_budget,,EFH,Gänserndorf,2230,Bezirk Gänserndorf / Gänserndorf,Marchfeld,499000,over budget (+€49k),130.0,720.0,4,1970,,120.0,Zentralheizung,Air-source heat pump,Luftwärmepumpe,True,True,Parkplatz,False,False,False,Sehr gut/gut; Baujahr 1970; Keller,,,,,40,osrm_free_flow,71,vao_hafas_weekday_100000_best_of_5,48.339375,16.724085,listing_coords,https://www.willhaben.at/iad/immobilien/d/haus-kaufen/niederoesterreich/gaenserndorf/ruhiges-wohnen-im-gruenen-gepflegtes-4-zimmer-haus-in-gaenserndorf-sued-1478280027/,,"Region expansion 2026-10-08 (Marchfeld). Gänserndorf EFH €499.000 / 130 m² / 4 rooms / plot 720 m² / BJ 1970 / HWB  120.0 / Zentralheizung; EuV KO GmbH. ~40 min drive (21st district) / ~71 min PT (8th district). adid 1478280027, first published 2026-09-29.",2026-10-08,active,2026-10-08,2026-10-10,,,,,,seen,makler,ISPRIVATE=0,EuV KO GmbH,3838.46,6.1,3.6,17465,5489,7485,17964,48403,547403,,nicht angegeben (willhaben detail),unknown,Sehr gut/gut,willhaben detail (condition/description),img/MF94.jpg,archive/MF94.html,2026-10-08,2026-10-08T10:36,46,Not recommended,"{""cost"":11.0,""pt"":10.6,""drive"":4.3,""living"":5.3,""garden"":10.0,""storage"":5,""room5"":0,""sauna"":0,""penalty"":0}",True,Weak fit (46/100): 4 rooms: meets the parents/boys/girls need; Large garden (est. ~642 m²); High overall cost (est. €577k–€627k incl. renovation).,4 rooms: meets the parents/boys/girls need | Large garden (est. ~642 m²) | Cellar mentioned,High overall cost (est. €577k–€627k incl. renovation),"Big plot: room for play area, garden shed or extension | Cellar could take an office/hobby room",30000,80000,577403,627403,241,"Est. ~€241/month: BK €150 (assumed, not in listing) + heating ~€91 (HWB 120, Air-source heat pump). Estimate.",yes,642,2026-10-10,1970–89 or HWB D/E: partial renovation €250–600/m²
MF95,"EFH — Modernisiertes Einfamilienhaus mit Pool, Photovoltaik und viel Potenzial in familienfreund (Deutsch-Wagram)",over_budget,,EFH,Deutsch-Wagram,2232,Bezirk Gänserndorf / Deutsch-Wagram,Marchfeld,549000,over budget (+€99k),116.0,675.0,4,2019,C,90.0,Fußbodenheizung,Air-source heat pump,Luftwärmepumpe · also Photovoltaik; PV,True,True,"Garage, Parkplatz",True,False,True,Baujahr 2019; Keller,,,,,30,osrm_free_flow,65,vao_hafas_weekday_100000_best_of_6,48.317696,16.589775,listing_coords,https://www.willhaben.at/iad/immobilien/d/haus-kaufen/niederoesterreich/gaenserndorf/modernisiertes-einfamilienhaus-mit-pool-photovoltaik-und-viel-potenzial-in-familienfreundlicher-siedlung-ca-5-minuten-vom-bahnhof-entfernt-1408628335/,,"Region expansion 2026-10-08 (Marchfeld). Deutsch-Wagram EFH €549.000 / 116 m² / 4 rooms / plot 675 m² / BJ 2019 / HWB C 90.0 / Fußbodenheizung; Resch Homes Real Estate GmbH. ~30 min drive (21st district) / ~65 min PT (8th district). adid 1408628335, first published 2026-06-04.",2026-10-08,active,2026-10-08,2026-10-10,,,,,,seen,makler,ISPRIVATE=0; Provision: 3% des Kaufpreises zzgl. 20% USt.,Resch Homes Real Estate GmbH,4732.76,6.1,3.6,19215,6039,8235,19764,53253,602253,,nicht angegeben (willhaben detail),unknown,,willhaben detail (condition/description),img/MF95.jpg,archive/MF95.html,2026-10-08,2026-10-08T10:36,46,Not recommended,"{""cost"":8.4,""pt"":12.3,""drive"":7.1,""living"":3.5,""garden"":10.0,""storage"":5,""room5"":0,""sauna"":0,""penalty"":0}",True,Weak fit (46/100): Good public transport to the 8th district (65 min); Short drive to the 21st district (30 min); High overall cost (est. €612k–€632k incl. renovation).,Good public transport to the 8th district (65 min) | Short drive to the 21st district (30 min) | 4 rooms: meets the parents/boys/girls need | Large garden (est. ~605 m²) | Cellar mentioned,High overall cost (est. €612k–€632k incl. renovation),"Big plot: room for play area, garden shed or extension | Cellar could take an office/hobby room",10000,30000,612253,632253,211,"Est. ~€211/month: BK €150 (assumed, not in listing) + heating ~€61 (HWB 90, Air-source heat pump). Estimate.",yes,605,2026-10-10,1990–2009 or HWB C: refresh €80–250/m²
MF96,EFH — Ein Zuhause zum Verlieben - Hochwertiges Einfamilienhaus mit traumhaftem Garten (Strasshof an der Nordbahn),over_budget,,EFH,Strasshof an der Nordbahn,2231,Bezirk Gänserndorf / Strasshof an der Nordbahn,Marchfeld,549000,over budget (+€99k),125.0,601.0,4,1970,C,73.0,Zentralheizung,Air-source heat pump + Gas,Luftwärmepumpe; Gastherme; Gasheizung,True,True,Garage,True,False,True,Neuwertig; Baujahr 1970; Keller,,,,,33,osrm_free_flow,71,vao_hafas_weekday_100000_best_of_5,48.323975,16.641718,listing_coords,https://www.willhaben.at/iad/immobilien/d/haus-kaufen/niederoesterreich/gaenserndorf/ein-zuhause-zum-verlieben-hochwertiges-einfamilienhaus-mit-traumhaftem-garten-1570079463/,,"Region expansion 2026-10-08 (Marchfeld). Strasshof an der Nordbahn EFH €549.000 / 125 m² / 4 rooms / plot 601 m² / BJ 1970 / HWB C 73.0 / Zentralheizung; REMAX Donau-City-Immobilien. ~33 min drive (21st district) / ~71 min PT (8th district). adid 1570079463, first published 2026-09-23. Same house also listed by Immo-Company Haas & Urban at €550k (adid 1239096803).",2026-10-08,active,2026-10-08,2026-10-10,,,,,,seen,makler,ISPRIVATE=0; Provision: 3% des Kaufpreises zzgl. 20% USt.,REMAX Donau-City-Immobilien,4392.0,6.1,3.6,19215,6039,8235,19764,53253,602253,,nicht angegeben (willhaben detail),schluesselfertig,Neuwertig,willhaben detail (condition/description),img/MF96.jpg,archive/MF96.html,2026-10-08,2026-10-08T10:36,46,Not recommended,"{""cost"":11.0,""pt"":10.6,""drive"":6.3,""living"":4.7,""garden"":8.5,""storage"":5,""room5"":0,""sauna"":0,""penalty"":0}",True,Weak fit (46/100): 4 rooms: meets the parents/boys/girls need; Large garden (est. ~526 m²); High overall cost (est. €602k–€612k incl. renovation).,4 rooms: meets the parents/boys/girls need | Large garden (est. ~526 m²) | Cellar mentioned,High overall cost (est. €602k–€612k incl. renovation),Cellar could take an office/hobby room,0,10000,602253,612253,203,"Est. ~€203/month: BK €150 (assumed, not in listing) + heating ~€53 (HWB 73, Air-source heat pump + Gas). Estimate.",yes,526,2026-10-10,turnkey: minor works only
MF97,EFH — gepflegtes Haus mit großem Garten in Haringsee (Gänserndorf),honourable,,EFH,Gänserndorf,2230,Bezirk Gänserndorf / Gänserndorf,Marchfeld,400000,,210.0,1440.0,6,,G,379.6,,Heat pump,Wärmepumpe · air or ground not stated,True,False,,False,False,False,Sehr gut/gut,,,,,38,osrm_free_flow,81,vao_hafas_weekday_100000_best_of_5,48.36396,16.703495,listing_coords,https://www.willhaben.at/iad/immobilien/d/haus-kaufen/niederoesterreich/gaenserndorf/gepflegtes-haus-mit-grossem-garten-in-haringsee-911748755/,,"Region expansion 2026-10-08 (Marchfeld). Gänserndorf EFH €400.000 / 210 m² / 6 rooms / plot 1440 m² / HWB G 379.6; Wertimmobilien Consulting KG. ~38 min drive (21st district) / ~81 min PT (8th district). adid 911748755, first published 2026-10-08.",2026-10-08,disappeared,2026-10-08,2026-10-08,2026-10-09,,,,,disappeared,makler,"ISPRIVATE=0; Provision: 14.400,00 EUR inkl. 20% USt.",Wertimmobilien Consulting KG,1904.76,6.1,3.6,14000,4400,6000,14400,38800,438800,,nicht angegeben (willhaben detail),unknown,Sehr gut/gut,willhaben detail (condition/description),img/MF97.jpg,archive/MF97.html,2026-10-08,2026-10-08T10:36,,,,,,,,,,,,,,,,,,
MF98,EFH — Heimkommen und sofort wohlfühlen - Familienidylle pur in Gänserndorf-Stadt (Gänserndorf),honourable,,EFH,Gänserndorf,2230,Bezirk Gänserndorf / Gänserndorf,Marchfeld,440000,,142.0,350.0,5,1989,F,183.9,Fußbodenheizung,Gas,Gasheizung,True,True,"Garage, Parkplatz",True,False,False,Sehr gut/gut; Neubau; Baujahr 1989; Keller,,,,,38,osrm_free_flow,78,vao_hafas_weekday_100000_best_of_5,48.34067,16.71754,listing_coords,https://www.willhaben.at/iad/immobilien/d/haus-kaufen/niederoesterreich/gaenserndorf/heimkommen-und-sofort-wohlfuehlen-familienidylle-pur-in-gaenserndorf-stadt-1557393251/,,"Region expansion 2026-10-08 (Marchfeld). Gänserndorf EFH €440.000 / 142 m² / 5 rooms / plot 350 m² / BJ 1989 / HWB F 183.9 / Fußbodenheizung; BRAINSTORM Real & Consulting GmbH. ~38 min drive (21st district) / ~78 min PT (8th district). adid 1557393251, first published 2026-09-08.",2026-10-08,active,2026-10-08,2026-10-10,,,,,,seen,makler,ISPRIVATE=0; Provision: 3% des Kaufpreises zzgl. 20% USt.,BRAINSTORM Real & Consulting GmbH,3098.59,6.1,3.6,15400,4840,6600,15840,42680,482680,,nicht angegeben (willhaben detail),unknown,Sehr gut/gut,willhaben detail (condition/description),img/MF98.jpg,archive/MF98.html,2026-10-08,2026-10-08T10:36,44,Not recommended,"{""cost"":11.3,""pt"":8.7,""drive"":4.9,""living"":6.9,""garden"":3.3,""storage"":5,""room5"":4,""sauna"":0,""penalty"":0}",True,Weak fit (44/100): 5 rooms: one spare for guests/office; Spacious (142 m² living).,5 rooms: one spare for guests/office | Spacious (142 m² living) | Cellar mentioned,,"Renovate to own taste; NÖ/federal renovation subsidies (e.g. Sanierungsbonus, heating replacement) may reduce cost",65000,130000,547680,612680,411,"Est. ~€411/month: BK €150 (assumed, not in listing) + heating ~€261 (HWB 184, Gas). Estimate.",yes,264,2026-10-10,pre-1970 or HWB F/G: substantial renovation €450–900/m²
MF99,"EFH — Ihr neues Zuhause wartet - Ruhe, Freiheit und Natur, die verzaubert | Grundstück teilbar (Angern an der March)",over_budget,,EFH,Angern an der March,2261,Bezirk Gänserndorf / Angern an der March,Marchfeld,530000,over budget (+€80k); price reduced on willhaben (was €550.000),151.3,1802.0,4.5,2001,C,65.2,Zentralheizung,Gas,Gasheizung,True,True,"Carport, Parkplatz",False,False,False,Sehr gut/gut; Neubau; Baujahr 2001; Keller,,,,,48,osrm_free_flow,77,vao_hafas_weekday_100000_best_of_5,48.37904,16.828909,listing_coords,https://www.willhaben.at/iad/immobilien/d/haus-kaufen/niederoesterreich/gaenserndorf/ihr-neues-zuhause-wartet-ruhe-freiheit-und-natur-die-verzaubert-grundstueck-teilbar-1263162164/,,"Region expansion 2026-10-08 (Marchfeld). Angern an der March EFH €530.000 / 151 m² / 4.5 rooms / plot 1802 m² / BJ 2001 / HWB C 65.2 / Zentralheizung; Hyatt Immobilien GmbH. ~48 min drive (21st district) / ~77 min PT (8th district). adid 1263162164, first published 2026-06-17.",2026-10-08,active,2026-10-08,2026-10-10,,,,,,seen,makler,ISPRIVATE=0; Provision: 3% des Kaufpreises zzgl. 20% USt.,Hyatt Immobilien GmbH,3502.97,6.1,3.6,18550,5830,7950,19080,51410,581410,,nicht angegeben (willhaben detail),unknown,Sehr gut/gut,willhaben detail (condition/description),img/MF99.jpg,archive/MF99.html,2026-10-08,2026-10-08T10:36,44,Not recommended,"{""cost"":10.2,""pt"":9.0,""drive"":2.0,""living"":8.0,""garden"":10.0,""storage"":5,""room5"":0,""sauna"":0,""penalty"":0}",True,Weak fit (44/100): 4 rooms: meets the parents/boys/girls need; Spacious (151 m² living); High overall cost (est. €591k–€621k incl. renovation).,4 rooms: meets the parents/boys/girls need | Spacious (151 m² living) | Large garden (est. ~1711 m²) | Cellar mentioned,High overall cost (est. €591k–€621k incl. renovation) | Long drive to the 21st district (48 min),"Big plot: room for play area, garden shed or extension | Cellar could take an office/hobby room",10000,40000,591410,621410,249,"Est. ~€249/month: BK €150 (assumed, not in listing) + heating ~€99 (HWB 65, Gas). Estimate.",yes,1711,2026-10-10,1990–2009 or HWB C: refresh €80–250/m²
MF100,EFH — Wo Wien endet und Lebensqualität beginnt - Freistehendes Einfamilienhaus zwischen Donau-Od (Groß-Enzersdorf),over_budget,,EFH,Groß-Enzersdorf,2301,Bezirk Gänserndorf / Groß-Enzersdorf,Marchfeld,538700,over budget (+€89k),125.0,,4,2024,B,34.8,Fußbodenheizung,Air-source heat pump,Luftwärmepumpe,True,True,Parkplatz,False,False,False,Neuwertig; Neubau; Baujahr 2024,,,,,34,osrm_free_flow,55,vao_hafas_weekday_100000_best_of_7,48.197575,16.568027,listing_coords,https://www.willhaben.at/iad/immobilien/d/haus-kaufen/niederoesterreich/gaenserndorf/wo-wien-endet-und-lebensqualitaet-beginnt-freistehendes-einfamilienhaus-zwischen-donau-oder-kanal-lobau-und-wien-1396744749/,,"Region expansion 2026-10-08 (Marchfeld). Groß-Enzersdorf EFH €538.700 / 125 m² / 4 rooms / plot not stated / BJ 2024 / HWB B 34.8 / Fußbodenheizung; VIEMMO Real Estate GmbH. ~34 min drive (21st district) / ~55 min PT (8th district). adid 1396744749, first published 2026-07-23.",2026-10-08,active,2026-10-08,2026-10-10,,,,,,seen,makler,ISPRIVATE=0; Provision: 3% des Kaufpreises zzgl. 20% USt.,VIEMMO Real Estate GmbH,4309.6,6.1,3.6,18854,5926,8080,19393,52253,590953,34.8,"src: listing text ""Betriebskosten …""",schluesselfertig,Neuwertig,willhaben detail (condition/description),img/MF100.jpg,archive/MF100.html,2026-10-08,2026-10-08T10:36,44,Not recommended,"{""cost"":15.6,""pt"":15.0,""drive"":6.0,""living"":4.7,""garden"":1.0,""storage"":2,""room5"":0,""sauna"":0,""penalty"":0}",True,Weak fit (44/100): Good public transport to the 8th district (55 min); 4 rooms: meets the parents/boys/girls need; High overall cost (est. €591k–€601k incl. renovation).,Good public transport to the 8th district (55 min) | 4 rooms: meets the parents/boys/girls need | Some storage (no cellar named),High overall cost (est. €591k–€601k incl. renovation) | Garden size unknown,Negotiate on price; check BK and heating bills,0,10000,590953,600953,60,"Est. ~€60/month: BK €35 (listing) + heating ~€25 (HWB 35, Air-source heat pump). Estimate.",storage,,2026-10-10,turnkey: minor works only
MF101,EFH — Charmantes Einfamilienhaus mit Aufstockungsmöglichkeit nahe Wien (Deutsch-Wagram),honourable,,EFH,Deutsch-Wagram,2232,Bezirk Gänserndorf / Deutsch-Wagram,Marchfeld,379000,,90.0,432.0,3,,,,,Unknown,no heating system named in the listing text,True,False,,False,False,False,Keller,,,,,24,osrm_free_flow,61,vao_hafas_weekday_100000_best_of_5,48.29909,16.567558,listing_coords,https://www.willhaben.at/iad/immobilien/d/haus-kaufen/niederoesterreich/gaenserndorf/charmantes-einfamilienhaus-mit-aufstockungsmoeglichkeit-nahe-wien-1997982541/,,"Region expansion 2026-10-08 (Marchfeld). Deutsch-Wagram EFH €379.000 / 90 m² / 3 rooms / plot 432 m²; Linhardt Immobilien GmbH. ~24 min drive (21st district) / ~61 min PT (8th district). room count read from the description. adid 1997982541, first published 2026-09-29.",2026-10-08,active,2026-10-08,2026-10-10,,,,,,seen,makler,ISPRIVATE=0,Linhardt Immobilien GmbH,4211.11,6.1,3.6,13265,4169,5685,13644,36763,415763,,nicht angegeben (willhaben detail),unknown,,willhaben detail (condition/description),img/MF101.jpg,archive/MF101.html,2026-10-08,2026-10-08T10:36,43,Not recommended,"{""cost"":34.8,""pt"":13.4,""drive"":8.9,""living"":0.0,""garden"":5.6,""storage"":5,""room5"":0,""sauna"":0,""penalty"":-25}",False,Weak fit (43/100): Low overall cost (est. €431k–€461k incl. renovation); Good public transport to the 8th district (61 min); Only 3 rooms — fails the 4-room need.,Low overall cost (est. €431k–€461k incl. renovation) | Good public transport to the 8th district (61 min) | Short drive to the 21st district (24 min) | Cellar mentioned,Only 3 rooms — fails the 4-room need | Small living area (90 m²),Negotiate on price; check BK and heating bills,15000,45000,430763,460763,312,"Est. ~€312/month: BK €150 (assumed, not in listing) + heating ~€162 (HWB 180 assumed, Unknown). Estimate.",yes,378,2026-10-10,condition unknown: €150–500/m²
MF102,"RH — Wohnen in Orth an der Donau Hausreihe mit Garten, 5 Zimmer, 116,28 m², 2 Stellplätze (Orth an der Donau)",over_budget,,RH,Orth an der Donau,2304,Bezirk Gänserndorf / Orth an der Donau,Marchfeld,459000,over budget (+€9k),116.28,,5,2026,B,32,"Luftwärmepumpe, Fußbodenheizung",Air-source heat pump,Luftwärmepumpe · also Photovoltaik,True,True,,False,False,False,,,,,,46,osrm_free_flow,73,vao_hafas_weekday_100000_best_of_5,48.147976,16.707682,listing_coords,https://www.willhaben.at/iad/immobilien/d/neubauprojekt/niederoesterreich/gaenserndorf/wohnen-in-orth-an-der-donau-hausreihe-mit-garten-5-zimmer-116-28-m-2-stellplaetze-1202198928/,,"Region expansion 2026-10-08 (Marchfeld). Orth an der Donau RH €459.000 / 116 m² / 5 rooms / plot not stated / BJ 2026 / HWB B 32 / Luftwärmepumpe, Fußbodenheizung; Seraphar GmbH. ~46 min drive (21st district) / ~73 min PT (8th district). New-build project (Seraphar): 8 RH + 2 DHH, 116 m², 4.5–5 rooms, private garden 73–130 m², belagsfertig, ready 2027; units €459k–479k. Baurecht not mentioned in this ad (the same developer's Raasdorf project is Baurecht): verify ownership; room count read from the description; handed over belagsfertig. adid 1202198928, first published 2026-09-16.",2026-10-08,active,2026-10-08,2026-10-10,,,,,,seen,makler,ISPRIVATE=0,Seraphar GmbH,,6.1,3.6,16065,5049,6885,16524,44523,503523,,nicht angegeben (willhaben detail),belagsfertig,,willhaben detail (condition/description),img/MF102.jpg,archive/MF102.html,2026-10-08,2026-10-08T10:36,45,Not recommended,"{""cost"":21.8,""pt"":10.1,""drive"":2.6,""living"":3.5,""garden"":1.0,""storage"":2,""room5"":4,""sauna"":0,""penalty"":0}",True,Weak fit (45/100): 5 rooms: one spare for guests/office; Some storage (no cellar named); Long drive to the 21st district (46 min).,5 rooms: one spare for guests/office | Some storage (no cellar named),Long drive to the 21st district (46 min) | Garden size unknown,Choose own floors/finishes,30000,50000,533523,553523,172,"Est. ~€172/month: BK €150 (assumed, not in listing) + heating ~€22 (HWB 32, Air-source heat pump). Estimate.",storage,,2026-10-10,"belagsfertig: floors, doors, painting, fittings at €250–450/m²"
MF103,"DHH — ""OH MEIN GOTT"" Ein Traumdoppelhaus! (Weikendorf)",over_budget,,DHH,Weikendorf,2253,Bezirk Gänserndorf / Weikendorf,Marchfeld,469000,over budget (+€19k),116.96,,4,2025,A,24.9,Fußbodenheizung,Air-source heat pump,Luftwärmepumpe; Luft/Wasser Wärmepumpe,True,True,"Garage, Parkplatz",True,False,False,Neuwertig; Neubau; Baujahr 2025,,,,,44,osrm_free_flow,81,vao_hafas_weekday_100000_best_of_5,48.337902,16.767925,listing_coords,https://www.willhaben.at/iad/immobilien/d/haus-kaufen/niederoesterreich/gaenserndorf/-oh-mein-gott-ein-traumdoppelhaus-1061794944/,,"Region expansion 2026-10-08 (Marchfeld). Weikendorf DHH €469.000 / 117 m² / 4 rooms / plot not stated / BJ 2025 / HWB A 24.9 / Fußbodenheizung; TRUE Immobilien GmbH & Co KG. ~44 min drive (21st district) / ~81 min PT (8th district). adid 1061794944, first published 2026-04-22.",2026-10-08,active,2026-10-08,2026-10-10,,,,,,seen,makler,ISPRIVATE=0; Provision: 3% des Kaufpreises zzgl. 20% USt.,TRUE Immobilien GmbH & Co KG,4009.92,6.1,3.6,16415,5159,7035,16884,45493,514493,,nicht angegeben (willhaben detail),schluesselfertig,Neuwertig,willhaben detail (condition/description),img/MF103.jpg,archive/MF103.html,2026-10-08,2026-10-08T10:36,43,Not recommended,"{""cost"":25.8,""pt"":7.9,""drive"":3.1,""living"":3.6,""garden"":1.0,""storage"":2,""room5"":0,""sauna"":0,""penalty"":0}",True,Weak fit (43/100): 4 rooms: meets the parents/boys/girls need; Some storage (no cellar named); Garden size unknown.,4 rooms: meets the parents/boys/girls need | Some storage (no cellar named),Garden size unknown,Negotiate on price; check BK and heating bills,0,10000,514493,524493,167,"Est. ~€167/month: BK €150 (assumed, not in listing) + heating ~€17 (HWB 25, Air-source heat pump). Estimate.",storage,,2026-10-10,turnkey: minor works only
MF104,"EFH — Neubau-Einfamilienhaus in Unterbrunn - Smart Living mit Garten, nahe Wien (Untersiebenbrunn)",over_budget,,EFH,Untersiebenbrunn,2284,Bezirk Gänserndorf / Untersiebenbrunn,Marchfeld,475000,"over budget (+€25k); project: 2 units listed, €475k for the others",168.64,340.5,5,2024,B,44.0,Luftwärmepumpe,Air-source heat pump,Luftwärmepumpe; Luft-Wasser-Wärmepumpe,True,True,,False,False,False,Erstbezug; Baujahr 2024,,,,,40,osrm_free_flow,80,vao_hafas_weekday_100000_best_of_5,48.26618,16.747545,listing_coords,https://www.willhaben.at/iad/immobilien/d/haus-kaufen/niederoesterreich/gaenserndorf/neubau-einfamilienhaus-in-unterbrunn-smart-living-mit-garten-nahe-wien-1782913471/,,"Region expansion 2026-10-08 (Marchfeld). Untersiebenbrunn EFH €475.000 / 169 m² / 5 rooms / plot 340 m² / BJ 2024 / HWB B 44.0 / Luftwärmepumpe; KLASAN & Partner Immobilien. ~40 min drive (21st district) / ~80 min PT (8th district). handed over belagsfertig; other units: 1558817853 €475k. adid 1782913471, first published 2026-09-22. Wohnungseigentum: no separate plot of its own; exclusive garden + share of the common plot.",2026-10-08,active,2026-10-08,2026-10-10,,,,,,seen,makler,"ISPRIVATE=0; Provision: 17.100,00 EUR inkl. 20% USt.",KLASAN & Partner Immobilien,2816.65,6.1,3.6,16625,5225,7125,17100,46075,521075,,nicht angegeben (willhaben detail),belagsfertig,Erstbezug,willhaben detail (condition/description),img/MF104.jpg,archive/MF104.html,2026-10-08,2026-10-08T10:36,43,Not recommended,"{""cost"":15.8,""pt"":8.2,""drive"":4.3,""living"":8.0,""garden"":2.8,""storage"":0,""room5"":4,""sauna"":0,""penalty"":0}",True,Weak fit (43/100): 5 rooms: one spare for guests/office; Spacious (169 m² living); High overall cost (est. €561k–€596k incl. renovation).,5 rooms: one spare for guests/office | Spacious (169 m² living),High overall cost (est. €561k–€596k incl. renovation) | Cellar unknown,Choose own floors/finishes,40000,75000,561075,596075,193,"Est. ~€193/month: BK €150 (assumed, not in listing) + heating ~€43 (HWB 44, Air-source heat pump). Estimate.",unknown,239,2026-10-10,"belagsfertig: floors, doors, painting, fittings at €250–450/m²"
MF105,EFH — HERRENHAUS MIT VIEL ELEGANZ UND GROSSEM POTENTIAL !!! (Dörfles),over_budget,,EFH,Dörfles,2253,Bezirk Gänserndorf / Weikendorf,Marchfeld,490000,over budget (+€40k),267.0,1567.0,6,1898,G,445.4,Zentralheizung,Gas + Wood,Gaszentralheizung; Gasheizung; Heizungsart: HOLZ,True,True,"Garage, Parkplatz",True,False,False,Sehr gut/gut; Altbau; Baujahr 1898; Keller,,,,,38,osrm_free_flow,69,vao_hafas_weekday_100000_best_of_5_from_town_centre (no stop within walking range of the listing pin),48.376312,16.706518,listing_coords,https://www.willhaben.at/iad/immobilien/d/haus-kaufen/niederoesterreich/gaenserndorf/herrenhaus-mit-viel-eleganz-und-grossem-potential-1767994140/,,"Region expansion 2026-10-08 (Marchfeld). Dörfles EFH €490.000 / 267 m² / 6 rooms / plot 1567 m² / BJ 1898 / HWB G 445.4 / Zentralheizung; CB Living GmbH. ~38 min drive (21st district) / ~69 min PT (8th district). adid 1767994140, first published 2026-04-28.",2026-10-08,active,2026-10-08,2026-10-10,,,,,,seen,makler,ISPRIVATE=0; Provision: 3% des Kaufpreises zzgl. 20% USt.,CB Living GmbH,1835.21,6.1,3.6,17150,5390,7350,17640,47530,537530,,nicht angegeben (willhaben detail),unknown,Sehr gut/gut,willhaben detail (condition/description),img/MF105.jpg,archive/MF105.html,2026-10-08,2026-10-08T10:36,43,Not recommended,"{""cost"":0.0,""pt"":11.2,""drive"":4.9,""living"":8.0,""garden"":10.0,""storage"":5,""room5"":4,""sauna"":0,""penalty"":0}",True,Weak fit (43/100): 6 rooms: one spare for guests/office; Spacious (267 m² living); High overall cost (est. €658k–€778k incl. renovation).,6 rooms: one spare for guests/office | Spacious (267 m² living) | Large garden (est. ~1406 m²) | Cellar mentioned,High overall cost (est. €658k–€778k incl. renovation),"Renovate to own taste; NÖ/federal renovation subsidies (e.g. Sanierungsbonus, heating replacement) may reduce cost | Big plot: room for play area, garden shed or extension",120000,240000,657530,777530,1339,"Est. ~€1339/month: BK €150 (assumed, not in listing) + heating ~€1189 (HWB 445, Gas + Wood). Estimate.",yes,1406,2026-10-10,pre-1970 or HWB F/G: substantial renovation €450–900/m²
MF106,DHH — Baujahr 2018: Moderne 4-Zimmer Doppelhaushälfte mit Garten (Strasshof an der Nordbahn),over_budget,,DHH,Strasshof an der Nordbahn,2231,Bezirk Gänserndorf / Strasshof an der Nordbahn,Marchfeld,498000,over budget (+€48k),93.41,,4,2018,B,32.2,Fußbodenheizung,Air-source heat pump,Luftwärmepumpe · also PV; Photovoltaik,True,True,,False,False,False,Neuwertig; Neubau; Baujahr 2018; Keller,,,,,34,osrm_free_flow,75,vao_hafas_weekday_100000_best_of_5,48.321426,16.672785,listing_coords,https://www.willhaben.at/iad/immobilien/d/haus-kaufen/niederoesterreich/gaenserndorf/baujahr-2018-moderne-4-zimmer-doppelhaushaelfte-mit-garten-1065869774/,,"Region expansion 2026-10-08 (Marchfeld). Strasshof an der Nordbahn DHH €498.000 / 93 m² / 4 rooms / plot not stated / BJ 2018 / HWB B 32.2 / Fußbodenheizung; s REAL - Niederösterreich. ~34 min drive (21st district) / ~75 min PT (8th district). adid 1065869774, first published 2026-08-17. Wohnungseigentum: no separate plot of its own; exclusive garden + share of the common plot.",2026-10-08,active,2026-10-08,2026-10-10,,,,,,seen,makler,ISPRIVATE=0; Provision: 3% des Kaufpreises zzgl. 20% USt.,s REAL - Niederösterreich,5331.33,6.1,3.6,17430,5478,7470,17928,48306,546306,,nicht angegeben (willhaben detail),schluesselfertig,Neuwertig,willhaben detail (condition/description),img/MF106.jpg,archive/MF106.html,2026-10-08,2026-10-08T10:36,43,Not recommended,"{""cost"":20.7,""pt"":9.5,""drive"":6.0,""living"":0.5,""garden"":1.0,""storage"":5,""room5"":0,""sauna"":0,""penalty"":0}",True,Weak fit (43/100): 4 rooms: meets the parents/boys/girls need; Cellar mentioned; Small living area (93 m²).,4 rooms: meets the parents/boys/girls need | Cellar mentioned,Small living area (93 m²) | Garden size unknown,Cellar could take an office/hobby room,0,10000,546306,556306,168,"Est. ~€168/month: BK €150 (assumed, not in listing) + heating ~€18 (HWB 32, Air-source heat pump). Estimate.",yes,,2026-10-10,turnkey: minor works only
MF107,"EFH — NOTVERKAUF - PROVISIONSFREI - Haus mit 2 Wohneinheiten, 256m2 Wohnfläche, 8 Zimmer - 12 Ge (Strasshof an der Nordbahn)",over_budget,,EFH,Strasshof an der Nordbahn,2231,Bezirk Gänserndorf / Strasshof an der Nordbahn,Marchfeld,499000,over budget (+€49k),256.0,1000.0,8,1990,,,Zentralheizung,Gas,Gasheizung,True,True,,False,False,False,Altbau; Baujahr 1990; Keller,,,,,37,osrm_free_flow,69,vao_hafas_weekday_100000_best_of_5,48.3293,16.669586,listing_coords,https://www.willhaben.at/iad/immobilien/d/haus-kaufen/niederoesterreich/gaenserndorf/notverkauf-provisionsfrei-haus-mit-2-wohneinheiten-256m2-wohnflaeche-8-zimmer-12-gehminuten-zum-bahnhof-1982346611/,,"Region expansion 2026-10-08 (Marchfeld). Strasshof an der Nordbahn EFH €499.000 / 256 m² / 8 rooms / plot 1000 m² / BJ 1990 / Zentralheizung; PHImmo Projektentwicklung und Liegenschaftsverwertungs GmbH. ~37 min drive (21st district) / ~69 min PT (8th district). needs renovation. adid 1982346611, first published 2026-08-22. Two residential units in one house (works as one family home or with a granny flat).",2026-10-08,active,2026-10-08,2026-10-10,,,,,,seen,private,ISPRIVATE=0; buyer-fee-free→private for fees,PHImmo Projektentwicklung und Liegenschaftsverwertungs GmbH,1949.22,6.1,0.0,17465,5489,7485,0,30439,529439,300.0,willhaben MONTHCOSTS_GROSS,sanierungsbedarf,,willhaben detail (condition/description),img/MF107.jpg,archive/MF107.html,2026-10-08,2026-10-08T10:36,43,Not recommended,"{""cost"":0.0,""pt"":11.2,""drive"":5.1,""living"":8.0,""garden"":10.0,""storage"":5,""room5"":4,""sauna"":0,""penalty"":0}",True,Weak fit (43/100): 8 rooms: one spare for guests/office; Spacious (256 m² living); High overall cost (est. €659k–€784k incl. renovation).,8 rooms: one spare for guests/office | Spacious (256 m² living) | Large garden (est. ~846 m²) | Cellar mentioned,High overall cost (est. €659k–€784k incl. renovation),"Private seller: no buyer commission | Renovate to own taste; NÖ/federal renovation subsidies (e.g. Sanierungsbonus, heating replacement) may reduce cost | Big plot: room for play area, garden shed or extension",130000,255000,659439,784439,761,"Est. ~€761/month: BK €300 (listing) + heating ~€461 (HWB 180 assumed, Gas). Estimate.",yes,846,2026-10-10,"renovation needed: €500–1,000/m²"
MF108,DHH — NEU! TRAUMHAFTE 5 ZIMMER DOPPELHAUSHÄLFTEN MIT EIGENGÄRTEN IN MARKGRAFNEUSIEDL! (Markgrafneusiedl),over_budget,,DHH,Markgrafneusiedl,2282,Bezirk Gänserndorf / Markgrafneusiedl,Marchfeld,519000,over budget (+€69k),153.0,,5,,B,40.0,Fußbodenheizung,Air-source heat pump,Luftwärmepumpe,True,True,Parkplatz,False,False,False,Erstbezug,,,,,27,osrm_free_flow,69,vao_hafas_weekday_100000_best_of_5,48.27088,16.623127,listing_coords,https://www.willhaben.at/iad/immobilien/d/haus-kaufen/niederoesterreich/gaenserndorf/neu-traumhafte-5-zimmer-doppelhaushaelften-mit-eigengaerten-in-markgrafneusiedl-843394653/,,"Region expansion 2026-10-08 (Marchfeld). Markgrafneusiedl DHH €519.000 / 153 m² / 5 rooms / plot not stated / HWB B 40.0 / Fußbodenheizung; D.E.I.N. Immobilien GmbH. ~27 min drive (21st district) / ~69 min PT (8th district). handed over belagsfertig. adid 843394653, first published 2026-07-22.",2026-10-08,active,2026-10-08,2026-10-10,,,,,,seen,makler,ISPRIVATE=0; Provision: 3% des Kaufpreises zzgl. 20% USt.,D.E.I.N. Immobilien GmbH,3392.16,6.1,3.6,18165,5709,7785,18684,50343,569343,,nicht angegeben (willhaben detail),belagsfertig,Erstbezug,willhaben detail (condition/description),img/MF108.jpg,archive/MF108.html,2026-10-08,2026-10-08T10:36,43,Not recommended,"{""cost"":8.6,""pt"":11.2,""drive"":8.0,""living"":8.0,""garden"":1.0,""storage"":2,""room5"":4,""sauna"":0,""penalty"":0}",True,Weak fit (43/100): Short drive to the 21st district (27 min); 5 rooms: one spare for guests/office; High overall cost (est. €609k–€639k incl. renovation).,Short drive to the 21st district (27 min) | 5 rooms: one spare for guests/office | Spacious (153 m² living) | Some storage (no cellar named),High overall cost (est. €609k–€639k incl. renovation) | Garden size unknown,Choose own floors/finishes,40000,70000,609343,639343,186,"Est. ~€186/month: BK €150 (assumed, not in listing) + heating ~€36 (HWB 40, Air-source heat pump). Estimate.",storage,,2026-10-10,"belagsfertig: floors, doors, painting, fittings at €250–450/m²"
MF109,RH — Modernes 4-Zimmer-Reihenhaus in Strasshof - 98 m² Wohnen + 52 m² beheizbarer Keller (Strasshof an der Nordbahn),over_budget,,RH,Strasshof an der Nordbahn,2231,Bezirk Gänserndorf / Strasshof an der Nordbahn,Marchfeld,525000,over budget (+€75k); price reduced on willhaben (was €535.000),98.0,,4,2023,B,38.3,Fußbodenheizung,Air-source heat pump,Luft-Wärmepumpe,True,True,,False,False,False,Neubau; Baujahr 2023; Keller,,,,,30,osrm_free_flow,61,vao_hafas_weekday_100000_best_of_5,48.31629,16.636185,listing_coords,https://www.willhaben.at/iad/immobilien/d/haus-kaufen/niederoesterreich/gaenserndorf/modernes-4-zimmer-reihenhaus-in-strasshof-98-m-wohnen-52-m-beheizbarer-keller-944761790/,,"Region expansion 2026-10-08 (Marchfeld). Strasshof an der Nordbahn RH €525.000 / 98 m² / 4 rooms / plot not stated / BJ 2023 / HWB B 38.3 / Fußbodenheizung; Immo-Company Haas & Urban Immobilien GmbH. ~30 min drive (21st district) / ~61 min PT (8th district). adid 944761790, first published 2026-09-07. Wohnungseigentum: no separate plot of its own; exclusive garden + share of the common plot.",2026-10-08,active,2026-10-08,2026-10-10,,,,,,seen,makler,ISPRIVATE=0; Provision: 3% des Kaufpreises zzgl. 20% USt.,Immo-Company Haas & Urban Immobilien GmbH,5357.14,6.1,3.6,18375,5775,7875,18900,50925,575925,,nicht angegeben (willhaben detail),unknown,,willhaben detail (condition/description),img/MF109.jpg,archive/MF109.html,2026-10-08,2026-10-08T10:36,43,Not recommended,"{""cost"":15.4,""pt"":13.4,""drive"":7.1,""living"":1.1,""garden"":1.0,""storage"":5,""room5"":0,""sauna"":0,""penalty"":0}",True,Weak fit (43/100): Good public transport to the 8th district (61 min); Short drive to the 21st district (30 min); High overall cost (est. €576k–€591k incl. renovation).,Good public transport to the 8th district (61 min) | Short drive to the 21st district (30 min) | 4 rooms: meets the parents/boys/girls need | Cellar mentioned,High overall cost (est. €576k–€591k incl. renovation) | Small living area (98 m²) | Garden size unknown,Cellar could take an office/hobby room,0,15000,575925,590925,172,"Est. ~€172/month: BK €150 (assumed, not in listing) + heating ~€22 (HWB 38, Air-source heat pump). Estimate.",yes,,2026-10-10,recent/efficient: €0–15k
MF110,EFH — PROVISIONSFREI! Nur noch Haus 1 verfügbar Modernes Einfamilienhaus in Deutsch-Wagram / Hel (Deutsch-Wagram),over_budget,,EFH,Deutsch-Wagram,2232,Bezirk Gänserndorf / Deutsch-Wagram,Marchfeld,519000,over budget (+€69k),141.0,298.0,6,,,,"Luftwärmepumpe, Fußbodenheizung",Air-source heat pump,Luftwärmepumpe · also Photovoltaik,True,True,,False,False,False,Erstbezug; Neubau,,,,,28,osrm_free_flow,64,vao_hafas_weekday_100000_best_of_6,48.31667,16.58094,listing_coords,https://www.willhaben.at/iad/immobilien/d/haus-kaufen/niederoesterreich/gaenserndorf/provisionsfrei-nur-noch-haus-1-verfuegbar-modernes-einfamilienhaus-in-deutsch-wagram-helmahof-hochwertiger-neubau-in-massivbauweise-858170992/,,"Region expansion 2026-10-08 (Marchfeld). Deutsch-Wagram EFH €519.000 / 141 m² / 6 rooms / plot not stated / Luftwärmepumpe, Fußbodenheizung; private seller. ~28 min drive (21st district) / ~64 min PT (8th district). handed over belagsfertig. adid 858170992, first published 2026-09-27. Plot from the description.",2026-10-08,active,2026-10-08,2026-10-10,,,,,,seen,private,ISPRIVATE=1,,3681,6.1,0.0,18165,5709,7785,0,31659,550659,,nicht angegeben (willhaben detail),belagsfertig,Erstbezug,willhaben detail (condition/description),img/MF110.jpg,archive/MF110.html,2026-10-08,2026-10-08T10:36,44,Not recommended,"{""cost"":10.2,""pt"":12.5,""drive"":7.7,""living"":6.8,""garden"":2.3,""storage"":0,""room5"":4,""sauna"":0,""penalty"":0}",True,Weak fit (44/100): Good public transport to the 8th district (64 min); Short drive to the 21st district (28 min); High overall cost (est. €586k–€616k incl. renovation).,Good public transport to the 8th district (64 min) | Short drive to the 21st district (28 min) | 6 rooms: one spare for guests/office | Spacious (141 m² living),High overall cost (est. €586k–€616k incl. renovation) | Cellar unknown,Private seller: no buyer commission | Choose own floors/finishes,35000,65000,585659,615659,298,"Est. ~€298/month: BK €150 (assumed, not in listing) + heating ~€148 (HWB 180 assumed, Air-source heat pump). Estimate.",unknown,213,2026-10-10,"belagsfertig: floors, doors, painting, fittings at €250–450/m²"
MF111,"EFH — Charmantes Einfamilienhaus in Groß-Enzersdorf mit Garten, Terrasse & Parkplatz! (Groß-Enzersdorf)",over_budget,,EFH,Groß-Enzersdorf,2301,Bezirk Gänserndorf / Groß-Enzersdorf,Marchfeld,520000,over budget (+€70k); price reduced on willhaben (was €575.000),113.61,684.0,4,2008,,,Gasheizung,Gas,Gasheizung,True,True,Parkplatz,False,False,False,Baujahr 2008; Keller,,,,,38,osrm_free_flow,78,vao_hafas_weekday_100000_best_of_5,48.183384,16.545956,listing_coords,https://www.willhaben.at/iad/immobilien/d/haus-kaufen/niederoesterreich/gaenserndorf/charmantes-einfamilienhaus-in-gross-enzersdorf-mit-garten-terrasse-parkplatz-1160363167/,,"Region expansion 2026-10-08 (Marchfeld). Groß-Enzersdorf EFH €520.000 / 114 m² / 4 rooms / plot 684 m² / BJ 2008 / Gasheizung; Immo-Company Haas & Urban Immobilien GmbH. ~38 min drive (21st district) / ~78 min PT (8th district). adid 1160363167, first published 2026-08-03.",2026-10-08,active,2026-10-08,2026-10-10,,,,,,seen,makler,"ISPRIVATE=0; Provision: 18.720,00 EUR inkl. 20% USt.",Immo-Company Haas & Urban Immobilien GmbH,4577.06,6.1,3.6,18200,5720,7800,18720,50440,570440,170.0,"src: listing text ""Betriebskosten …""",unknown,,willhaben detail (condition/description),img/MF111.jpg,archive/MF111.html,2026-10-08,2026-10-08T10:36,42,Not recommended,"{""cost"":10.4,""pt"":8.7,""drive"":4.9,""living"":3.1,""garden"":10.0,""storage"":5,""room5"":0,""sauna"":0,""penalty"":0}",True,Weak fit (42/100): 4 rooms: meets the parents/boys/girls need; Large garden (est. ~615 m²); High overall cost (est. €580k–€600k incl. renovation).,4 rooms: meets the parents/boys/girls need | Large garden (est. ~615 m²) | Cellar mentioned,High overall cost (est. €580k–€600k incl. renovation),"Big plot: room for play area, garden shed or extension | Cellar could take an office/hobby room",10000,30000,580440,600440,374,"Est. ~€374/month: BK €170 (listing) + heating ~€204 (HWB 180 assumed, Gas). Estimate.",yes,615,2026-10-10,1990–2009 or HWB C: refresh €80–250/m²
MF112,Bungalow — STRASSHOF (Strasshof an der Nordbahn),honourable,,Bungalow,Strasshof an der Nordbahn,2231,Bezirk Gänserndorf / Strasshof an der Nordbahn,Marchfeld,360000,,90.0,318.0,3,,,,,Unknown,no heating system named in the listing text,True,False,,False,False,False,Sehr gut/gut; Altbau,,,,,32,osrm_free_flow,70,vao_hafas_weekday_100000_best_of_5,48.31198,16.64016,listing_coords,https://www.willhaben.at/iad/immobilien/d/haus-kaufen/niederoesterreich/gaenserndorf/strasshof-1098429062/,,"Region expansion 2026-10-08 (Marchfeld). Strasshof an der Nordbahn Bungalow €360.000 / 90 m² / 3 rooms / plot 318 m²; private seller. ~32 min drive (21st district) / ~70 min PT (8th district). adid 1098429062, first published 2026-09-16.",2026-10-08,active,2026-10-08,2026-10-10,,,,,,seen,private,ISPRIVATE=1,,4000.0,6.1,0.0,12600,3960,5400,0,21960,381960,,nicht angegeben (willhaben detail),unknown,Sehr gut/gut,willhaben detail (condition/description),img/MF112.jpg,archive/MF112.html,2026-10-08,2026-10-08T10:36,41,Not recommended,"{""cost"":40.3,""pt"":10.9,""drive"":6.6,""living"":0.0,""garden"":3.3,""storage"":5,""room5"":0,""sauna"":0,""penalty"":-25}",False,Weak fit (41/100): Low overall cost (est. €397k–€427k incl. renovation); Cellar mentioned; Only 3 rooms — fails the 4-room need.,Low overall cost (est. €397k–€427k incl. renovation) | Cellar mentioned,Only 3 rooms — fails the 4-room need | Small living area (90 m²),Private seller: no buyer commission,15000,45000,396960,426960,312,"Est. ~€312/month: BK €150 (assumed, not in listing) + heating ~€162 (HWB 180 assumed, Unknown). Estimate.",yes,264,2026-10-10,condition unknown: €150–500/m²
MF113,EFH — Lassen Sie Ihrer Phantasie freien Lauf: Rohbau mit Erweiterungspotential und großem Grunds (Stripfing),honourable,,EFH,Stripfing,2253,Bezirk Gänserndorf / Weikendorf,Marchfeld,184900,,90.0,1020.0,3,1976,,,,Unknown,no heating system named in the listing text,True,False,,False,False,False,Baujahr 1976; Keller,,,,,48,osrm_free_flow,100,vao_hafas_weekday_100000_best_of_5,48.337406,16.788076,listing_coords,https://www.willhaben.at/iad/immobilien/d/haus-kaufen/niederoesterreich/gaenserndorf/lassen-sie-ihrer-phantasie-freien-lauf-rohbau-mit-erweiterungspotential-und-grossem-grundstueck-1130714186/,,"Region expansion 2026-10-08 (Marchfeld). Stripfing EFH €184.900 / 90 m² / 3 rooms / plot 1020 m² / BJ 1976; TRUE Immobilien GmbH & Co KG. ~48 min drive (21st district) / ~100 min PT (8th district). Rohbau: interior still to be completed. adid 1130714186, first published 2025-12-04.",2026-10-08,active,2026-10-08,2026-10-10,,,,,,seen,makler,ISPRIVATE=0; Provision: 3% des Kaufpreises zzgl. 20% USt.,TRUE Immobilien GmbH & Co KG,2054.44,6.1,3.6,6472,2034,2774,6656,17936,202836,55.0,willhaben MONTHCOSTS_GROSS,rohbaufertig,,willhaben detail (condition/description),img/MF113.jpg,archive/MF113.html,2026-10-08,2026-10-08T10:36,40,Not recommended,"{""cost"":45.0,""pt"":2.7,""drive"":2.0,""living"":0.0,""garden"":10.0,""storage"":5,""room5"":0,""sauna"":0,""penalty"":-25}",False,Weak fit (40/100): Low overall cost (est. €303k–€358k incl. renovation); Large garden (est. ~966 m²); Long public-transport commute to the 8th district (100 min).,Low overall cost (est. €303k–€358k incl. renovation) | Large garden (est. ~966 m²) | Cellar mentioned,Long public-transport commute to the 8th district (100 min) | Long drive to the 21st district (48 min) | Only 3 rooms — fails the 4-room need | Small living area (90 m²) | Rohbau: large completion cost and time,"Renovate to own taste; NÖ/federal renovation subsidies (e.g. Sanierungsbonus, heating replacement) may reduce cost | Big plot: room for play area, garden shed or extension",100000,155000,302836,357836,217,"Est. ~€217/month: BK €55 (listing) + heating ~€162 (HWB 180 assumed, Unknown). Estimate.",yes,966,2026-10-10,"Rohbau: interior completion at €1,100–1,700/m²"
MF114,EFH — Haus am Badesee (Weiden an der March),sauna,,EFH,Weiden an der March,2295,Bezirk Gänserndorf / Weiden an der March,Marchfeld,229000,,94.0,1224.0,3,,F,198.8,"Elektroheizung, Holzofen",Wood + Electric,Holzofen; Elektroheizung,True,True,Parkplatz,False,True,False,Sehr gut/gut; Altbau,,,,,57,osrm_free_flow,,hafas_err:H9220:HAFAS Kernel: Nearby to the given address stations could not be found.,48.292953,16.849537,listing_coords,https://www.willhaben.at/iad/immobilien/d/haus-kaufen/niederoesterreich/gaenserndorf/haus-am-badesee-1258091076/,,"Region expansion 2026-10-08 (Marchfeld). Weiden an der March EFH €229.000 / 94 m² / 3 rooms / plot 1224 m² / HWB F 198.8 / Elektroheizung, Holzofen; private seller. ~57 min drive (21st district). adid 1258091076, first published 2026-09-15. Parking area is leased from the municipality (~€141/yr); the house plot itself is owned.",2026-10-08,active,2026-10-08,2026-10-10,,,,,,seen,private,ISPRIVATE=1,,2436.17,6.1,0.0,8015,2519,3435,0,13969,242969,,nicht angegeben (willhaben detail),unknown,Sehr gut/gut,willhaben detail (condition/description),img/MF114.jpg,archive/MF114.html,2026-10-08,2026-10-08T10:36,40,Not recommended,"{""cost"":45.0,""pt"":4.5,""drive"":0.0,""living"":0.5,""garden"":10.0,""storage"":2,""room5"":0,""sauna"":3,""penalty"":-25}",False,Weak fit (40/100): Low overall cost (est. €283k–€328k incl. renovation); Large garden (est. ~1167 m²); Long drive to the 21st district (57 min).,Low overall cost (est. €283k–€328k incl. renovation) | Large garden (est. ~1167 m²) | Some storage (no cellar named) | Sauna,Long drive to the 21st district (57 min) | Only 3 rooms — fails the 4-room need | Small living area (94 m²),"Private seller: no buyer commission | Big plot: room for play area, garden shed or extension",40000,85000,282969,327969,337,"Est. ~€337/month: BK €150 (assumed, not in listing) + heating ~€187 (HWB 199, Wood + Electric). Estimate.",storage,1167,2026-10-10,pre-1970 or HWB F/G: substantial renovation €450–900/m²
MF115,EFH — Wohnen mit Geschichte und moderner Energietechnik in Orth an der Donau (Orth an der Donau),honourable,,EFH,Orth an der Donau,2304,Bezirk Gänserndorf / Orth an der Donau,Marchfeld,235000,,92.0,432.0,3.5,1956,G,257.0,Zentralheizung,Air-source heat pump + Gas,Luftwärmepumpe; Gasheizung · also Photovoltaik,True,True,Garage,True,False,False,Altbau; Baujahr 1956; Keller,,,,,48,osrm_free_flow,84,vao_hafas_weekday_100000_best_of_5,48.156128,16.69153,listing_coords,https://www.willhaben.at/iad/immobilien/d/haus-kaufen/niederoesterreich/gaenserndorf/wohnen-mit-geschichte-und-moderner-energietechnik-in-orth-an-der-donau-793449425/,,"Region expansion 2026-10-08 (Marchfeld). Orth an der Donau EFH €235.000 / 92 m² / 3.5 rooms / plot 432 m² / BJ 1956 / HWB G 257.0 / Zentralheizung; REMAX Aktiv. ~48 min drive (21st district) / ~84 min PT (8th district). adid 793449425, first published 2026-08-06.",2026-10-08,active,2026-10-08,2026-10-10,,,,,,seen,makler,ISPRIVATE=0; Provision: 3% des Kaufpreises zzgl. 20% USt.,REMAX Aktiv,2554.35,6.1,3.6,8225,2585,3525,8460,22795,257795,100.0,willhaben MONTHCOSTS_GROSS,unknown,,willhaben detail (condition/description),img/MF115.jpg,archive/MF115.html,2026-10-08,2026-10-08T10:36,40,Not recommended,"{""cost"":45.0,""pt"":7.1,""drive"":2.0,""living"":0.3,""garden"":5.5,""storage"":5,""room5"":0,""sauna"":0,""penalty"":-25}",False,Weak fit (40/100): Low overall cost (est. €298k–€343k incl. renovation); Cellar mentioned; Long drive to the 21st district (48 min).,Low overall cost (est. €298k–€343k incl. renovation) | Cellar mentioned,Long drive to the 21st district (48 min) | Only 3 rooms — fails the 4-room need | Small living area (92 m²),Negotiate on price; check BK and heating bills,40000,85000,297795,342795,238,"Est. ~€238/month: BK €100 (listing) + heating ~€138 (HWB 257, Air-source heat pump + Gas). Estimate.",yes,376,2026-10-10,pre-1970 or HWB F/G: substantial renovation €450–900/m²
MF116,EFH — Charmantes Einfamilienhaus in Strasshof (Strasshof an der Nordbahn),honourable,,EFH,Strasshof an der Nordbahn,2231,Bezirk Gänserndorf / Strasshof an der Nordbahn,Marchfeld,335000,,107.4,609.0,3.5,1971,G,357.8,,Unknown,no heating system named in the listing text,True,True,"Garage, Parkplatz",True,False,True,Neubau; Baujahr 1971; Keller,,,,,35,osrm_free_flow,73,vao_hafas_weekday_100000_best_of_5,48.31288,16.666237,listing_coords,https://www.willhaben.at/iad/immobilien/d/haus-kaufen/niederoesterreich/gaenserndorf/charmantes-einfamilienhaus-in-strasshof-2113532563/,,"Region expansion 2026-10-08 (Marchfeld). Strasshof an der Nordbahn EFH €335.000 / 107 m² / 3.5 rooms / plot 609 m² / BJ 1971 / HWB G 357.8; FiFu24 Immobilien GmbH - IMMOFUCHS Gruppe. ~35 min drive (21st district) / ~73 min PT (8th district). adid 2113532563, first published 2026-01-23.",2026-10-08,active,2026-10-08,2026-10-10,,,,,,seen,makler,ISPRIVATE=0,FiFu24 Immobilien GmbH - IMMOFUCHS Gruppe,3119.18,6.1,3.6,11725,3685,5025,12060,32495,367495,90.92,willhaben MONTHCOSTS_GROSS,unknown,,willhaben detail (condition/description),img/MF116.jpg,archive/MF116.html,2026-10-08,2026-10-08T10:36,40,Not recommended,"{""cost"":32.6,""pt"":10.1,""drive"":5.7,""living"":2.3,""garden"":8.9,""storage"":5,""room5"":0,""sauna"":0,""penalty"":-25}",False,Weak fit (40/100): Low overall cost (est. €417k–€462k incl. renovation); Large garden (est. ~544 m²); Only 3 rooms — fails the 4-room need.,Low overall cost (est. €417k–€462k incl. renovation) | Large garden (est. ~544 m²) | Cellar mentioned,Only 3 rooms — fails the 4-room need,"Renovate to own taste; NÖ/federal renovation subsidies (e.g. Sanierungsbonus, heating replacement) may reduce cost",50000,95000,417495,462495,475,"Est. ~€475/month: BK €91 (listing) + heating ~€384 (HWB 358, Unknown). Estimate.",yes,544,2026-10-10,pre-1970 or HWB F/G: substantial renovation €450–900/m²
MF117,"EFH — Einfamilienhaus mit großem Garten, beheiztem Keller, Garage & Wallbox in Angern an der Mar (Angern an der March)",honourable,,EFH,Angern an der March,2261,Bezirk Gänserndorf / Angern an der March,Marchfeld,375000,,150.0,749.0,3,2000,D,120.0,Fußbodenheizung,Gas,Gasheizung,True,True,Garage,True,False,False,Baujahr 2000; Keller,,,,,48,osrm_free_flow,77,vao_hafas_weekday_100000_best_of_5,48.37904,16.828909,listing_coords,https://www.willhaben.at/iad/immobilien/d/haus-kaufen/niederoesterreich/gaenserndorf/einfamilienhaus-mit-grossem-garten-beheiztem-keller-garage-wallbox-in-angern-an-der-march-1901692233/,,"Region expansion 2026-10-08 (Marchfeld). Angern an der March EFH €375.000 / 150 m² / 3 rooms / plot 749 m² / BJ 2000 / HWB D 120.0 / Fußbodenheizung; Immo-Company Haas & Urban Immobilien GmbH. ~48 min drive (21st district) / ~77 min PT (8th district). room count read from the description. adid 1901692233, first published 2026-09-14.",2026-10-08,active,2026-10-08,2026-10-10,,,,,,seen,makler,ISPRIVATE=0; Provision: 3% des Kaufpreises zzgl. 20% USt.,Immo-Company Haas & Urban Immobilien GmbH,2500.0,6.1,3.6,13125,4125,5625,13500,36375,411375,88.0,willhaben MONTHCOSTS_GROSS,unknown,,willhaben detail (condition/description),img/MF117.jpg,archive/MF117.html,2026-10-08,2026-10-08T10:36,40,Not recommended,"{""cost"":30.8,""pt"":9.0,""drive"":2.0,""living"":8.0,""garden"":10.0,""storage"":5,""room5"":0,""sauna"":0,""penalty"":-25}",False,Weak fit (40/100): Low overall cost (est. €451k–€501k incl. renovation); Spacious (150 m² living); Long drive to the 21st district (48 min).,Low overall cost (est. €451k–€501k incl. renovation) | Spacious (150 m² living) | Large garden (est. ~659 m²) | Cellar mentioned,Long drive to the 21st district (48 min) | Only 3 rooms — fails the 4-room need,"Big plot: room for play area, garden shed or extension",40000,90000,451375,501375,268,"Est. ~€268/month: BK €88 (listing) + heating ~€180 (HWB 120, Gas). Estimate.",yes,659,2026-10-10,1970–89 or HWB D/E: partial renovation €250–600/m²
MF118,"Bungalow — Moderner Bungalow mit Pool, Garage und Traumgarten - Wohnen auf einer Ebene (Stopfenreuth)",honourable,,Bungalow,Stopfenreuth,2292,Bezirk Gänserndorf / Engelhartstetten,Marchfeld,450000,,102.59,1160.0,4,1976,C,97.0,Sonstige,Heat pump + Pellets + Electric,Wärmepumpe; Pelletsofen; Pelletheizung; Infrarotheizung; Elektroheizung · also Photovoltaik,True,True,"Carport, Garage, Parkplatz",True,False,True,Renoviert; Neubau; Baujahr 1976,,,,,53,osrm_free_flow,96,vao_hafas_weekday_100000_best_of_5_from_town_centre (no stop within walking range of the listing pin),48.15511,16.867266,listing_coords,https://www.willhaben.at/iad/immobilien/d/haus-kaufen/niederoesterreich/gaenserndorf/moderner-bungalow-mit-pool-garage-und-traumgarten-wohnen-auf-einer-ebene-1836825530/,https://www.willhaben.at/iad/immobilien/d/haus-kaufen/niederoesterreich/gaenserndorf/moderner-bungalow-mit-pool-garage-und-traumgarten-wohnen-auf-einer-ebene-1464856643/,"Region expansion 2026-10-08 (Marchfeld). Stopfenreuth Bungalow €450.000 / 103 m² / 4 rooms / plot 1160 m² / BJ 1976 / HWB C 97.0 / Sonstige; REMAX P&I. ~53 min drive (21st district) / ~96 min PT (8th district). adid 1464856643, first published 2026-08-12. Republished 2026-10-09 under willhaben adid 1836825530.",2026-10-08,active,2026-10-08,2026-10-10,,,,,,seen,makler,ISPRIVATE=0; Provision: 3% des Kaufpreises zzgl. 20% USt.,REMAX P&I,4386.39,6.1,3.6,15750,4950,6750,16200,43650,493650,,nicht angegeben (willhaben detail),unknown,Renoviert,willhaben detail (condition/description),img/MF118.jpg,archive/MF118.html,2026-10-08,2026-10-08T10:36,40,Not recommended,"{""cost"":22.3,""pt"":3.8,""drive"":0.6,""living"":1.7,""garden"":10.0,""storage"":2,""room5"":0,""sauna"":0,""penalty"":0}",True,Weak fit (40/100): 4 rooms: meets the parents/boys/girls need; Large garden (est. ~1098 m²); Long public-transport commute to the 8th district (96 min).,4 rooms: meets the parents/boys/girls need | Large garden (est. ~1098 m²) | Some storage (no cellar named),Long public-transport commute to the 8th district (96 min) | Long drive to the 21st district (53 min),"Big plot: room for play area, garden shed or extension",25000,60000,518650,553650,208,"Est. ~€208/month: BK €150 (assumed, not in listing) + heating ~€58 (HWB 97, Heat pump + Pellets + Electric). Estimate.",storage,1098,2026-10-10,1970–89 or HWB D/E: partial renovation €250–600/m²
MF119,EFH — NEUER PREIS! Wohnhaus mit Schwimmteich - 2 Wohneinheiten und Geschäft möglich (Strasshof an der Nordbahn),over_budget,,EFH,Strasshof an der Nordbahn,2231,Bezirk Gänserndorf / Strasshof an der Nordbahn,Marchfeld,548000,over budget (+€98k); price reduced on willhaben (was €598.000),196.32,1330.0,5,,D,142.4,Elektroheizung,Electric,Elektroheizung,True,False,,False,False,True,,,,,,31,osrm_free_flow,68,vao_hafas_weekday_100000_best_of_5,48.317387,16.64415,listing_coords,https://www.willhaben.at/iad/immobilien/d/haus-kaufen/niederoesterreich/gaenserndorf/neuer-preis-wohnhaus-mit-schwimmteich-2-wohneinheiten-und-geschaeft-moeglich-1623977058/,,"Region expansion 2026-10-08 (Marchfeld). Strasshof an der Nordbahn EFH €548.000 / 196 m² / 5 rooms / plot 1330 m² / HWB D 142.4 / Elektroheizung; REMAX Eco. ~31 min drive (21st district) / ~68 min PT (8th district). adid 1623977058, first published 2026-08-06. Two residential units in one house (works as one family home or with a granny flat).",2026-10-08,active,2026-10-08,2026-10-10,,,,,,seen,makler,ISPRIVATE=0; Provision: 3% des Kaufpreises zzgl. 20% USt.,REMAX Eco,2791.36,6.1,3.6,19180,6028,8220,19728,53156,601156,129.0,willhaben MONTHCOSTS_GROSS,unknown,,willhaben detail (condition/description),img/MF119.jpg,archive/MF119.html,2026-10-08,2026-10-08T10:36,40,Not recommended,"{""cost"":0.0,""pt"":11.5,""drive"":6.9,""living"":8.0,""garden"":10.0,""storage"":0,""room5"":4,""sauna"":0,""penalty"":0}",True,Weak fit (40/100): 5 rooms: one spare for guests/office; Spacious (196 m² living); High overall cost (est. €651k–€721k incl. renovation).,5 rooms: one spare for guests/office | Spacious (196 m² living) | Large garden (est. ~1212 m²),High overall cost (est. €651k–€721k incl. renovation) | Cellar unknown,"Renovate to own taste; NÖ/federal renovation subsidies (e.g. Sanierungsbonus, heating replacement) may reduce cost | Big plot: room for play area, garden shed or extension",50000,120000,651156,721156,409,"Est. ~€409/month: BK €129 (listing) + heating ~€280 (HWB 142, Electric). Estimate.",unknown,1212,2026-10-10,1970–89 or HWB D/E: partial renovation €250–600/m²
MF120,EFH — Naturnahes Mehrgenerationen-Wohnen mit Entwicklungspotenzial (Groß-Enzersdorf),over_budget,,EFH,Groß-Enzersdorf,2301,Bezirk Gänserndorf / Groß-Enzersdorf,Marchfeld,549000,over budget (+€99k),127.0,615.0,4,,,,Luftwärmepumpe,Air-source heat pump,Luftwärmepumpe,True,True,Garage,True,False,True,Sanierungsbedürftig; Neubau; Keller,,,,,31,osrm_free_flow,59,vao_hafas_weekday_100000_best_of_7,48.20177,16.54035,listing_coords,https://www.willhaben.at/iad/immobilien/d/haus-kaufen/niederoesterreich/gaenserndorf/naturnahes-mehrgenerationen-wohnen-mit-entwicklungspotenzial-1160771365/,,"Region expansion 2026-10-08 (Marchfeld). Groß-Enzersdorf EFH €549.000 / 127 m² / 4 rooms / plot 615 m² / Luftwärmepumpe; Makler. ~31 min drive (21st district) / ~59 min PT (8th district). needs renovation. adid 1160771365, first published 2026-10-01. Two residential units in one house (works as one family home or with a granny flat).",2026-10-08,active,2026-10-08,2026-10-10,,,,,,seen,makler,ISPRIVATE=0,,4322.83,6.1,3.6,19215,6039,8235,19764,53253,602253,,nicht angegeben (willhaben detail),sanierungsbedarf,Sanierungsbedürftig,willhaben detail (condition/description),img/MF120.jpg,archive/MF120.html,2026-10-08,2026-10-08T10:36,40,Not recommended,"{""cost"":0.0,""pt"":13.9,""drive"":6.9,""living"":4.9,""garden"":8.8,""storage"":5,""room5"":0,""sauna"":0,""penalty"":0}",True,Weak fit (40/100): Good public transport to the 8th district (59 min); 4 rooms: meets the parents/boys/girls need; High overall cost (est. €667k–€727k incl. renovation).,Good public transport to the 8th district (59 min) | 4 rooms: meets the parents/boys/girls need | Large garden (est. ~538 m²) | Cellar mentioned,High overall cost (est. €667k–€727k incl. renovation),"Renovate to own taste; NÖ/federal renovation subsidies (e.g. Sanierungsbonus, heating replacement) may reduce cost | Cellar could take an office/hobby room",65000,125000,667253,727253,283,"Est. ~€283/month: BK €150 (assumed, not in listing) + heating ~€133 (HWB 180 assumed, Air-source heat pump). Estimate.",yes,538,2026-10-10,"renovation needed: €500–1,000/m²"
MF121,EFH — 3-Zimmer-Einfamilienhaus mit Pool in 2294 Breitensee (Breitensee),honourable,,EFH,Breitensee,2294,Bezirk Gänserndorf / Marchegg,Marchfeld,290000,,78.0,841.0,3,,F,232.0,Zentralheizung,Oil,Ölheizung,True,False,,False,False,True,Keller,,,,,64,osrm_free_flow,83,vao_hafas_weekday_100000_best_of_5,48.251244,16.868185,listing_coords,https://www.willhaben.at/iad/immobilien/d/haus-kaufen/niederoesterreich/gaenserndorf/3-zimmer-einfamilienhaus-mit-pool-in-2294-breitensee-1556274808/,,"Region expansion 2026-10-08 (Marchfeld). Breitensee EFH €290.000 / 78 m² / 3 rooms / plot 841 m² / HWB F 232.0 / Zentralheizung; Immo-Company Haas & Urban Immobilien GmbH. ~64 min drive (21st district) / ~83 min PT (8th district). adid 1556274808, first published 2026-05-15.",2026-10-08,active,2026-10-08,2026-10-10,,,,,,seen,makler,ISPRIVATE=0; Provision: 3% des Kaufpreises zzgl. 20% USt.,Immo-Company Haas & Urban Immobilien GmbH,3717.95,6.1,3.6,10150,3190,4350,10440,28130,318130,225.5,willhaben MONTHCOSTS_GROSS,unknown,,willhaben detail (condition/description),img/MF121.jpg,archive/MF121.html,2026-10-08,2026-10-08T10:36,39,Not recommended,"{""cost"":41.9,""pt"":7.4,""drive"":0.0,""living"":0.0,""garden"":10.0,""storage"":5,""room5"":0,""sauna"":0,""penalty"":-25}",False,Weak fit (39/100): Low overall cost (est. €368k–€413k incl. renovation); Large garden (est. ~794 m²); Long drive to the 21st district (64 min).,Low overall cost (est. €368k–€413k incl. renovation) | Large garden (est. ~794 m²) | Cellar mentioned,Long drive to the 21st district (64 min) | Only 3 rooms — fails the 4-room need | Small living area (78 m²) | Oil heating: replacement expected,"Renovate to own taste; NÖ/federal renovation subsidies (e.g. Sanierungsbonus, heating replacement) may reduce cost | Big plot: room for play area, garden shed or extension",50000,95000,368130,413130,406,"Est. ~€406/month: BK €226 (listing) + heating ~€181 (HWB 232, Oil). Estimate.",yes,794,2026-10-10,pre-1970 or HWB F/G: substantial renovation €450–900/m²; + €15–25k oil-heating replacement
MF122,EFH — Renoviertes Haus wartet auf SIE - mit uneinsichtigem gepflegten Garten (Lassee),honourable,,EFH,Lassee,2291,Bezirk Gänserndorf / Lassee,Marchfeld,320000,,125.0,417.0,3,1900,F,221.4,Pellets,Pellets,Pelletsheizung; Pelletheizung,True,True,"Garage, Parkplatz",True,False,False,Baujahr 1900,,,,,45,osrm_free_flow,56,vao_hafas_weekday_100000_best_of_6,48.224926,16.822151,listing_coords,https://www.willhaben.at/iad/immobilien/d/haus-kaufen/niederoesterreich/gaenserndorf/renoviertes-haus-wartet-auf-sie-mit-uneinsichtigem-gepflegten-garten-1153272576/,,"Region expansion 2026-10-08 (Marchfeld). Lassee EFH €320.000 / 125 m² / 3 rooms / plot 417 m² / BJ 1900 / HWB F 221.4 / Pellets; Immo-Company Haas & Urban Immobilien GmbH. ~45 min drive (21st district) / ~56 min PT (8th district). adid 1153272576, first published 2024-08-10.",2026-10-08,active,2026-10-08,2026-10-10,,,,,,seen,makler,ISPRIVATE=0; Provision: 3% des Kaufpreises zzgl. 20% USt.,Immo-Company Haas & Urban Immobilien GmbH,2560.0,6.1,3.6,11200,3520,4800,11520,31040,351040,,nicht angegeben (willhaben detail),unknown,,willhaben detail (condition/description),img/MF122.jpg,archive/MF122.html,2026-10-08,2026-10-08T10:36,39,Not recommended,"{""cost"":34.6,""pt"":14.7,""drive"":2.9,""living"":4.7,""garden"":4.8,""storage"":2,""room5"":0,""sauna"":0,""penalty"":-25}",False,Weak fit (39/100): Low overall cost (est. €406k–€461k incl. renovation); Good public transport to the 8th district (56 min); Only 3 rooms — fails the 4-room need.,Low overall cost (est. €406k–€461k incl. renovation) | Good public transport to the 8th district (56 min) | Some storage (no cellar named),Only 3 rooms — fails the 4-room need,"Renovate to own taste; NÖ/federal renovation subsidies (e.g. Sanierungsbonus, heating replacement) may reduce cost",55000,110000,406040,461040,427,"Est. ~€427/month: BK €150 (assumed, not in listing) + heating ~€277 (HWB 221, Pellets). Estimate.",storage,342,2026-10-10,pre-1970 or HWB F/G: substantial renovation €450–900/m²
MF123,Bungalow — Bungalow! Ihr Gartenparadies in Top Lage in Gänserndorf Süd (Gänserndorf),honourable,,Bungalow,Gänserndorf,2230,Bezirk Gänserndorf / Gänserndorf,Marchfeld,375000,price reduced on willhaben (was €398.000),70.0,965.0,3,1983,E,153.0,Fußbodenheizung,Oil,Ölheizung,True,False,,False,False,True,Baujahr 1983; Keller,,,,,34,osrm_free_flow,81,vao_hafas_weekday_100000_best_of_5,48.307877,16.689314,listing_coords,https://www.willhaben.at/iad/immobilien/d/haus-kaufen/niederoesterreich/gaenserndorf/bungalow-ihr-gartenparadies-in-top-lage-in-gaenserndorf-sued-842767698/,,"Region expansion 2026-10-08 (Marchfeld). Gänserndorf Bungalow €375.000 / 70 m² / 3 rooms / plot 965 m² / BJ 1983 / HWB E 153.0 / Fußbodenheizung; REMAX Aktiv. ~34 min drive (21st district) / ~81 min PT (8th district). adid 842767698, first published 2026-02-27.",2026-10-08,active,2026-10-08,2026-10-10,,,,,,seen,makler,ISPRIVATE=0; Provision: 3% des Kaufpreises zzgl. 20% USt.,REMAX Aktiv,5357.14,6.1,3.6,13125,4125,5625,13500,36375,411375,100.0,willhaben MONTHCOSTS_GROSS,unknown,,willhaben detail (condition/description),img/MF123.jpg,archive/MF123.html,2026-10-08,2026-10-08T10:36,39,Not recommended,"{""cost"":34.8,""pt"":7.9,""drive"":6.0,""living"":0.0,""garden"":10.0,""storage"":5,""room5"":0,""sauna"":0,""penalty"":-25}",False,Weak fit (39/100): Low overall cost (est. €441k–€476k incl. renovation); Large garden (est. ~923 m²); Only 3 rooms — fails the 4-room need.,Low overall cost (est. €441k–€476k incl. renovation) | Large garden (est. ~923 m²) | Cellar mentioned,Only 3 rooms — fails the 4-room need | Small living area (70 m²) | Oil heating: replacement expected,"Big plot: room for play area, garden shed or extension",30000,65000,441375,476375,207,"Est. ~€207/month: BK €100 (listing) + heating ~€107 (HWB 153, Oil). Estimate.",yes,923,2026-10-10,1970–89 or HWB D/E: partial renovation €250–600/m²; + €15–25k oil-heating replacement
MF125,EFH — RAUS AUS DER STADT REIN INS LEBEN. | BJ ca. 1976 | 10 Zimmer | ca. 280 m² WFL | 2.300 m² G (Straudorf),honourable,,EFH,Straudorf,2286,Bezirk Gänserndorf / Haringsee,Marchfeld,379000,price reduced on willhaben (was €399.000),280.0,2300.0,10,1976,F,210.6,Zentralheizung,Oil,Ölheizung,True,True,"Garage, Parkplatz",True,False,False,Neubau; Baujahr 1976,,,,,54,osrm_free_flow,60,vao_hafas_weekday_100000_best_of_5_from_town_centre (no stop within walking range of the listing pin),48.196198,16.733625,listing_coords,https://www.willhaben.at/iad/immobilien/d/haus-kaufen/niederoesterreich/gaenserndorf/raus-aus-der-stadt-rein-ins-leben-bj-ca-1976-10-zimmer-ca-280-m-wfl-2-300-m-grundstueck-garage-1257165518/,https://www.willhaben.at/iad/immobilien/d/haus-kaufen/niederoesterreich/gaenserndorf/raus-aus-der-stadt-rein-ins-leben-bj-ca-1976-10-zimmer-ca-280-m-wfl-2-300-m-grundstueck-garage-1037340818/,"Region expansion 2026-10-08 (Marchfeld). Straudorf EFH €379.000 / 280 m² / 10 rooms / plot 2300 m² / BJ 1976 / HWB F 210.6 / Zentralheizung; Raumwert Immobilien Gmbh. ~54 min drive (21st district) / ~60 min PT (8th district). adid 1037340818, first published 2026-09-08. Republished 2026-10-09 under willhaben adid 1257165518.",2026-10-08,active,2026-10-08,2026-10-10,,,,,,seen,makler,ISPRIVATE=0; Provision: 3% des Kaufpreises zzgl. 20% USt.,Raumwert Immobilien Gmbh,1353.57,6.1,3.6,13265,4169,5685,13644,36763,415763,,nicht angegeben (willhaben detail),unknown,,willhaben detail (condition/description),img/MF125.jpg,archive/MF125.html,2026-10-08,2026-10-08T10:36,38,Not recommended,"{""cost"":0.0,""pt"":13.6,""drive"":0.3,""living"":8.0,""garden"":10.0,""storage"":2,""room5"":4,""sauna"":0,""penalty"":0}",True,Weak fit (38/100): Good public transport to the 8th district (60 min); 10 rooms: one spare for guests/office; High overall cost (est. €556k–€691k incl. renovation).,Good public transport to the 8th district (60 min) | 10 rooms: one spare for guests/office | Spacious (280 m² living) | Large garden (est. ~2132 m²) | Some storage (no cellar named),High overall cost (est. €556k–€691k incl. renovation) | Long drive to the 21st district (54 min) | Oil heating: replacement expected,"Renovate to own taste; NÖ/federal renovation subsidies (e.g. Sanierungsbonus, heating replacement) may reduce cost | Big plot: room for play area, garden shed or extension",140000,275000,555763,690763,740,"Est. ~€740/month: BK €150 (assumed, not in listing) + heating ~€590 (HWB 211, Oil). Estimate.",storage,2132,2026-10-10,pre-1970 or HWB F/G: substantial renovation €450–900/m²; + €15–25k oil-heating replacement
MF126,RH — Modernes Reihen-Eckhaus mit Garten // Terrassen // Stellplätze - Wohnen in Gänserndorf (Gänserndorf),over_budget,,RH,Gänserndorf,2230,Bezirk Gänserndorf / Gänserndorf,Marchfeld,480000,over budget (+€30k),93.17,,4,2017,B,28.7,Fußbodenheizung,Air-source heat pump,Luftwärmepumpe,True,True,Parkplatz,False,False,False,Erstbezug; Neubau; Baujahr 2017,,,,,36,osrm_free_flow,83,vao_hafas_weekday_100000_best_of_5,48.311848,16.685852,listing_coords,https://www.willhaben.at/iad/immobilien/d/haus-kaufen/niederoesterreich/gaenserndorf/modernes-reihen-eckhaus-mit-garten-terrassen-stellplaetze-wohnen-in-gaenserndorf-1170276112/,,"Region expansion 2026-10-08 (Marchfeld). Gänserndorf RH €480.000 / 93 m² / 4 rooms / plot not stated / BJ 2017 / HWB B 28.7 / Fußbodenheizung; WOLF & SOHN Immobilien GmbH. ~36 min drive (21st district) / ~83 min PT (8th district). adid 1170276112, first published 2025-09-19.",2026-10-08,active,2026-10-08,2026-10-10,,,,,,seen,makler,ISPRIVATE=0; Provision: 3% des Kaufpreises zzgl. 20% USt.,WOLF & SOHN Immobilien GmbH,5151.87,6.1,3.6,16800,5280,7200,17280,46560,526560,,nicht angegeben (willhaben detail),schluesselfertig,Erstbezug,willhaben detail (condition/description),img/MF126.jpg,archive/MF126.html,2026-10-08,2026-10-08T10:36,38,Not recommended,"{""cost"":23.9,""pt"":7.4,""drive"":5.4,""living"":0.4,""garden"":1.0,""storage"":0,""room5"":0,""sauna"":0,""penalty"":0}",True,Weak fit (38/100): 4 rooms: meets the parents/boys/girls need; Small living area (93 m²).,4 rooms: meets the parents/boys/girls need,Small living area (93 m²) | Garden size unknown | Cellar unknown,Negotiate on price; check BK and heating bills,0,10000,526560,536560,166,"Est. ~€166/month: BK €150 (assumed, not in listing) + heating ~€16 (HWB 29, Air-source heat pump). Estimate.",unknown,,2026-10-10,turnkey: minor works only
MF127,EFH — Familienparadies in Strasshof | 8 Zimmer verteilt auf ca. 180m2 NF | 600 m² Grundstück | n (Strasshof an der Nordbahn),over_budget,,EFH,Strasshof an der Nordbahn,2231,Bezirk Gänserndorf / Strasshof an der Nordbahn,Marchfeld,549000,over budget (+€99k),180.0,600.0,8,1960,E,166.9,Zentralheizung,Gas,Gasheizung,True,True,"Garage, Parkplatz",True,False,False,Sanierungsbedürftig; Neubau; Baujahr 1960,,,,,33,osrm_free_flow,75,vao_hafas_weekday_100000_best_of_5,48.307716,16.639265,listing_coords,https://www.willhaben.at/iad/immobilien/d/haus-kaufen/niederoesterreich/gaenserndorf/familienparadies-in-strasshof-8-zimmer-verteilt-auf-ca-180m2-nf-600-m-grundstueck-nur-800m-zum-bahnhof-2001440883/,,"Region expansion 2026-10-08 (Marchfeld). Strasshof an der Nordbahn EFH €549.000 / 180 m² / 8 rooms / plot 600 m² / BJ 1960 / HWB E 166.9 / Zentralheizung; Wolke 7 Immobilien-Gruppe. ~33 min drive (21st district) / ~75 min PT (8th district). needs renovation. adid 2001440883, first published 2026-08-04.",2026-10-08,active,2026-10-08,2026-10-10,,,,,,seen,makler,ISPRIVATE=0; Provision: 3% des Kaufpreises zzgl. 20% USt.,Wolke 7 Immobilien-Gruppe,3050.0,6.1,3.6,19215,6039,8235,19764,53253,602253,69.92,willhaben MONTHCOSTS_GROSS,sanierungsbedarf,Sanierungsbedürftig,willhaben detail (condition/description),img/MF127.jpg,archive/MF127.html,2026-10-08,2026-10-08T10:36,38,Not recommended,"{""cost"":0.0,""pt"":9.5,""drive"":6.3,""living"":8.0,""garden"":7.8,""storage"":2,""room5"":4,""sauna"":0,""penalty"":0}",True,Weak fit (38/100): 8 rooms: one spare for guests/office; Spacious (180 m² living); High overall cost (est. €692k–€782k incl. renovation).,8 rooms: one spare for guests/office | Spacious (180 m² living) | Large garden (est. ~492 m²) | Some storage (no cellar named),High overall cost (est. €692k–€782k incl. renovation),"Renovate to own taste; NÖ/federal renovation subsidies (e.g. Sanierungsbonus, heating replacement) may reduce cost",90000,180000,692253,782253,370,"Est. ~€370/month: BK €70 (listing) + heating ~€300 (HWB 167, Gas). Estimate.",storage,492,2026-10-10,"renovation needed: €500–1,000/m²"
MF128,EFH — Hochwertiges Einfamilienhaus - Ein Wohngenuss für die ganze Familie - 5 Zimmer - Viele Fre (Deutsch-Wagram),over_budget,,EFH,Deutsch-Wagram,2232,Bezirk Gänserndorf / Deutsch-Wagram,Marchfeld,549000,"over budget (+€99k); project: 2 units listed, €549k for the others",151.5,201.02,5,2025,B,36.4,Fußbodenheizung,Air-source heat pump,Luftwärmepumpe · also Pv,True,True,Parkplatz,False,False,False,Erstbezug; Neubau; Baujahr 2025,,,,,28,osrm_free_flow,62,vao_hafas_weekday_100000_best_of_5,48.31801,16.579742,listing_coords,https://www.willhaben.at/iad/immobilien/d/haus-kaufen/niederoesterreich/gaenserndorf/hochwertiges-einfamilienhaus-ein-wohngenuss-fuer-die-ganze-familie-5-zimmer-viele-freiflaechen-ziegelmassiv-pv-vorbereitung-uvm-2053155529/,,"Region expansion 2026-10-08 (Marchfeld). Deutsch-Wagram EFH €549.000 / 152 m² / 5 rooms / plot 201 m² / BJ 2025 / HWB B 36.4 / Fußbodenheizung; RIMMO Prime Vermittlungs GmbH. ~28 min drive (21st district) / ~62 min PT (8th district). handed over belagsfertig; other units: 1850807977 €549k. adid 2053155529, first published 2026-09-22.",2026-10-08,active,2026-10-08,2026-10-10,,,,,,seen,makler,ISPRIVATE=0; Provision: 3% des Kaufpreises zzgl. 20% USt.,RIMMO Prime Vermittlungs GmbH,3623.76,6.1,3.6,19215,6039,8235,19764,53253,602253,,nicht angegeben (willhaben detail),belagsfertig,Erstbezug,willhaben detail (condition/description),img/MF128.jpg,archive/MF128.html,2026-10-08,2026-10-08T10:36,38,Not recommended,"{""cost"":3.4,""pt"":13.1,""drive"":7.7,""living"":8.0,""garden"":0.2,""storage"":2,""room5"":4,""sauna"":0,""penalty"":0}",True,Weak fit (38/100): Good public transport to the 8th district (62 min); Short drive to the 21st district (28 min); High overall cost (est. €642k–€672k incl. renovation).,Good public transport to the 8th district (62 min) | Short drive to the 21st district (28 min) | 5 rooms: one spare for guests/office | Spacious (152 m² living) | Some storage (no cellar named),High overall cost (est. €642k–€672k incl. renovation) | Little garden (est. ~110 m²),Choose own floors/finishes,40000,70000,642253,672253,182,"Est. ~€182/month: BK €150 (assumed, not in listing) + heating ~€32 (HWB 36, Air-source heat pump). Estimate.",storage,110,2026-10-10,"belagsfertig: floors, doors, painting, fittings at €250–450/m²"
MF129,"EFH — Pool, Sonne, Terrasse, Sauna - die Wohlfühloase! (Rutzendorf)",sauna,,EFH,Rutzendorf,2301,Bezirk Gänserndorf / Groß-Enzersdorf,Marchfeld,399000,price reduced on willhaben (was €425.000),100.0,600.0,3,1983,D,136.0,,Wood,Kachelofen,True,True,Garage,True,True,True,Sehr gut/gut; Baujahr 1983; Keller,,,,,40,osrm_free_flow,75,vao_hafas_weekday_100000_best_of_5,48.214382,16.625702,listing_coords,https://www.willhaben.at/iad/immobilien/d/haus-kaufen/niederoesterreich/gaenserndorf/pool-sonne-terrasse-sauna-die-wohlfuehloase-1136962904/,,"Region expansion 2026-10-08 (Marchfeld). Rutzendorf EFH €399.000 / 100 m² / 3 rooms / plot 600 m² / BJ 1983 / HWB D 136.0; Home & Finance Immobilien & Finanzmanagement Fallmann KG. ~40 min drive (21st district) / ~75 min PT (8th district). adid 1136962904, first published 2026-04-22.",2026-10-08,active,2026-10-08,2026-10-10,,,,,,seen,makler,ISPRIVATE=0; Provision: 3% des Kaufpreises zzgl. 20% USt.,Home & Finance Immobilien & Finanzmanagement Fallmann KG,3990.0,6.1,3.6,13965,4389,5985,14364,38703,437703,,nicht angegeben (willhaben detail),unknown,Sehr gut/gut,willhaben detail (condition/description),img/MF129.jpg,archive/MF129.html,2026-10-08,2026-10-08T10:36,37,Not recommended,"{""cost"":29.8,""pt"":9.5,""drive"":4.3,""living"":1.3,""garden"":8.8,""storage"":5,""room5"":0,""sauna"":3,""penalty"":-25}",False,Weak fit (37/100): Low overall cost (est. €463k–€498k incl. renovation); Large garden (est. ~540 m²); Only 3 rooms — fails the 4-room need.,Low overall cost (est. €463k–€498k incl. renovation) | Large garden (est. ~540 m²) | Cellar mentioned | Sauna,Only 3 rooms — fails the 4-room need,Negotiate on price; check BK and heating bills,25000,60000,462703,497703,286,"Est. ~€286/month: BK €150 (assumed, not in listing) + heating ~€136 (HWB 136, Wood). Estimate.",yes,540,2026-10-10,1970–89 or HWB D/E: partial renovation €250–600/m²
MF130,EFH — NEUER PREIS! Ruheoase mit direktem Seezugang auf Eigengrund (Zwerndorf),honourable,,EFH,Zwerndorf,2295,Bezirk Gänserndorf / Weiden an der March,Marchfeld,180000,price reduced on willhaben (was €195.000),65.0,1008.0,3,1973,F,237.8,Sonstige,Unknown,"listing only names Sonstige, no fuel",True,True,,False,False,False,Sehr gut/gut; Baujahr 1973,,,,,48,osrm_free_flow,94,vao_hafas_weekday_100000_best_of_5,48.34127,16.83591,listing_coords,https://www.willhaben.at/iad/immobilien/d/haus-kaufen/niederoesterreich/gaenserndorf/neuer-preis-ruheoase-mit-direktem-seezugang-auf-eigengrund-1747733184/,,"Region expansion 2026-10-08 (Marchfeld). Zwerndorf EFH €180.000 / 65 m² / 3 rooms / plot 1008 m² / BJ 1973 / HWB F 237.8 / Sonstige; REMAX Eco. ~48 min drive (21st district) / ~94 min PT (8th district). adid 1747733184, first published 2026-08-10.",2026-10-08,active,2026-10-08,2026-10-10,,,,,,seen,makler,ISPRIVATE=0; Provision: 3% des Kaufpreises zzgl. 20% USt.,REMAX Eco,2769.23,6.1,3.6,6300,1980,2700,6480,17460,197460,175.0,willhaben MONTHCOSTS_GROSS,unknown,Sehr gut/gut,willhaben detail (condition/description),img/MF130.jpg,archive/MF130.html,2026-10-08,2026-10-08T10:36,36,Not recommended,"{""cost"":45.0,""pt"":4.4,""drive"":2.0,""living"":0.0,""garden"":10.0,""storage"":0,""room5"":0,""sauna"":0,""penalty"":-25}",False,Weak fit (36/100): Low overall cost (est. €227k–€257k incl. renovation); Large garden (est. ~969 m²); Long public-transport commute to the 8th district (94 min).,Low overall cost (est. €227k–€257k incl. renovation) | Large garden (est. ~969 m²),Long public-transport commute to the 8th district (94 min) | Long drive to the 21st district (48 min) | Only 3 rooms — fails the 4-room need | Small living area (65 m²) | Cellar unknown,"Big plot: room for play area, garden shed or extension",30000,60000,227460,257460,330,"Est. ~€330/month: BK €175 (listing) + heating ~€155 (HWB 238, Unknown). Estimate.",unknown,969,2026-10-10,pre-1970 or HWB F/G: substantial renovation €450–900/m²
MF131,EFH — Top-Einfamilienhaus mit Traumgarten und Terrasse in Deutsch-Wagram - Kaufpreis: EUR 369.00 (Deutsch-Wagram),honourable,,EFH,Deutsch-Wagram,2232,Bezirk Gänserndorf / Deutsch-Wagram,Marchfeld,369000,,120.0,345.0,3,1912,E,191.0,Sonstige,Wood + Electric,Kachelofen; Heizungsart: HOLZ; Infrarotheizung; Elektroheizung,True,False,,False,False,False,Renoviert; Altbau; Baujahr 1912; Keller,,,,,25,osrm_free_flow,64,vao_hafas_weekday_100000_best_of_5,48.298553,16.57539,listing_coords,https://www.willhaben.at/iad/immobilien/d/haus-kaufen/niederoesterreich/gaenserndorf/top-einfamilienhaus-mit-traumgarten-und-terrasse-in-deutsch-wagram-kaufpreis-eur-369-000-1903557841/,,"Region expansion 2026-10-08 (Marchfeld). Deutsch-Wagram EFH €369.000 / 120 m² / 3 rooms / plot 345 m² / BJ 1912 / HWB E 191.0 / Sonstige; WVV Immobilien GmbH Immobilienvermittlung und -verwaltung. ~25 min drive (21st district) / ~64 min PT (8th district). adid 1903557841, first published 2026-05-22.",2026-10-08,active,2026-10-08,2026-10-10,,,,,,seen,makler,ISPRIVATE=0; Provision: 3% des Kaufpreises zzgl. 20% USt.,WVV Immobilien GmbH Immobilienvermittlung und -verwaltung,3075.0,6.1,3.6,12915,4059,5535,13284,35793,404793,100.0,willhaben MONTHCOSTS_GROSS,unknown,Renoviert,willhaben detail (condition/description),img/MF131.jpg,archive/MF131.html,2026-10-08,2026-10-08T10:36,36,Not recommended,"{""cost"":27.8,""pt"":12.5,""drive"":8.6,""living"":4.0,""garden"":3.5,""storage"":5,""room5"":0,""sauna"":0,""penalty"":-25}",False,Weak fit (36/100): Good public transport to the 8th district (64 min); Short drive to the 21st district (25 min); Only 3 rooms — fails the 4-room need.,Good public transport to the 8th district (64 min) | Short drive to the 21st district (25 min) | Cellar mentioned,Only 3 rooms — fails the 4-room need,"Renovate to own taste; NÖ/federal renovation subsidies (e.g. Sanierungsbonus, heating replacement) may reduce cost",55000,110000,459793,514793,329,"Est. ~€329/month: BK €100 (listing) + heating ~€229 (HWB 191, Wood + Electric). Estimate.",yes,273,2026-10-10,pre-1970 or HWB F/G: substantial renovation €450–900/m²
MF132,"DHH — Doppelhaushälfte mit Gartenidylle in Groß-Enzersdorf - Top Zustand, sofort bezugsfertig! (Groß-Enzersdorf)",honourable,,DHH,Groß-Enzersdorf,2301,Bezirk Gänserndorf / Groß-Enzersdorf,Marchfeld,399000,price reduced on willhaben (was €479.000),85.5,555.0,3.5,1926,C,87.0,,Heat pump,Wärmepumpe · air or ground not stated,True,False,,False,False,False,Sehr gut/gut; Baujahr 1926; Keller,,,,,34,osrm_free_flow,65,vao_hafas_weekday_100000_best_of_7,48.189907,16.5426,listing_coords,https://www.willhaben.at/iad/immobilien/d/haus-kaufen/niederoesterreich/gaenserndorf/doppelhaushaelfte-mit-gartenidylle-in-gross-enzersdorf-top-zustand-sofort-bezugsfertig-778822624/,,"Region expansion 2026-10-08 (Marchfeld). Groß-Enzersdorf DHH €399.000 / 86 m² / 3.5 rooms / plot 555 m² / BJ 1926 / HWB C 87.0; Akkadia Immobilienvermittlungs GmbH. ~34 min drive (21st district) / ~65 min PT (8th district). adid 778822624, first published 2025-09-10. Two residential units in one house (works as one family home or with a granny flat).",2026-10-08,active,2026-10-08,2026-10-10,,,,,,seen,makler,ISPRIVATE=0; Provision: 3% des Kaufpreises zzgl. 20% USt.,Akkadia Immobilienvermittlungs GmbH,4666.67,6.1,3.6,13965,4389,5985,14364,38703,437703,,nicht angegeben (willhaben detail),unknown,Sehr gut/gut,willhaben detail (condition/description),img/MF132.jpg,archive/MF132.html,2026-10-08,2026-10-08T10:36,36,Not recommended,"{""cost"":29.2,""pt"":12.3,""drive"":6.0,""living"":0.0,""garden"":8.1,""storage"":5,""room5"":0,""sauna"":0,""penalty"":-25}",False,Weak fit (36/100): Low overall cost (est. €478k–€513k incl. renovation); Good public transport to the 8th district (65 min); Only 3 rooms — fails the 4-room need.,Low overall cost (est. €478k–€513k incl. renovation) | Good public transport to the 8th district (65 min) | Large garden (est. ~503 m²) | Cellar mentioned,Only 3 rooms — fails the 4-room need | Small living area (86 m²),Negotiate on price; check BK and heating bills,40000,75000,477703,512703,193,"Est. ~€193/month: BK €150 (assumed, not in listing) + heating ~€43 (HWB 87, Heat pump). Estimate.",yes,503,2026-10-10,pre-1970 or HWB F/G: substantial renovation €450–900/m²
MF133,EFH — WUNDERBARES FAMILIEN-HAUS in GÄNSERNDORF Stadt (Gänserndorf),over_budget,,EFH,Gänserndorf,2230,Bezirk Gänserndorf / Gänserndorf,Marchfeld,499000,over budget (+€49k),134.0,379.0,4.5,1950,C,93.8,Fußbodenheizung,Gas + Wood,Gasheizung; Heizungsart: HOLZ,True,False,,False,False,False,Baujahr 1950; Keller,,,,,39,osrm_free_flow,70,vao_hafas_weekday_100000_best_of_5,48.341488,16.726938,listing_coords,https://www.willhaben.at/iad/immobilien/d/haus-kaufen/niederoesterreich/gaenserndorf/wunderbares-familien-haus-in-gaenserndorf-stadt-1040578210/,,"Region expansion 2026-10-08 (Marchfeld). Gänserndorf EFH €499.000 / 134 m² / 4.5 rooms / plot 379 m² / BJ 1950 / HWB C 93.8 / Fußbodenheizung; REMAX Aktiv. ~39 min drive (21st district) / ~70 min PT (8th district). adid 1040578210, first published 2026-05-09.",2026-10-08,active,2026-10-08,2026-10-10,,,,,,seen,makler,ISPRIVATE=0; Provision: 3% des Kaufpreises zzgl. 20% USt.,REMAX Aktiv,3723.88,6.1,3.6,17465,5489,7485,17964,48403,547403,94.0,willhaben MONTHCOSTS_GROSS,unknown,,willhaben detail (condition/description),img/MF133.jpg,archive/MF133.html,2026-10-08,2026-10-08T10:36,36,Not recommended,"{""cost"":5.8,""pt"":10.9,""drive"":4.6,""living"":5.9,""garden"":4.0,""storage"":5,""room5"":0,""sauna"":0,""penalty"":0}",True,Weak fit (36/100): 4 rooms: meets the parents/boys/girls need; Cellar mentioned; High overall cost (est. €607k–€667k incl. renovation).,4 rooms: meets the parents/boys/girls need | Cellar mentioned,High overall cost (est. €607k–€667k incl. renovation),"Renovate to own taste; NÖ/federal renovation subsidies (e.g. Sanierungsbonus, heating replacement) may reduce cost | Cellar could take an office/hobby room",60000,120000,607403,667403,220,"Est. ~€220/month: BK €94 (listing) + heating ~€126 (HWB 94, Gas + Wood). Estimate.",yes,298,2026-10-10,pre-1970 or HWB F/G: substantial renovation €450–900/m²
MF134,EFH — Ihr Traumhaus wartet auf Sie: Luxus und Eleganz (Lassee),over_budget,,EFH,Lassee,2291,Bezirk Gänserndorf / Lassee,Marchfeld,535000,over budget (+€85k),370.0,1145.0,9,1970,,,Zentralheizung,Oil,Ölheizung,True,True,"Garage, Parkplatz",True,False,False,Neubau; Baujahr 1970; Keller,,,,,51,osrm_free_flow,81,vao_hafas_weekday_100000_best_of_5,48.23445,16.815048,listing_coords,https://www.willhaben.at/iad/immobilien/d/haus-kaufen/niederoesterreich/gaenserndorf/ihr-traumhaus-wartet-auf-sie-luxus-und-eleganz-1182295943/,,"Region expansion 2026-10-08 (Marchfeld). Lassee EFH €535.000 / 370 m² / 9 rooms / plot 1145 m² / BJ 1970 / Zentralheizung; Immo-Company Haas & Urban Immobilien GmbH. ~51 min drive (21st district) / ~81 min PT (8th district). adid 1182295943, first published 2026-07-07.",2026-10-08,active,2026-10-08,2026-10-10,,,,,,seen,makler,"ISPRIVATE=0; Provision: 19.260,00 EUR inkl. 20% USt.",Immo-Company Haas & Urban Immobilien GmbH,1445.95,6.1,3.6,18725,5885,8025,19260,51895,586895,107.0,"src: listing text ""Betriebskosten …""",unknown,,willhaben detail (condition/description),img/MF134.jpg,archive/MF134.html,2026-10-08,2026-10-08T10:36,36,Not recommended,"{""cost"":0.0,""pt"":7.9,""drive"":1.1,""living"":8.0,""garden"":10.0,""storage"":5,""room5"":4,""sauna"":0,""penalty"":0}",True,Weak fit (36/100): 9 rooms: one spare for guests/office; Spacious (370 m² living); High overall cost (est. €697k–€832k incl. renovation).,9 rooms: one spare for guests/office | Spacious (370 m² living) | Large garden (est. ~923 m²) | Cellar mentioned,High overall cost (est. €697k–€832k incl. renovation) | Long drive to the 21st district (51 min) | Oil heating: replacement expected,"Renovate to own taste; NÖ/federal renovation subsidies (e.g. Sanierungsbonus, heating replacement) may reduce cost | Big plot: room for play area, garden shed or extension",110000,245000,696895,831895,773,"Est. ~€773/month: BK €107 (listing) + heating ~€666 (HWB 180 assumed, Oil). Estimate.",yes,923,2026-10-10,1970–89 or HWB D/E: partial renovation €250–600/m²; + €15–25k oil-heating replacement
MF135,EFH — Neuer PREIS !!! Charmantes Einfamilienhaus mit Dachterrasse & Blick auf die Weinreben in r (Stillfried),honourable,,EFH,Stillfried,2262,Bezirk Gänserndorf / Angern an der March,Marchfeld,169000,price reduced on willhaben (was €179.000),118.75,,3.5,1938,,,,Gas,Gas-Zentralheizung; Gastherme,True,False,,False,False,False,Sehr gut/gut; Baujahr 1938,,,,,55,osrm_free_flow,75,vao_hafas_weekday_100000_best_of_6,48.413902,16.846958,listing_coords,https://www.willhaben.at/iad/immobilien/d/haus-kaufen/niederoesterreich/gaenserndorf/neuer-preis-charmantes-einfamilienhaus-mit-dachterrasse-blick-auf-die-weinreben-in-ruhiger-lage-von-stillfried-1586681710/,,"Region expansion 2026-10-08 (Marchfeld). Stillfried EFH €169.000 / 129 m² / 3.5 rooms / plot 129 m² / BJ 1938; TRUE Immobilien GmbH & Co KG. ~55 min drive (21st district) / ~75 min PT (8th district). adid 1586681710, first published 2026-09-16. Plot not stated (the listing field repeated the living area).",2026-10-08,active,2026-10-08,2026-10-10,,,,,,seen,makler,ISPRIVATE=0; Provision: 3% des Kaufpreises zzgl. 20% USt.,TRUE Immobilien GmbH & Co KG,1423,6.1,3.6,5915,1859,2535,6084,16393,185393,119.11,willhaben MONTHCOSTS_GROSS,unknown,Sehr gut/gut,willhaben detail (condition/description),img/MF135.jpg,archive/MF135.html,2026-10-08,2026-10-08T10:36,34,Not recommended,"{""cost"":45.0,""pt"":9.5,""drive"":0.0,""living"":3.8,""garden"":1.0,""storage"":0,""room5"":0,""sauna"":0,""penalty"":-25}",False,Weak fit (34/100): Low overall cost (est. €240k–€290k incl. renovation); Long drive to the 21st district (55 min).,Low overall cost (est. €240k–€290k incl. renovation),Long drive to the 21st district (55 min) | Only 3 rooms — fails the 4-room need | Garden size unknown | Cellar unknown,"Renovate to own taste; NÖ/federal renovation subsidies (e.g. Sanierungsbonus, heating replacement) may reduce cost",55000,105000,240393,290393,333,"Est. ~€333/month: BK €119 (listing) + heating ~€214 (HWB 180 assumed, Gas). Estimate.",unknown,,2026-10-10,pre-1970 or HWB F/G: substantial renovation €450–900/m²
MF136,"EFH — Charmantes 3-Zi-Einfamilienhaus in Marchegg mit Pool, Garage & Garten - EUR280.000! (Marchegg)",honourable,,EFH,Marchegg,2293,Bezirk Gänserndorf / Marchegg,Marchfeld,280000,,103.0,919.0,3,1880,,289.9,Elektroheizung,Electric,Elektroheizung,True,True,"Garage, Parkplatz",True,False,True,Sehr gut/gut; Baujahr 1880,,,,,52,osrm_free_flow,100,vao_hafas_weekday_100000_best_of_5,48.276085,16.911089,listing_coords,https://www.willhaben.at/iad/immobilien/d/haus-kaufen/niederoesterreich/gaenserndorf/charmantes-3-zi-einfamilienhaus-in-marchegg-mit-pool-garage-garten-eur280-000-923938588/,,"Region expansion 2026-10-08 (Marchfeld). Marchegg EFH €280.000 / 103 m² / 3 rooms / plot 919 m² / BJ 1880 / HWB  289.9 / Elektroheizung; Immo-Company Haas & Urban Immobilien GmbH. ~52 min drive (21st district) / ~100 min PT (8th district). adid 923938588, first published 2026-04-21.",2026-10-08,active,2026-10-08,2026-10-10,,,,,,seen,makler,ISPRIVATE=0; Provision: 3% des Kaufpreises zzgl. 20% USt.,Immo-Company Haas & Urban Immobilien GmbH,2718.45,6.1,3.6,9800,3080,4200,10080,27160,307160,200.0,willhaben MONTHCOSTS_GROSS,unknown,Sehr gut/gut,willhaben detail (condition/description),img/MF136.jpg,archive/MF136.html,2026-10-08,2026-10-08T10:36,35,Not recommended,"{""cost"":42.3,""pt"":2.7,""drive"":0.9,""living"":1.7,""garden"":10.0,""storage"":2,""room5"":0,""sauna"":0,""penalty"":-25}",False,Weak fit (35/100): Low overall cost (est. €352k–€402k incl. renovation); Large garden (est. ~857 m²); Long public-transport commute to the 8th district (100 min).,Low overall cost (est. €352k–€402k incl. renovation) | Large garden (est. ~857 m²) | Some storage (no cellar named),Long public-transport commute to the 8th district (100 min) | Long drive to the 21st district (52 min) | Only 3 rooms — fails the 4-room need,"Big plot: room for play area, garden shed or extension",45000,95000,352160,402160,499,"Est. ~€499/month: BK €200 (listing) + heating ~€299 (HWB 290, Electric). Estimate.",storage,857,2026-10-10,pre-1970 or HWB F/G: substantial renovation €450–900/m²
MF137,EFH — Einfamilienhaus mit außergewöhnlichem Entwicklungspotenzial auf ca. 1.300 m² Baugrund | St (Strasshof an der Nordbahn),honourable,,EFH,Strasshof an der Nordbahn,2231,Bezirk Gänserndorf / Strasshof an der Nordbahn,Marchfeld,359900,,75.0,1300.0,3.5,,,,Sonstige,Wood + Electric,Holzofen; Heizungsart: HOLZ; Elektroheizung,True,False,,False,False,False,Sanierungsbedürftig; Altbau; Keller,,,,,36,osrm_free_flow,72,vao_hafas_weekday_100000_best_of_5,48.308113,16.660698,listing_coords,https://www.willhaben.at/iad/immobilien/d/haus-kaufen/niederoesterreich/gaenserndorf/einfamilienhaus-mit-aussergewoehnlichem-entwicklungspotenzial-auf-ca-1-300-m-baugrund-strasshof-bw-3we-1362128079/,,"Region expansion 2026-10-08 (Marchfeld). Strasshof an der Nordbahn EFH €359.900 / 75 m² / 3.5 rooms / plot 1300 m² / Sonstige; Wolke 7 Immobilien-Gruppe. ~36 min drive (21st district) / ~72 min PT (8th district). needs renovation. adid 1362128079, first published 2026-08-06.",2026-10-08,active,2026-10-08,2026-10-10,,,,,,seen,makler,ISPRIVATE=0; Provision: 3% des Kaufpreises zzgl. 20% USt.,Wolke 7 Immobilien-Gruppe,4798.67,6.1,3.6,12597,3959,5398,12956,34910,394810,,nicht angegeben (willhaben detail),sanierungsbedarf,Sanierungsbedürftig,willhaben detail (condition/description),img/MF137.jpg,archive/MF137.html,2026-10-08,2026-10-08T10:36,40,Not recommended,"{""cost"":34.3,""pt"":10.4,""drive"":5.4,""living"":0.0,""garden"":10.0,""storage"":5,""room5"":0,""sauna"":0,""penalty"":-25}",False,Weak fit (40/100): Low overall cost (est. €435k–€470k incl. renovation); Large garden (est. ~1255 m²); Only 3 rooms — fails the 4-room need.,Low overall cost (est. €435k–€470k incl. renovation) | Large garden (est. ~1255 m²) | Cellar mentioned,Only 3 rooms — fails the 4-room need | Small living area (75 m²),"Renovate to own taste; NÖ/federal renovation subsidies (e.g. Sanierungsbonus, heating replacement) may reduce cost | Big plot: room for play area, garden shed or extension",40000,75000,434810,469810,285,"Est. ~€285/month: BK €150 (assumed, not in listing) + heating ~€135 (HWB 180 assumed, Wood + Electric). Estimate.",yes,1255,2026-10-10,"renovation needed: €500–1,000/m²"
MF138,EFH — ROHBAU im schönen WEIKENDORF (Weikendorf),honourable,,EFH,Weikendorf,2253,Bezirk Gänserndorf / Weikendorf,Marchfeld,269000,,181.0,579.0,,2025,,,,Unknown,no heating system named in the listing text,True,True,Garage,True,False,False,Neubau; Baujahr 2025,,,,,48,osrm_free_flow,83,vao_hafas_weekday_100000_best_of_5,48.346153,16.77505,listing_coords,https://www.willhaben.at/iad/immobilien/d/haus-kaufen/niederoesterreich/gaenserndorf/rohbau-im-schoenen-weikendorf-799922644/,,"Region expansion 2026-10-08 (Marchfeld). Weikendorf EFH €269.000 / 181 m² / rooms not stated / plot 579 m² / BJ 2025; REMAX Aktiv. ~48 min drive (21st district) / ~83 min PT (8th district). Rohbau: interior still to be completed. adid 799922644, first published 2026-09-11.",2026-10-08,active,2026-10-08,2026-10-10,,,,,,seen,makler,ISPRIVATE=0; Provision: 3% des Kaufpreises zzgl. 20% USt.,REMAX Aktiv,1486.19,6.1,3.6,9415,2959,4035,9684,26093,295093,,nicht angegeben (willhaben detail),rohbaufertig,,willhaben detail (condition/description),img/MF138.jpg,archive/MF138.html,2026-10-08,2026-10-08T10:36,34,Not recommended,"{""cost"":14.9,""pt"":7.4,""drive"":2.0,""living"":8.0,""garden"":7.4,""storage"":2,""room5"":0,""sauna"":0,""penalty"":-8}",,Weak fit (34/100): Spacious (181 m² living); Large garden (est. ~470 m²); Long drive to the 21st district (48 min).,Spacious (181 m² living) | Large garden (est. ~470 m²) | Some storage (no cellar named),Long drive to the 21st district (48 min) | Room count unknown — check before viewing | Rohbau: large completion cost and time,"Renovate to own taste; NÖ/federal renovation subsidies (e.g. Sanierungsbonus, heating replacement) may reduce cost",200000,310000,495093,605093,476,"Est. ~€476/month: BK €150 (assumed, not in listing) + heating ~€326 (HWB 180 assumed, Unknown). Estimate.",storage,470,2026-10-10,"Rohbau: interior completion at €1,100–1,700/m²"
MF139,"Bungalow — Traum-Bungalow in Gänserndorf mit Pool, Garten, Terrasse & Carport - jetzt entdecken! (Gänserndorf)",honourable,,Bungalow,Gänserndorf,2230,Bezirk Gänserndorf / Gänserndorf,Marchfeld,390000,,74.0,560.0,3,1975,,,Sonstige,Wood,Heizungsart: HOLZ,True,True,"Carport, Parkplatz",False,False,True,Baujahr 1975; Keller,,,,,36,osrm_free_flow,85,vao_hafas_weekday_100000_best_of_5,48.30464,16.693428,listing_coords,https://www.willhaben.at/iad/immobilien/d/haus-kaufen/niederoesterreich/gaenserndorf/traum-bungalow-in-gaenserndorf-mit-pool-garten-terrasse-carport-jetzt-entdecken-1152000078/,,"Region expansion 2026-10-08 (Marchfeld). Gänserndorf Bungalow €390.000 / 74 m² / 3 rooms / plot 560 m² / BJ 1975 / Sonstige; Immo-Company Haas & Urban Immobilien GmbH. ~36 min drive (21st district) / ~85 min PT (8th district). adid 1152000078, first published 2026-08-01.",2026-10-08,active,2026-10-08,2026-10-10,,,,,,seen,makler,"ISPRIVATE=0; Provision: 14.040,00 EUR inkl. 20% USt.",Immo-Company Haas & Urban Immobilien GmbH,5270.27,6.1,3.6,13650,4290,5850,14040,37830,427830,,nicht angegeben (willhaben detail),unknown,,willhaben detail (condition/description),img/MF139.jpg,archive/MF139.html,2026-10-08,2026-10-08T10:36,34,Not recommended,"{""cost"":33.1,""pt"":6.8,""drive"":5.4,""living"":0.0,""garden"":8.3,""storage"":5,""room5"":0,""sauna"":0,""penalty"":-25}",False,Weak fit (34/100): Low overall cost (est. €448k–€473k incl. renovation); Large garden (est. ~515 m²); Only 3 rooms — fails the 4-room need.,Low overall cost (est. €448k–€473k incl. renovation) | Large garden (est. ~515 m²) | Cellar mentioned,Only 3 rooms — fails the 4-room need | Small living area (74 m²),Negotiate on price; check BK and heating bills,20000,45000,447830,472830,283,"Est. ~€283/month: BK €150 (assumed, not in listing) + heating ~€133 (HWB 180 assumed, Wood). Estimate.",yes,515,2026-10-10,1970–89 or HWB D/E: partial renovation €250–600/m²
MF140,"EFH — Ankommen, abschalten und das eigene Zuhause genießen! (Obersiebenbrunn)",honourable,,EFH,Obersiebenbrunn,2283,Bezirk Gänserndorf / Obersiebenbrunn,Marchfeld,397000,,112.0,371.0,3,1996,E,93.0,Zentralheizung,Gas,Gasheizung,True,True,"Garage, Parkplatz",True,False,False,Sehr gut/gut; Neubau; Baujahr 1996; Keller,,,,,35,osrm_free_flow,69,vao_hafas_weekday_100000_best_of_5,48.259758,16.70854,listing_coords,https://www.willhaben.at/iad/immobilien/d/haus-kaufen/niederoesterreich/gaenserndorf/ankommen-und-einziehen-garage-garten-keller-brunnen-838707497/,https://www.willhaben.at/iad/immobilien/d/haus-kaufen/niederoesterreich/gaenserndorf/ankommen-abschalten-und-das-eigene-zuhause-geniessen-1183624163/,"Region expansion 2026-10-08 (Marchfeld). Obersiebenbrunn EFH €397.000 / 112 m² / 3 rooms / plot 371 m² / BJ 1996 / HWB E 93.0 / Zentralheizung; Immoexpress KG. ~35 min drive (21st district) / ~69 min PT (8th district). adid 1183624163, first published 2026-09-24. Republished 2026-10-09 under willhaben adid 838707497.",2026-10-08,active,2026-10-08,2026-10-10,,,,,,seen,makler,ISPRIVATE=0; Provision: 3 % zzgl. 20% MwSt.,Immoexpress KG,3544.64,6.1,3.6,13895,4367,5955,14292,38509,435509,,nicht angegeben (willhaben detail),unknown,Sehr gut/gut,willhaben detail (condition/description),img/MF140.jpg,archive/MF140.html,2026-10-08,2026-10-08T10:36,34,Not recommended,"{""cost"":30.0,""pt"":11.2,""drive"":5.7,""living"":2.9,""garden"":4.1,""storage"":5,""room5"":0,""sauna"":0,""penalty"":-25}",False,Weak fit (34/100): Low overall cost (est. €466k–€501k incl. renovation); Cellar mentioned; Only 3 rooms — fails the 4-room need.,Low overall cost (est. €466k–€501k incl. renovation) | Cellar mentioned,Only 3 rooms — fails the 4-room need,Negotiate on price; check BK and heating bills,30000,65000,465509,500509,254,"Est. ~€254/month: BK €150 (assumed, not in listing) + heating ~€104 (HWB 93, Gas). Estimate.",yes,303,2026-10-10,1970–89 or HWB D/E: partial renovation €250–600/m²
MF141,DHH — OPEN HOUSE - 31.10. 10:00-12:00 Gepflegte Doppelhaushälfte in TOP Lage in Strasshof an der (Strasshof an der Nordbahn),honourable,,DHH,Strasshof an der Nordbahn,2231,Bezirk Gänserndorf / Strasshof an der Nordbahn,Marchfeld,398000,price reduced on willhaben (was €435.000),90.9,,3,2006,C,70.0,Zentralheizung,Gas + Wood,Gasheizung; Schwedenofen,True,True,Parkplatz,False,False,False,Neubau; Baujahr 2006; Keller,,,,,35,osrm_free_flow,69,vao_hafas_weekday_100000_best_of_5,48.325054,16.674374,listing_coords,https://www.willhaben.at/iad/immobilien/d/haus-kaufen/niederoesterreich/gaenserndorf/open-house-31-10-10-00-12-00-gepflegte-doppelhaushaelfte-in-top-lage-in-strasshof-an-der-nordbahn-1659856618/,https://www.willhaben.at/iad/immobilien/d/haus-kaufen/niederoesterreich/gaenserndorf/open-house-31-10-10-00-12-00-gepflegte-doppelhaushaelfte-in-top-lage-in-strasshof-an-der-nordbahn-1867321926/,"Region expansion 2026-10-08 (Marchfeld). Strasshof an der Nordbahn DHH €398.000 / 91 m² / 3 rooms / plot not stated / BJ 2006 / HWB C 70.0 / Zentralheizung; REMAX Aktiv. ~35 min drive (21st district) / ~69 min PT (8th district). adid 1867321926, first published 2026-08-31. Republished 2026-10-09 under willhaben adid 1659856618.",2026-10-08,active,2026-10-08,2026-10-10,,,,,,seen,makler,ISPRIVATE=0; Provision: 3% des Kaufpreises zzgl. 20% USt.,REMAX Aktiv,4378.44,6.1,3.6,13930,4378,5970,14328,38606,436606,,nicht angegeben (willhaben detail),unknown,,willhaben detail (condition/description),img/MF141.jpg,archive/MF141.html,2026-10-08,2026-10-08T10:36,34,Not recommended,"{""cost"":35.8,""pt"":11.2,""drive"":5.7,""living"":0.1,""garden"":1.0,""storage"":5,""room5"":0,""sauna"":0,""penalty"":-25}",False,Weak fit (34/100): Low overall cost (est. €442k–€462k incl. renovation); Cellar mentioned; Only 3 rooms — fails the 4-room need.,Low overall cost (est. €442k–€462k incl. renovation) | Cellar mentioned,Only 3 rooms — fails the 4-room need | Small living area (91 m²) | Garden size unknown,Negotiate on price; check BK and heating bills,5000,25000,441606,461606,214,"Est. ~€214/month: BK €150 (assumed, not in listing) + heating ~€64 (HWB 70, Gas + Wood). Estimate.",yes,,2026-10-10,1990–2009 or HWB C: refresh €80–250/m²
MF142,EFH — *Gestalten Sie Ihr Zuhause* Großzügiger Einfamilienhaus-Rohbau mit zwei Terrassen und Gart (Orth an der Donau),honourable,,EFH,Orth an der Donau,2304,Bezirk Gänserndorf / Orth an der Donau,Marchfeld,449000,,172.27,1377.0,5,2022,B,41.2,Fußbodenheizung,Air-source heat pump,Luftwärmepumpe,True,True,Garage,True,False,False,Neubau; Baujahr 2022,,,,,46,osrm_free_flow,84,vao_hafas_weekday_100000_best_of_5,48.141663,16.687279,listing_coords,https://www.willhaben.at/iad/immobilien/d/haus-kaufen/niederoesterreich/gaenserndorf/-gestalten-sie-ihr-zuhause-grosszuegiger-einfamilienhaus-rohbau-mit-zwei-terrassen-und-garten-1889504932/,,"Region expansion 2026-10-08 (Marchfeld). Orth an der Donau EFH €449.000 / 172 m² / 5 rooms / plot 1377 m² / BJ 2022 / HWB B 41.2 / Fußbodenheizung; MIDSTONE Immobilien GmbH. ~46 min drive (21st district) / ~84 min PT (8th district). Rohbau: interior still to be completed. adid 1889504932, first published 2026-09-01.",2026-10-08,active,2026-10-08,2026-10-10,,,,,,seen,makler,ISPRIVATE=0; Provision: 3% des Kaufpreises zzgl. 20% USt.,MIDSTONE Immobilien GmbH,2606.37,6.1,3.6,15715,4939,6735,16164,43553,492553,,nicht angegeben (willhaben detail),rohbaufertig,,willhaben detail (condition/description),img/MF142.jpg,archive/MF142.html,2026-10-08,2026-10-08T10:36,34,Not recommended,"{""cost"":0.0,""pt"":7.1,""drive"":2.6,""living"":8.0,""garden"":10.0,""storage"":2,""room5"":4,""sauna"":0,""penalty"":0}",True,Weak fit (34/100): 5 rooms: one spare for guests/office; Spacious (172 m² living); High overall cost (est. €683k–€788k incl. renovation).,5 rooms: one spare for guests/office | Spacious (172 m² living) | Large garden (est. ~1273 m²) | Some storage (no cellar named),High overall cost (est. €683k–€788k incl. renovation) | Long drive to the 21st district (46 min) | Rohbau: large completion cost and time,"Renovate to own taste; NÖ/federal renovation subsidies (e.g. Sanierungsbonus, heating replacement) may reduce cost | Big plot: room for play area, garden shed or extension",190000,295000,682553,787553,191,"Est. ~€191/month: BK €150 (assumed, not in listing) + heating ~€41 (HWB 41, Air-source heat pump). Estimate.",storage,1273,2026-10-10,"Rohbau: interior completion at €1,100–1,700/m²"
MF143,"EFH — GROßZÜGIGES EINFAMILIENHAUS mit Garten, Terrasse & Garage in Mannersdorf a.d. March - Reno (Mannersdorf an der March)",over_budget,,EFH,Mannersdorf an der March,2261,Bezirk Gänserndorf / Angern an der March,Marchfeld,479000,over budget (+€29k),406.93,2407.0,11,1969,F,243.0,Fußbodenheizung,Oil + Wood,Ölheizung; Heizungsart: HOLZ,True,True,"Garage, Parkplatz",True,False,False,Sanierungsbedürftig; Neubau; Baujahr 1969; Keller,,,,,53,osrm_free_flow,85,vao_hafas_weekday_100000_best_of_5,48.387684,16.839008,listing_coords,https://www.willhaben.at/iad/immobilien/d/haus-kaufen/niederoesterreich/gaenserndorf/grosszuegiges-einfamilienhaus-mit-garten-terrasse-garage-in-mannersdorf-a-d-march-renovierungsprojekt-1326197822/,,"Region expansion 2026-10-08 (Marchfeld). Mannersdorf an der March EFH €479.000 / 407 m² / 11 rooms / plot 2407 m² / BJ 1969 / HWB F 243.0 / Fußbodenheizung; Immobilien Sablatnig. ~53 min drive (21st district) / ~85 min PT (8th district). needs renovation. adid 1326197822, first published 2026-07-04.",2026-10-08,active,2026-10-08,2026-10-10,,,,,,seen,makler,ISPRIVATE=0; Provision: 3% des Kaufpreises zzgl. 20% USt.,Immobilien Sablatnig,1177.11,6.1,3.6,16765,5269,7185,17244,46463,525463,165.0,willhaben MONTHCOSTS_GROSS,sanierungsbedarf,Sanierungsbedürftig,willhaben detail (condition/description),img/MF143.jpg,archive/MF143.html,2026-10-08,2026-10-08T10:36,34,Not recommended,"{""cost"":0.0,""pt"":6.8,""drive"":0.6,""living"":8.0,""garden"":10.0,""storage"":5,""room5"":4,""sauna"":0,""penalty"":0}",True,Weak fit (34/100): 11 rooms: one spare for guests/office; Spacious (407 m² living); High overall cost (est. €825k–€1.120k incl. renovation).,11 rooms: one spare for guests/office | Spacious (407 m² living) | Large garden (est. ~2162 m²) | Cellar mentioned,High overall cost (est. €825k–€1.120k incl. renovation) | Long drive to the 21st district (53 min) | Oil heating: replacement expected,"Renovate to own taste; NÖ/federal renovation subsidies (e.g. Sanierungsbonus, heating replacement) may reduce cost | Big plot: room for play area, garden shed or extension",300000,595000,825463,1120463,1154,"Est. ~€1154/month: BK €165 (listing) + heating ~€989 (HWB 243, Oil + Wood). Estimate.",yes,2162,2026-10-10,"renovation needed, heavy (old/poor energy/complete): €700–1,400/m²; + €15–25k oil-heating replacement"
MF144,"DHH — Neuwertige Doppelhaushälfte in Gänserndorf - 4 Zimmer, Keller, Garten, Terrasse, 2 Stellpl (Gänserndorf)",over_budget,,DHH,Gänserndorf,2230,Bezirk Gänserndorf / Gänserndorf,Marchfeld,539000,over budget (+€99k); price reduced on willhaben (was €599.000),132.62,,4,2020,B,40.0,Fußbodenheizung,Gas,Gasheizung,True,True,Parkplatz,False,False,False,Neuwertig; Neubau; Baujahr 2020; Keller,,,,,37,osrm_free_flow,88,vao_hafas_weekday_100000_best_of_5,48.3077,16.67175,listing_coords,https://www.willhaben.at/iad/immobilien/d/haus-kaufen/niederoesterreich/gaenserndorf/neuwertige-doppelhaushaelfte-in-gaenserndorf-4-zimmer-keller-garten-terrasse-2-stellplaetze-1851205524/,,"Region expansion 2026-10-08 (Marchfeld). Gänserndorf DHH €549.000 / 133 m² / 4 rooms / plot not stated / BJ 2020 / HWB B 40.0 / Fußbodenheizung; Wertimmobilien Consulting KG. ~37 min drive (21st district) / ~88 min PT (8th district). adid 1851205524, first published 2026-09-22.",2026-10-08,active,2026-10-08,2026-10-10,,,,,,seen,makler,ISPRIVATE=0,Wertimmobilien Consulting KG,4064.24,6.1,3.6,18865,5929,8085,19404,52283,591283,119.16,willhaben MONTHCOSTS_GROSS,schluesselfertig,Neuwertig,willhaben detail (condition/description),img/MF144.jpg,archive/MF144.html,2026-10-08,2026-10-08T10:36,36,Not recommended,"{""cost"":13.4,""pt"":6.0,""drive"":5.1,""living"":5.7,""garden"":1.0,""storage"":5,""room5"":0,""sauna"":0,""penalty"":0}",True,Weak fit (36/100): 4 rooms: meets the parents/boys/girls need; Cellar mentioned; High overall cost (est. €591k–€601k incl. renovation).,4 rooms: meets the parents/boys/girls need | Cellar mentioned,High overall cost (est. €591k–€601k incl. renovation) | Garden size unknown,Cellar could take an office/hobby room,0,10000,591283,601283,172,"Est. ~€172/month: BK €119 (listing) + heating ~€53 (HWB 40, Gas). Estimate.",yes,,2026-10-10,turnkey: minor works only
MF145,EFH — Photovoltaikanlage! Modern saniertes Reihenhaus mit Garten - nahe Wien (Ollersdorf),honourable,,EFH,Ollersdorf,2252,Bezirk Gänserndorf / Angern an der March,Marchfeld,299000,,110.0,,3,1996,C,77.0,Sonstige,Wood,Holzofen; Heizungsart: HOLZ · also Photovoltaik,True,False,,False,False,False,Renoviert; Neubau; Baujahr 1996; Keller,,,,,50,osrm_free_flow,99,vao_hafas_weekday_100000_best_of_5,48.40305,16.797276,listing_coords,https://www.willhaben.at/iad/immobilien/d/haus-kaufen/niederoesterreich/gaenserndorf/photovoltaikanlage-modern-saniertes-reihenhaus-mit-garten-nahe-wien-925708976/,,"Region expansion 2026-10-08 (Marchfeld). Ollersdorf EFH €299.000 / 110 m² / 3 rooms / plot not stated / BJ 1996 / HWB C 77.0 / Sonstige; AUTHEN7IC Real Estate FlexCo. ~50 min drive (21st district) / ~99 min PT (8th district). adid 925708976, first published 2026-04-21.",2026-10-08,active,2026-10-08,2026-10-10,,,,,,seen,makler,ISPRIVATE=0; Provision: 3% des Kaufpreises zzgl. 20% USt.,AUTHEN7IC Real Estate FlexCo,2718.18,6.1,3.6,10465,3289,4485,10764,29003,328003,,nicht angegeben (willhaben detail),unknown,Renoviert,willhaben detail (condition/description),img/MF145.jpg,archive/MF145.html,2026-10-08,2026-10-08T10:36,33,Not recommended,"{""cost"":45.0,""pt"":3.0,""drive"":1.4,""living"":2.7,""garden"":1.0,""storage"":5,""room5"":0,""sauna"":0,""penalty"":-25}",False,Weak fit (33/100): Low overall cost (est. €338k–€358k incl. renovation); Cellar mentioned; Long public-transport commute to the 8th district (99 min).,Low overall cost (est. €338k–€358k incl. renovation) | Cellar mentioned,Long public-transport commute to the 8th district (99 min) | Long drive to the 21st district (50 min) | Only 3 rooms — fails the 4-room need | Garden size unknown,Negotiate on price; check BK and heating bills,10000,30000,338003,358003,235,"Est. ~€235/month: BK €150 (assumed, not in listing) + heating ~€85 (HWB 77, Wood). Estimate.",yes,,2026-10-10,1990–2009 or HWB C: refresh €80–250/m²
MF146,Bungalow — !! HERBSTAKTION !! BUNGALOW mit Pool I Ausbaupotential I Klimaanlage I ~696m² Grundstück (Strasshof an der Nordbahn),honourable,,Bungalow,Strasshof an der Nordbahn,2231,Bezirk Gänserndorf / Strasshof an der Nordbahn,Marchfeld,399000,,78.1,696.0,3,,,,,Air-source heat pump,Luftwärmepumpe,True,False,,False,False,True,,,,,,34,osrm_free_flow,79,vao_hafas_weekday_100000_best_of_5,48.322674,16.66419,listing_coords,https://www.willhaben.at/iad/immobilien/d/haus-kaufen/niederoesterreich/gaenserndorf/-herbstaktion-bungalow-mit-pool-i-ausbaupotential-i-klimaanlage-i-696m-grundstueck-i-ruhelage-1369933869/,,"Region expansion 2026-10-08 (Marchfeld). Strasshof an der Nordbahn Bungalow €399.000 / 78 m² / 3 rooms / plot 696 m²; Alexander Ringsmuth GmbH. ~34 min drive (21st district) / ~79 min PT (8th district). adid 1369933869, first published 2026-06-17.",2026-10-08,active,2026-10-08,2026-10-10,,,,,,seen,makler,ISPRIVATE=0; Provision: 3% des Kaufpreises zzgl. 20% USt.,Alexander Ringsmuth GmbH,5108.83,6.1,3.6,13965,4389,5985,14364,38703,437703,,nicht angegeben (willhaben detail),unknown,,willhaben detail (condition/description),img/MF146.jpg,archive/MF146.html,2026-10-08,2026-10-08T10:36,33,Not recommended,"{""cost"":33.7,""pt"":8.5,""drive"":6.0,""living"":0.0,""garden"":10.0,""storage"":0,""room5"":0,""sauna"":0,""penalty"":-25}",False,Weak fit (33/100): Low overall cost (est. €448k–€478k incl. renovation); Large garden (est. ~649 m²); Only 3 rooms — fails the 4-room need.,Low overall cost (est. €448k–€478k incl. renovation) | Large garden (est. ~649 m²),Only 3 rooms — fails the 4-room need | Small living area (78 m²) | Cellar unknown,"Big plot: room for play area, garden shed or extension",10000,40000,447703,477703,232,"Est. ~€232/month: BK €150 (assumed, not in listing) + heating ~€82 (HWB 180 assumed, Air-source heat pump). Estimate.",unknown,649,2026-10-10,condition unknown: €150–500/m²
MF147,EFH — Familienparadies mit Selbstversorger-Garten | 170 m² Wohnfläche auf 1.100 m² Grund (Prottes),honourable,,EFH,Prottes,2242,Bezirk Gänserndorf / Prottes,Marchfeld,390000,,170.0,1100.0,3,1982,,,Sonstige,Wood,Festbrennstoff; Heizungsart: HOLZ,True,True,"Garage, Parkplatz",True,False,False,Sehr gut/gut; Altbau; Baujahr 1982,,,,,41,osrm_free_flow,78,vao_hafas_weekday_100000_best_of_5,48.38439,16.735905,listing_coords,https://www.willhaben.at/iad/immobilien/d/haus-kaufen/niederoesterreich/gaenserndorf/familienparadies-mit-selbstversorger-garten-170-m-wohnflaeche-auf-1-100-m-grund-1430290572/,,"Region expansion 2026-10-08 (Marchfeld). Prottes EFH €390.000 / 170 m² / 3 rooms / plot 1100 m² / BJ 1982 / Sonstige; RIWOG Real Estate Management GmbH. ~41 min drive (21st district) / ~78 min PT (8th district). adid 1430290572, first published 2026-08-04.",2026-10-08,active,2026-10-08,2026-10-10,,,,,,seen,makler,ISPRIVATE=0; Provision: 3% des Kaufpreises zzgl. 20% USt.,RIWOG Real Estate Management GmbH,2294.12,6.1,3.6,13650,4290,5850,14040,37830,427830,,nicht angegeben (willhaben detail),unknown,Sehr gut/gut,willhaben detail (condition/description),img/MF147.jpg,archive/MF147.html,2026-10-08,2026-10-08T10:36,31,Not recommended,"{""cost"":23.7,""pt"":8.7,""drive"":4.0,""living"":8.0,""garden"":10.0,""storage"":2,""room5"":0,""sauna"":0,""penalty"":-25}",False,Weak fit (31/100): Spacious (170 m² living); Large garden (est. ~998 m²); Only 3 rooms — fails the 4-room need.,Spacious (170 m² living) | Large garden (est. ~998 m²) | Some storage (no cellar named),Only 3 rooms — fails the 4-room need,"Big plot: room for play area, garden shed or extension",40000,100000,467830,527830,456,"Est. ~€456/month: BK €150 (assumed, not in listing) + heating ~€306 (HWB 180 assumed, Wood). Estimate.",storage,998,2026-10-10,1970–89 or HWB D/E: partial renovation €250–600/m²
MF148,"EFH — NEUER PREIS! Außergewöhnliches Anwesen mit villenartigem Flair - Einziehen, Ankommen, Wohl (Weikendorf)",honourable,,EFH,Weikendorf,2253,Bezirk Gänserndorf / Weikendorf,Marchfeld,436500,price reduced on willhaben (was €448.000),111.0,989.0,3,1990,D,111.0,Fußbodenheizung,Gas + Wood,Gastherme; Gasheizung; Heizungsart: HOLZ · also Festbrennstoff,True,True,"Garage, Parkplatz",True,False,False,Baujahr 1990; Keller,,,,,43,osrm_free_flow,68,vao_hafas_weekday_100000_best_of_5,48.34857,16.754105,listing_coords,https://www.willhaben.at/iad/immobilien/d/haus-kaufen/niederoesterreich/gaenserndorf/neuer-preis-aussergewoehnliches-anwesen-mit-villenartigem-flair-einziehen-ankommen-wohlfuehlen-1492955169/,,"Region expansion 2026-10-08 (Marchfeld). Weikendorf EFH €436.500 / 111 m² / 3 rooms / plot 989 m² / BJ 1990 / HWB D 111.0 / Fußbodenheizung; REMAX Aktiv. ~43 min drive (21st district) / ~68 min PT (8th district). adid 1492955169, first published 2026-06-30.",2026-10-08,active,2026-10-08,2026-10-10,,,,,,seen,makler,ISPRIVATE=0; Provision: 3% des Kaufpreises zzgl. 20% USt.,REMAX Aktiv,3932.43,6.1,3.6,15278,4802,6548,15714,42342,478842,,nicht angegeben (willhaben detail),unknown,,willhaben detail (condition/description),img/MF148.jpg,archive/MF148.html,2026-10-08,2026-10-08T10:36,30,Not recommended,"{""cost"":22.6,""pt"":11.5,""drive"":3.4,""living"":2.8,""garden"":10.0,""storage"":5,""room5"":0,""sauna"":0,""penalty"":-25}",False,Weak fit (30/100): Large garden (est. ~922 m²); Cellar mentioned; Only 3 rooms — fails the 4-room need.,Large garden (est. ~922 m²) | Cellar mentioned,Only 3 rooms — fails the 4-room need,"Big plot: room for play area, garden shed or extension",30000,65000,508842,543842,273,"Est. ~€273/month: BK €150 (assumed, not in listing) + heating ~€123 (HWB 111, Gas + Wood). Estimate.",yes,922,2026-10-10,1970–89 or HWB D/E: partial renovation €250–600/m²
MF149,EFH — Nur noch 1 Haus verfügbar - Neubau - Modernes Haus mit Pool - Belagsfertig (Groß-Schweinbarth),over_budget,,EFH,Groß-Schweinbarth,2221,Bezirk Gänserndorf / Groß-Schweinbarth,Marchfeld,549000,over budget (+€99k),145.0,400.0,4,,,37.6,,Air-source heat pump,Luft-Wärmepumpe,True,True,Garage,True,False,True,Neubau,,,,,35,osrm_free_flow,88,vao_hafas_weekday_100000_best_of_6,48.417103,16.641344,listing_coords,https://www.willhaben.at/iad/immobilien/d/haus-kaufen/niederoesterreich/gaenserndorf/nur-noch-1-haus-verfuegbar-neubau-modernes-haus-mit-pool-belagsfertig-2040465711/,,"Region expansion 2026-10-08 (Marchfeld). Groß-Schweinbarth EFH €549.000 / 145 m² / 4 rooms / plot 400 m² / HWB  37.6; Linhardt Immobilien GmbH. ~35 min drive (21st district) / ~88 min PT (8th district). handed over belagsfertig. adid 2040465711, first published 2024-02-23.",2026-10-08,active,2026-10-08,2026-10-10,,,,,,seen,makler,ISPRIVATE=0,Linhardt Immobilien GmbH,3786.21,6.1,3.6,19215,6039,8235,19764,53253,602253,,nicht angegeben (willhaben detail),belagsfertig,,willhaben detail (condition/description),img/MF149.jpg,archive/MF149.html,2026-10-08,2026-10-08T10:36,30,Not recommended,"{""cost"":4.2,""pt"":6.0,""drive"":5.7,""living"":7.3,""garden"":4.3,""storage"":2,""room5"":0,""sauna"":0,""penalty"":0}",True,Weak fit (30/100): 4 rooms: meets the parents/boys/girls need; Spacious (145 m² living); High overall cost (est. €637k–€667k incl. renovation).,4 rooms: meets the parents/boys/girls need | Spacious (145 m² living) | Some storage (no cellar named),High overall cost (est. €637k–€667k incl. renovation),Choose own floors/finishes,35000,65000,637253,667253,182,"Est. ~€182/month: BK €150 (assumed, not in listing) + heating ~€32 (HWB 38, Air-source heat pump). Estimate.",storage,313,2026-10-10,"belagsfertig: floors, doors, painting, fittings at €250–450/m²"
MF150,RH — Ihr neues Zuhause wartet! Reihenhaus zum Verlieben! (Strasshof an der Nordbahn),over_budget,,RH,Strasshof an der Nordbahn,2231,Bezirk Gänserndorf / Strasshof an der Nordbahn,Marchfeld,549000,over budget (+€99k),97.0,,4,2016,B<br>,,Fußbodenheizung,Unknown,"listing only names Fußbodenheizung, no fuel",True,True,Parkplatz,False,False,False,Baujahr 2016; Keller,,,,,32,osrm_free_flow,74,vao_hafas_weekday_100000_best_of_7,48.320255,16.651253,listing_coords,https://www.willhaben.at/iad/immobilien/d/haus-kaufen/niederoesterreich/gaenserndorf/ihr-neues-zuhause-wartet-reihenhaus-zum-verlieben-1116683781/,,"Region expansion 2026-10-08 (Marchfeld). Strasshof an der Nordbahn RH €549.000 / 97 m² / 4 rooms / plot not stated / BJ 2016 / HWB B<br> / Fußbodenheizung; IMMOSKY Skylead Real GmbH - Wien. ~32 min drive (21st district) / ~74 min PT (8th district). adid 1116683781, first published 2026-09-29. Wohnungseigentum: no separate plot of its own; exclusive garden + share of the common plot.",2026-10-08,active,2026-10-08,2026-10-10,,,,,,seen,makler,ISPRIVATE=0; Provision: 3% zzgl. gesetzliche MwSt,IMMOSKY Skylead Real GmbH - Wien,5659.79,6.1,3.6,19215,6039,8235,19764,53253,602253,,nicht angegeben (willhaben detail),unknown,,willhaben detail (condition/description),img/MF150.jpg,archive/MF150.html,2026-10-08,2026-10-08T10:36,29,Not recommended,"{""cost"":10.4,""pt"":9.8,""drive"":6.6,""living"":0.9,""garden"":1.0,""storage"":0,""room5"":0,""sauna"":0,""penalty"":0}",True,Weak fit (29/100): 4 rooms: meets the parents/boys/girls need; High overall cost (est. €602k–€617k incl. renovation).,4 rooms: meets the parents/boys/girls need,High overall cost (est. €602k–€617k incl. renovation) | Small living area (97 m²) | Garden size unknown | No cellar,Negotiate on price; check BK and heating bills,0,15000,602253,617253,213,"Est. ~€213/month: BK €150 (assumed, not in listing) + heating ~€63 (HWB 65 from class B, Unknown). Estimate.",no,,2026-10-10,recent/efficient: €0–15k
MF151,EFH — Nahe Hainburg & Bratislava - Haus mit großem Garten auf 1.041 m² & Ausbaureserve (Engelhartstetten),honourable,,EFH,Engelhartstetten,2292,Bezirk Gänserndorf / Engelhartstetten,Marchfeld,379000,,93.0,1041.0,3,1956,,55.8,Zentralheizung,Gas,Gasheizung,True,True,Garage,True,False,True,Baujahr 1956; Keller,,,,,56,osrm_free_flow,110,vao_hafas_weekday_100000_best_of_5,48.18316,16.898909,listing_coords,https://www.willhaben.at/iad/immobilien/d/haus-kaufen/niederoesterreich/gaenserndorf/nahe-hainburg-bratislava-haus-mit-grossem-garten-auf-1-041-m-ausbaureserve-1554052013/,,"Region expansion 2026-10-08 (Marchfeld). Engelhartstetten EFH €379.000 / 93 m² / 3 rooms / plot 1041 m² / BJ 1956 / HWB  55.8 / Zentralheizung; Immo-Company Haas & Urban Immobilien GmbH. ~56 min drive (21st district) / ~110 min PT (8th district). adid 1554052013, first published 2026-09-04.",2026-10-08,active,2026-10-08,2026-10-10,,,,,,seen,makler,ISPRIVATE=0; Provision: 3% des Kaufpreises zzgl. 20% USt.,Immo-Company Haas & Urban Immobilien GmbH,4075.27,6.1,3.6,13265,4169,5685,13644,36763,415763,129.0,willhaben MONTHCOSTS_GROSS,unknown,,willhaben detail (condition/description),img/MF151.jpg,archive/MF151.html,2026-10-08,2026-10-08T10:36,22,Not recommended,"{""cost"":32.1,""pt"":0.0,""drive"":0.0,""living"":0.4,""garden"":10.0,""storage"":5,""room5"":0,""sauna"":0,""penalty"":-25}",False,Weak fit (22/100): Low overall cost (est. €456k–€501k incl. renovation); Large garden (est. ~985 m²); Long public-transport commute to the 8th district (110 min).,Low overall cost (est. €456k–€501k incl. renovation) | Large garden (est. ~985 m²) | Cellar mentioned,Long public-transport commute to the 8th district (110 min) | Long drive to the 21st district (56 min) | Only 3 rooms — fails the 4-room need | Small living area (93 m²),"Big plot: room for play area, garden shed or extension",40000,85000,455763,500763,181,"Est. ~€181/month: BK €129 (listing) + heating ~€52 (HWB 56, Gas). Estimate.",yes,985,2026-10-10,pre-1970 or HWB F/G: substantial renovation €450–900/m²
MF152,"EFH — Ruhiges, familienfreundliches Wohnen in Wiennähe! (Oberhausen)",over_budget,,EFH,Oberhausen,2301,Bezirk Gänserndorf / Groß-Enzersdorf,Marchfeld,519000,over budget (+€69k); price reduced on willhaben (was €549.000),109.06,500.0,3,2016,,67.0,Fußbodenheizung,Air-source heat pump,Luft-Wasser-Wärmepumpe · also Photovoltaik,True,True,Carport,False,False,False,Baujahr 2016; Keller,,,,,36,osrm_free_flow,59,vao_hafas_weekday_100000_best_of_7,48.190086,16.574886,listing_coords,https://www.willhaben.at/iad/immobilien/d/haus-kaufen/niederoesterreich/gaenserndorf/ruhiges-familienfreundliches-wohnen-in-wiennaehe-1687227401/,,"Region expansion 2026-10-08 (Marchfeld). Oberhausen EFH €519.000 / 109 m² / 3 rooms / plot 500 m² / BJ 2016 / HWB  67.0 / Fußbodenheizung; PlanetHome Immobilien Austria GmbH. ~36 min drive (21st district) / ~59 min PT (8th district). adid 1687227401, first published 2026-05-22.",2026-10-08,active,2026-10-08,2026-10-10,,,,,,seen,makler,"ISPRIVATE=0; Provision: 3,00 % zzgl. gesetzliche MwSt",PlanetHome Immobilien Austria GmbH,4758.85,6.1,3.6,18165,5709,7785,18684,50343,569343,,nicht angegeben (willhaben detail),unknown,,willhaben detail (condition/description),img/MF152.jpg,archive/MF152.html,2026-10-08,2026-10-08T10:36,22,Not recommended,"{""cost"":16.1,""pt"":13.9,""drive"":5.4,""living"":2.5,""garden"":6.7,""storage"":2,""room5"":0,""sauna"":0,""penalty"":-25}",False,Weak fit (22/100): Good public transport to the 8th district (59 min); Some storage (no cellar named); High overall cost (est. €569k–€584k incl. renovation).,Good public transport to the 8th district (59 min) | Some storage (no cellar named),High overall cost (est. €569k–€584k incl. renovation) | Only 3 rooms — fails the 4-room need,Negotiate on price; check BK and heating bills,0,15000,569343,584343,193,"Est. ~€193/month: BK €150 (assumed, not in listing) + heating ~€43 (HWB 67, Air-source heat pump). Estimate.",storage,434,2026-10-10,recent/efficient: €0–15k
MF153,Bungalow — Idyllisches Zuhause für Ruhesuchende in Gänserndorf - Süd (Gänserndorf),over_budget,,Bungalow,Gänserndorf,2230,Bezirk Gänserndorf / Gänserndorf,Marchfeld,468000,over budget (+€18k),118.0,767.0,3.5,1970,,106.2,Fußbodenheizung,Gas + Electric,Gaszentralheizung; Gasheizung; Elektroheizung; Infrarotheizung · also Photovoltaik; Solarheizung; PV,True,True,"Carport, Garage, Parkplatz",True,False,True,Baujahr 1970,,,,,35,osrm_free_flow,81,vao_hafas_weekday_100000_best_of_5,48.311268,16.698042,listing_coords,https://www.willhaben.at/iad/immobilien/d/haus-kaufen/niederoesterreich/gaenserndorf/idyllisches-zuhause-fuer-ruhesuchende-in-gaenserndorf-sued-2057101423/,,"Region expansion 2026-10-08 (Marchfeld). Gänserndorf Bungalow €468.000 / 118 m² / 3.5 rooms / plot 767 m² / BJ 1970 / HWB  106.2 / Fußbodenheizung; Conzeptio Immobilien GmbH. ~35 min drive (21st district) / ~81 min PT (8th district). adid 2057101423, first published 2026-09-22.",2026-10-08,active,2026-10-08,2026-10-10,,,,,,seen,makler,ISPRIVATE=0; Provision: 3% des Kaufpreises zzgl. 20% USt.,Conzeptio Immobilien GmbH,3966.1,6.1,3.6,16380,5148,7020,16848,45396,513396,,nicht angegeben (willhaben detail),unknown,,willhaben detail (condition/description),img/MF153.jpg,archive/MF153.html,2026-10-08,2026-10-08T10:36,21,Not recommended,"{""cost"":16.7,""pt"":7.9,""drive"":5.7,""living"":3.7,""garden"":10.0,""storage"":2,""room5"":0,""sauna"":0,""penalty"":-25}",False,Weak fit (21/100): Large garden (est. ~696 m²); Some storage (no cellar named); Only 3 rooms — fails the 4-room need.,Large garden (est. ~696 m²) | Some storage (no cellar named),Only 3 rooms — fails the 4-room need,"Big plot: room for play area, garden shed or extension",30000,70000,543396,583396,275,"Est. ~€275/month: BK €150 (assumed, not in listing) + heating ~€125 (HWB 106, Gas + Electric). Estimate.",storage,696,2026-10-10,1970–89 or HWB D/E: partial renovation €250–600/m²
MF154,"EFH — Großer Garten, Terrasse & altersgerechter Austattung: Charmantes 3-Zimmer-Haus in Strassho (Strasshof an der Nordbahn)",over_budget,,EFH,Strasshof an der Nordbahn,2231,Bezirk Gänserndorf / Strasshof an der Nordbahn,Marchfeld,465000,over budget (+€15k),83.6,900.0,3,1987,E,156.0,Zentralheizung,Gas,Gas-Zentralheizung; Gasheizung,True,False,,False,False,False,Baujahr 1987; Keller,,,,,32,osrm_free_flow,73,vao_hafas_weekday_100000_best_of_5,48.320137,16.649708,listing_coords,https://www.willhaben.at/iad/immobilien/d/haus-kaufen/niederoesterreich/gaenserndorf/grosser-garten-terrasse-altersgerechter-austattung-charmantes-3-zimmer-haus-in-strasshof-1021808691/,,"Region expansion 2026-10-08 (Marchfeld). Strasshof an der Nordbahn EFH €465.000 / 84 m² / 3 rooms / plot not stated / BJ 1987 / HWB E 156.0 / Zentralheizung; REMAX Eco. ~32 min drive (21st district) / ~73 min PT (8th district). adid 1021808691, first published 2026-09-01. Plot from the description.",2026-10-08,active,2026-10-08,2026-10-10,,,,,,seen,makler,"ISPRIVATE=0; Provision: 16.740,00 EUR inkl. 20% USt.",REMAX Eco,5562,6.1,3.6,16275,5115,6975,16740,45105,510105,41.66,willhaben MONTHCOSTS_GROSS,unknown,,willhaben detail (condition/description),img/MF154.jpg,archive/MF154.html,2026-10-08,2026-10-08T10:36,28,Not recommended,"{""cost"":21.6,""pt"":10.1,""drive"":6.6,""living"":0.0,""garden"":10.0,""storage"":5,""room5"":0,""sauna"":0,""penalty"":-25}",False,Weak fit (28/100): Large garden (est. ~849 m²); Cellar mentioned; Only 3 rooms — fails the 4-room need.,Large garden (est. ~849 m²) | Cellar mentioned,Only 3 rooms — fails the 4-room need | Small living area (84 m²),"Big plot: room for play area, garden shed or extension",20000,50000,530105,560105,172,"Est. ~€172/month: BK €42 (listing) + heating ~€130 (HWB 156, Gas). Estimate.",yes,849,2026-10-10,1970–89 or HWB D/E: partial renovation €250–600/m²
MF155,EFH — Hübsches Haus mit großem Garten (Gänserndorf),over_budget,,EFH,Gänserndorf,2230,Bezirk Gänserndorf / Gänserndorf,Marchfeld,480000,over budget (+€30k),82.0,730.0,3,1974,,151.0,Zentralheizung,Gas,Gasheizung,True,False,,False,False,False,Baujahr 1974,,,,,40,osrm_free_flow,71,vao_hafas_weekday_100000_best_of_5,48.339375,16.724085,listing_coords,https://www.willhaben.at/iad/immobilien/d/haus-kaufen/niederoesterreich/gaenserndorf/huebsches-haus-mit-grossem-garten-1594760720/,,"Region expansion 2026-10-08 (Marchfeld). Gänserndorf EFH €480.000 / 82 m² / 3 rooms / plot 730 m² / BJ 1974 / HWB  151.0 / Zentralheizung; PlanetHome Immobilien Austria GmbH. ~40 min drive (21st district) / ~71 min PT (8th district). adid 1594760720, first published 2026-08-07.",2026-10-08,active,2026-10-08,2026-10-10,,,,,,seen,makler,"ISPRIVATE=0; Provision: 3,00 % zzgl. gesetzliche MwSt",PlanetHome Immobilien Austria GmbH,5853.66,6.1,3.6,16800,5280,7200,17280,46560,526560,,nicht angegeben (willhaben detail),unknown,,willhaben detail (condition/description),img/MF155.jpg,archive/MF155.html,2026-10-08,2026-10-08T10:36,17,Not recommended,"{""cost"":17.0,""pt"":10.6,""drive"":4.3,""living"":0.0,""garden"":10.0,""storage"":0,""room5"":0,""sauna"":0,""penalty"":-25}",False,Weak fit (17/100): Large garden (est. ~680 m²); Only 3 rooms — fails the 4-room need.,Large garden (est. ~680 m²),Only 3 rooms — fails the 4-room need | Small living area (82 m²) | Cellar unknown,"Big plot: room for play area, garden shed or extension",20000,50000,546560,576560,274,"Est. ~€274/month: BK €150 (assumed, not in listing) + heating ~€124 (HWB 151, Gas). Estimate.",unknown,680,2026-10-10,1970–89 or HWB D/E: partial renovation €250–600/m²
S2W1,EFH — MISTELBACH MITTLERE SIEDLUNGSSTRASSE - BEZUG AB OKTOBER 2026 (Mistelbach),shortlist,,EFH,Mistelbach,2130,Bezirk Mistelbach / Mistelbach,S2 Wolkersdorf/Mistelbach,249000,price reduced on willhaben (was €259.000),130.0,777.0,4,,,,Zentralheizung,Wood,festen Brennstoffen,True,True,,True,False,False,Sehr gut/gut; Keller,,,,,37,osrm_free_flow,85,vao_hafas_weekday_100000_best_of_5,48.570126,16.573082,listing_coords,https://www.willhaben.at/iad/immobilien/d/haus-kaufen/niederoesterreich/mistelbach/mistelbach-mittlere-siedlungsstrasse-bezug-ab-oktober-2026-1174424205/,,"Region expansion 2026-10-08 (S2 Wolkersdorf/Mistelbach). Mistelbach EFH €249.000 / 130 m² / 4 rooms / plot 777 m² / Zentralheizung; Immobilien Schöfbeck KG. ~37 min drive (21st district) / ~85 min PT (8th district). adid 1174424205, first published 2026-04-10.",2026-10-08,active,2026-10-08,2026-10-10,,,,,,seen,makler,ISPRIVATE=0,Immobilien Schöfbeck KG,1915.38,6.1,3.6,8715,2739,3735,8964,24153,273153,,nicht angegeben (willhaben detail),unknown,Sehr gut/gut,willhaben detail (condition/description),img/S2W1.jpg,archive/S2W1.html,2026-10-08,2026-10-08T10:36,77,Highly recommended,"{""cost"":45.0,""pt"":6.8,""drive"":5.1,""living"":5.3,""garden"":10.0,""storage"":5,""room5"":0,""sauna"":0,""penalty"":0}",True,Top family fit (77/100): Low overall cost (est. €293k–€338k incl. renovation); 4 rooms: meets the parents/boys/girls need.,Low overall cost (est. €293k–€338k incl. renovation) | 4 rooms: meets the parents/boys/girls need | Large garden (est. ~699 m²) | Cellar mentioned,,"Big plot: room for play area, garden shed or extension | Cellar could take an office/hobby room",20000,65000,293153,338153,384,"Est. ~€384/month: BK €150 (assumed, not in listing) + heating ~€234 (HWB 180 assumed, Wood). Estimate.",yes,699,2026-10-10,condition unknown: €150–500/m²
S2W2,"EFH — Landidylle-Landhaus zu kaufen mit viel Potenzial, 2 Wohneinheiten in Wien Nähe (Ulrichskirchen)",shortlist,,EFH,Ulrichskirchen,2122,Bezirk Mistelbach / Ulrichskirchen-Schleinbach,S2 Wolkersdorf/Mistelbach,180000,,167.0,305.0,7,1966,,,Sonstige,Gas + Oil,Gasheizung; Ölkessel; Ölheizung,True,False,,False,False,False,Sanierungsbedürftig; Baujahr 1966; Keller,,,,,22,osrm_free_flow,68,vao_hafas_weekday_100000_best_of_5,48.397636,16.493063,listing_coords,https://www.willhaben.at/iad/immobilien/d/haus-kaufen/niederoesterreich/mistelbach/landidylle-landhaus-zu-kaufen-mit-viel-potenzial-2-wohneinheiten-in-wien-naehe-2142668481/,,"Region expansion 2026-10-08 (S2 Wolkersdorf/Mistelbach). Ulrichskirchen EFH €250.000 / 167 m² / 7 rooms / plot 305 m² / BJ 1966 / Sonstige; BC Immobilien Gmbh. ~22 min drive (21st district) / ~68 min PT (8th district). needs renovation. adid 2142668481, first published 2026-03-21. Two residential units in one house (works as one family home or with a granny flat).",2026-10-08,active,2026-10-08,2026-10-10,,,,,,seen,makler,ISPRIVATE=0; Provision: 3% zzgl. 20% USt.,BC Immobilien Gmbh,1077.84,6.1,3.6,6300,1980,2700,6480,17460,197460,,nicht angegeben (willhaben detail),sanierungsbedarf,Sanierungsbedürftig,willhaben detail (condition/description),img/S2W2.jpg,archive/S2W2.html,2026-10-08,2026-10-08T10:36,85,Highly recommended,"{""cost"":45.0,""pt"":11.5,""drive"":9.4,""living"":8.0,""garden"":2.1,""storage"":5,""room5"":4,""sauna"":0,""penalty"":0}",True,Top family fit (85/100): Low overall cost (est. €297k–€387k incl. renovation); Short drive to the 21st district (22 min); Oil heating: replacement expected.,Low overall cost (est. €297k–€387k incl. renovation) | Short drive to the 21st district (22 min) | 7 rooms: one spare for guests/office | Spacious (167 m² living) | Cellar mentioned,Oil heating: replacement expected,"Renovate to own taste; NÖ/federal renovation subsidies (e.g. Sanierungsbonus, heating replacement) may reduce cost",100000,190000,297460,387460,451,"Est. ~€451/month: BK €150 (assumed, not in listing) + heating ~€301 (HWB 180 assumed, Gas + Oil). Estimate.",yes,204,2026-10-10,"renovation needed: €500–1,000/m²; + €15–25k oil-heating replacement"
S2W3,EFH — Einfamilienhaus zum Renovieren (Bockfließ),shortlist,,EFH,Bockfließ,2213,Bezirk Mistelbach / Bockfließ,S2 Wolkersdorf/Mistelbach,250000,,160.0,,7,,,,Fernwärme,District heating,Fernwärme,True,True,Garage,True,False,False,Altbau,,,,,32,osrm_free_flow,87,vao_hafas_weekday_100000_best_of_6,48.365005,16.588404,listing_coords,https://www.willhaben.at/iad/immobilien/d/haus-kaufen/niederoesterreich/mistelbach/einfamilienhaus-zum-renovieren-935862430/,,"Region expansion 2026-10-08 (S2 Wolkersdorf/Mistelbach). Bockfließ EFH €250.000 / 160 m² / 7 rooms / plot not stated / Fernwärme; Makler. ~32 min drive (21st district) / ~87 min PT (8th district). room count read from the description. adid 935862430, first published 2026-09-18.",2026-10-08,active,2026-10-08,2026-10-10,,,,,,seen,makler,ISPRIVATE=0,,1562.5,6.1,3.6,8750,2750,3750,9000,24250,274250,,nicht angegeben (willhaben detail),unknown,,willhaben detail (condition/description),img/S2W3.jpg,archive/S2W3.html,2026-10-08,2026-10-08T10:36,73,Worth a look,"{""cost"":45.0,""pt"":6.3,""drive"":6.6,""living"":8.0,""garden"":1.0,""storage"":2,""room5"":4,""sauna"":0,""penalty"":0}",True,Possible fit (73/100): Low overall cost (est. €299k–€354k incl. renovation); 7 rooms: one spare for guests/office; Garden size unknown.,Low overall cost (est. €299k–€354k incl. renovation) | 7 rooms: one spare for guests/office | Spacious (160 m² living) | Some storage (no cellar named),Garden size unknown,Negotiate on price; check BK and heating bills,25000,80000,299250,354250,438,"Est. ~€438/month: BK €150 (assumed, not in listing) + heating ~€288 (HWB 180 assumed, District heating). Estimate.",storage,,2026-10-10,condition unknown: €150–500/m²
S2W4,"EFH — ""Traumhaftes Landhaus mit RIESIGEM Grundstück"" (Pellendorf)",shortlist,,EFH,Pellendorf,2191,Bezirk Mistelbach / Gaweinstal,S2 Wolkersdorf/Mistelbach,242000,,130.0,2290.0,5,1935,G,408.0,Zentralheizung,Gas,Zentralheizung mit Gas; Gasheizung,True,True,Garage,True,False,False,Baujahr 1935,,,,,30,osrm_free_flow,107,vao_hafas_weekday_100000_best_of_6,48.48728,16.549433,listing_coords,https://www.willhaben.at/iad/immobilien/d/haus-kaufen/niederoesterreich/mistelbach/-traumhaftes-landhaus-mit-riesigem-grundstueck-1600286894/,,"Region expansion 2026-10-08 (S2 Wolkersdorf/Mistelbach). Pellendorf EFH €242.000 / 130 m² / 5 rooms / plot 2290 m² / BJ 1935 / HWB G 408.0 / Zentralheizung; REMAX Donau-City-Immobilien. ~30 min drive (21st district) / ~107 min PT (8th district). adid 1600286894, first published 2026-09-23.",2026-10-08,active,2026-10-08,2026-10-10,,,,,,seen,makler,ISPRIVATE=0; Provision: 3% des Kaufpreises zzgl. 20% USt.,REMAX Donau-City-Immobilien,1861.54,6.1,3.6,8470,2662,3630,8712,23474,265474,,nicht angegeben (willhaben detail),unknown,,willhaben detail (condition/description),img/S2W4.jpg,archive/S2W4.html,2026-10-08,2026-10-08T10:36,72,Worth a look,"{""cost"":42.7,""pt"":0.8,""drive"":7.1,""living"":5.3,""garden"":10.0,""storage"":2,""room5"":4,""sauna"":0,""penalty"":0}",True,Possible fit (72/100): Low overall cost (est. €325k–€380k incl. renovation); Short drive to the 21st district (30 min); Long public-transport commute to the 8th district (107 min).,Low overall cost (est. €325k–€380k incl. renovation) | Short drive to the 21st district (30 min) | 5 rooms: one spare for guests/office | Large garden (est. ~2212 m²) | Some storage (no cellar named),Long public-transport commute to the 8th district (107 min),"Renovate to own taste; NÖ/federal renovation subsidies (e.g. Sanierungsbonus, heating replacement) may reduce cost | Big plot: room for play area, garden shed or extension",60000,115000,325474,380474,680,"Est. ~€680/month: BK €150 (assumed, not in listing) + heating ~€530 (HWB 408, Gas). Estimate.",storage,2212,2026-10-10,pre-1970 or HWB F/G: substantial renovation €450–900/m²
S2W5,EFH — Ein echtes Unikat - Wohnen mit Charakter und Geschichte! (Hornsburg),shortlist,,EFH,Hornsburg,2114,Bezirk Mistelbach / Kreuttal,S2 Wolkersdorf/Mistelbach,270000,,120.0,7072.0,4,1900,F,236.0,Sonstige,Wood,Kachelofen; Schwedenofen,True,True,,False,False,False,Altbau; Baujahr 1900,,,,,35,osrm_free_flow,89,vao_hafas_weekday_100000_best_of_5,48.468273,16.435507,listing_coords,https://www.willhaben.at/iad/immobilien/d/haus-kaufen/niederoesterreich/mistelbach/ein-echtes-unikat-wohnen-mit-charakter-und-geschichte-1392161650/,,"Region expansion 2026-10-08 (S2 Wolkersdorf/Mistelbach). Hornsburg EFH €270.000 / 120 m² / 4 rooms / plot 7072 m² / BJ 1900 / HWB F 236.0 / Sonstige; REMAX Best in Mistelbach Nuva GmbH. ~35 min drive (21st district) / ~89 min PT (8th district). adid 1392161650, first published 2026-05-21.",2026-10-08,active,2026-10-08,2026-10-10,,,,,,seen,makler,ISPRIVATE=0; Provision: 3% des Kaufpreises zzgl. 20% USt.,REMAX Best in Mistelbach Nuva GmbH,2250.0,6.1,3.6,9450,2970,4050,9720,26190,296190,,nicht angegeben (willhaben detail),unknown,,willhaben detail (condition/description),img/S2W5.jpg,archive/S2W5.html,2026-10-08,2026-10-08T10:36,71,Worth a look,"{""cost"":43.3,""pt"":5.7,""drive"":5.7,""living"":4.0,""garden"":10.0,""storage"":2,""room5"":0,""sauna"":0,""penalty"":0}",True,Possible fit (71/100): Low overall cost (est. €351k–€406k incl. renovation); 4 rooms: meets the parents/boys/girls need.,Low overall cost (est. €351k–€406k incl. renovation) | 4 rooms: meets the parents/boys/girls need | Large garden (est. ~7000 m²) | Some storage (no cellar named),,"Renovate to own taste; NÖ/federal renovation subsidies (e.g. Sanierungsbonus, heating replacement) may reduce cost | Big plot: room for play area, garden shed or extension",55000,110000,351190,406190,433,"Est. ~€433/month: BK €150 (assumed, not in listing) + heating ~€283 (HWB 236, Wood). Estimate.",storage,7000,2026-10-10,pre-1970 or HWB F/G: substantial renovation €450–900/m²
S2W6,EFH — Einfamilienhaus mit Nebengebäuden und Weinkeller (Niederkreuzstetten),shortlist,,EFH,Niederkreuzstetten,2124,Bezirk Mistelbach / Kreuzstetten,S2 Wolkersdorf/Mistelbach,269000,,101.0,539.0,4,1857,G,139.0,,Unknown,no heating system named in the listing text,,False,,False,False,False,Neubau; Baujahr 1857; Keller,,,,,35,osrm_free_flow,74,vao_hafas_weekday_100000_best_of_5,48.47888,16.478598,listing_coords,https://www.willhaben.at/iad/immobilien/d/haus-kaufen/niederoesterreich/mistelbach/einfamilienhaus-mit-nebengebaeuden-und-weinkeller-1764275982/,,"Region expansion 2026-10-08 (S2 Wolkersdorf/Mistelbach). Niederkreuzstetten EFH €269.000 / 101 m² / 4 rooms / plot 539 m² / BJ 1857 / HWB G 139.0; Immoexpress KG. ~35 min drive (21st district) / ~74 min PT (8th district). adid 1764275982, first published 2026-09-17.",2026-10-08,active,2026-10-08,2026-10-10,,,,,,seen,makler,ISPRIVATE=0; Provision: 3 % zzgl. 20% MwSt. vom Gesamtkaufpreis,Immoexpress KG,2663.37,6.1,3.6,9415,2959,4035,9684,26093,295093,,nicht angegeben (willhaben detail),unknown,,willhaben detail (condition/description),img/S2W6.jpg,archive/S2W6.html,2026-10-08,2026-10-08T10:36,70,Worth a look,"{""cost"":45.0,""pt"":9.8,""drive"":5.7,""living"":1.5,""garden"":7.6,""storage"":0,""room5"":0,""sauna"":0,""penalty"":0}",True,Possible fit (70/100): Low overall cost (est. €340k–€385k incl. renovation); 4 rooms: meets the parents/boys/girls need; No cellar.,Low overall cost (est. €340k–€385k incl. renovation) | 4 rooms: meets the parents/boys/girls need | Large garden (est. ~478 m²),No cellar,Negotiate on price; check BK and heating bills,45000,90000,340093,385093,290,"Est. ~€290/month: BK €150 (assumed, not in listing) + heating ~€140 (HWB 139, Unknown). Estimate.",no,478,2026-10-10,pre-1970 or HWB F/G: substantial renovation €450–900/m²
S2W7,EFH — Großzügig & Hell: Trockenes 70iger-Massivhaus/160 m² Wohnfläche (285cm hoch)/160 m² trocke (Gaweinstal),shortlist,,EFH,Gaweinstal,2191,Bezirk Mistelbach / Gaweinstal,S2 Wolkersdorf/Mistelbach,350000,price reduced on willhaben (was €390.000),160.0,568.0,6,1975,,285.6,"Zentralheizung, Radiatoren",Wood,Festbrennstoff,True,True,"Carport, Garage, Parkplatz",True,False,True,Sehr gut/gut; Neubau; Baujahr 1975; Keller,,,,,29,osrm_free_flow,84,vao_hafas_weekday_100000_best_of_5,48.47427,16.58979,listing_coords,https://www.willhaben.at/iad/immobilien/d/haus-kaufen/niederoesterreich/mistelbach/grosszuegig-hell-trockenes-70iger-massivhaus-160-m-wohnflaeche-285cm-hoch-160-m-trockener-keller-568-m-grund-1336041232/,,"Region expansion 2026-10-08 (S2 Wolkersdorf/Mistelbach). Gaweinstal EFH €350.000 / 160 m² / 6 rooms / plot 568 m² / BJ 1975 / HWB  285.6 / Zentralheizung, Radiatoren; private seller. ~29 min drive (21st district) / ~84 min PT (8th district). adid 1336041232, first published 2026-09-14.",2026-10-08,active,2026-10-08,2026-10-10,,,,,,seen,private,ISPRIVATE=1; Provision: Keine,,2187.5,6.1,0.0,12250,3850,5250,0,21350,371350,,nicht angegeben (willhaben detail),unknown,Sehr gut/gut,willhaben detail (condition/description),img/S2W7.jpg,archive/S2W7.html,2026-10-08,2026-10-08T10:36,69,Worth a look,"{""cost"":30.3,""pt"":7.1,""drive"":7.4,""living"":8.0,""garden"":7.4,""storage"":5,""room5"":4,""sauna"":0,""penalty"":0}",True,Possible fit (69/100): Low overall cost (est. €411k–€466k incl. renovation); Short drive to the 21st district (29 min).,Low overall cost (est. €411k–€466k incl. renovation) | Short drive to the 21st district (29 min) | 6 rooms: one spare for guests/office | Spacious (160 m² living) | Large garden (est. ~472 m²) | Cellar mentioned,,Private seller: no buyer commission,40000,95000,411350,466350,607,"Est. ~€607/month: BK €150 (assumed, not in listing) + heating ~€457 (HWB 286, Wood). Estimate.",yes,472,2026-10-10,1970–89 or HWB D/E: partial renovation €250–600/m²
S2W8,EFH — Gestalten SIE ihren LEBENSMITTELPUNKT (Gaweinstal),shortlist,,EFH,Gaweinstal,2191,Bezirk Mistelbach / Gaweinstal,S2 Wolkersdorf/Mistelbach,299000,,162.0,690.0,4,1969,,,,Unknown,no heating system named in the listing text,True,True,Garage,True,False,False,Sanierungsbedürftig; Altbau; Baujahr 1969; Keller,,,,,36,osrm_free_flow,82,vao_hafas_weekday_100000_best_of_7_from_town_centre (no stop within walking range of the listing pin),48.495113,16.59024,listing_coords,https://www.willhaben.at/iad/immobilien/d/haus-kaufen/niederoesterreich/mistelbach/gestalten-sie-ihren-lebensmittelpunkt-902234183/,,"Region expansion 2026-10-08 (S2 Wolkersdorf/Mistelbach). Gaweinstal EFH €299.000 / 162 m² / 4 rooms / plot 690 m² / BJ 1969; Reimer Immobilien GmbH. ~36 min drive (21st district) / ~82 min PT (8th district). needs renovation. adid 902234183, first published 2026-10-07.",2026-10-08,active,2026-10-08,2026-10-10,,,,,,seen,makler,ISPRIVATE=0; Provision: 3% des Kaufpreises zzgl. 20% USt.,Reimer Immobilien GmbH,1845.68,6.1,3.6,10465,3289,4485,10764,29003,328003,,nicht angegeben (willhaben detail),sanierungsbedarf,Sanierungsbedürftig,willhaben detail (condition/description),img/S2W8.jpg,archive/S2W8.html,2026-10-08,2026-10-08T10:36,68,Worth a look,"{""cost"":32.0,""pt"":7.6,""drive"":5.4,""living"":8.0,""garden"":9.8,""storage"":5,""room5"":0,""sauna"":0,""penalty"":0}",True,Possible fit (68/100): Low overall cost (est. €408k–€488k incl. renovation); 4 rooms: meets the parents/boys/girls need.,Low overall cost (est. €408k–€488k incl. renovation) | 4 rooms: meets the parents/boys/girls need | Spacious (162 m² living) | Large garden (est. ~592 m²) | Cellar mentioned,,"Renovate to own taste; NÖ/federal renovation subsidies (e.g. Sanierungsbonus, heating replacement) may reduce cost | Cellar could take an office/hobby room",80000,160000,408003,488003,442,"Est. ~€442/month: BK €150 (assumed, not in listing) + heating ~€292 (HWB 180 assumed, Unknown). Estimate.",yes,592,2026-10-10,"renovation needed: €500–1,000/m²"
S2W9,EFH — Einfamilienhaus mit Blick über die Dächer von Mistelbach (Mistelbach),shortlist,,EFH,Mistelbach,2130,Bezirk Mistelbach / Mistelbach,S2 Wolkersdorf/Mistelbach,299000,,210.0,216.0,6,,,,Fußbodenheizung,Gas,Gasheizung,True,False,,False,False,False,,,,,,37,osrm_free_flow,82,vao_hafas_weekday_100000_best_of_5,48.56572,16.567743,listing_coords,https://www.willhaben.at/iad/immobilien/d/haus-kaufen/niederoesterreich/mistelbach/einfamilienhaus-mit-blick-ueber-die-daecher-von-mistelbach-1370889666/,,"Region expansion 2026-10-08 (S2 Wolkersdorf/Mistelbach). Mistelbach EFH €299.000 / 210 m² / 6 rooms / plot 216 m² / Fußbodenheizung; IMMOcontract Immobilien Vermittlung GmbH. ~37 min drive (21st district) / ~82 min PT (8th district). adid 1370889666, first published 2026-02-02.",2026-10-08,active,2026-10-08,2026-10-10,,,,,,seen,private,ISPRIVATE=0; Provision: Provision bezahlt der Abgeber.; buyer-fee-free→private for fees,IMMOcontract Immobilien Vermittlung GmbH,1423.81,6.1,0.0,10465,3289,4485,0,18239,317239,,nicht angegeben (willhaben detail),unknown,,willhaben detail (condition/description),img/S2W9.jpg,archive/S2W9.html,2026-10-08,2026-10-08T10:36,67,Worth a look,"{""cost"":40.5,""pt"":7.6,""drive"":5.1,""living"":8.0,""garden"":0.0,""storage"":2,""room5"":4,""sauna"":0,""penalty"":0}",True,Possible fit (67/100): Low overall cost (est. €347k–€422k incl. renovation); 6 rooms: one spare for guests/office; Little garden (est. ~90 m²).,Low overall cost (est. €347k–€422k incl. renovation) | 6 rooms: one spare for guests/office | Spacious (210 m² living) | Some storage (no cellar named),Little garden (est. ~90 m²),Private seller: no buyer commission,30000,105000,347239,422239,528,"Est. ~€528/month: BK €150 (assumed, not in listing) + heating ~€378 (HWB 180 assumed, Gas). Estimate.",storage,90,2026-10-10,condition unknown: €150–500/m²
S2W10,EFH — Solides Einfamilienhaus mit Potential auf großem Grundstück (Gaweinstal),honourable,,EFH,Gaweinstal,2191,Bezirk Mistelbach / Gaweinstal,S2 Wolkersdorf/Mistelbach,198000,,105.0,728.0,,1960,G,312.4,Sonstige,Gas,Gasheizung,True,False,,False,False,False,Baujahr 1960,,,,,29,osrm_free_flow,82,vao_hafas_weekday_100000_best_of_6,48.47713,16.589529,listing_coords,https://www.willhaben.at/iad/immobilien/d/haus-kaufen/niederoesterreich/mistelbach/solides-einfamilienhaus-mit-potential-auf-grossem-grundstueck-1596263533/,,"Region expansion 2026-10-08 (S2 Wolkersdorf/Mistelbach). Gaweinstal EFH €198.000 / 105 m² / rooms not stated / plot 728 m² / BJ 1960 / HWB G 312.4 / Sonstige; REMAX Eco. ~29 min drive (21st district) / ~82 min PT (8th district). adid 1596263533, first published 2026-10-02.",2026-10-08,active,2026-10-08,2026-10-10,,,,,,seen,makler,ISPRIVATE=0; Provision: 3% des Kaufpreises zzgl. 20% USt.,REMAX Eco,1885.71,6.1,3.6,6930,2178,2970,7128,19206,217206,75.0,willhaben MONTHCOSTS_GROSS,unknown,,willhaben detail (condition/description),img/S2W10.jpg,archive/S2W10.html,2026-10-08,2026-10-08T10:36,66,Worth a look,"{""cost"":45.0,""pt"":7.6,""drive"":7.4,""living"":2.0,""garden"":10.0,""storage"":2,""room5"":0,""sauna"":0,""penalty"":-8}",,Possible fit (66/100): Low overall cost (est. €262k–€312k incl. renovation); Short drive to the 21st district (29 min); Room count unknown — check before viewing.,Low overall cost (est. €262k–€312k incl. renovation) | Short drive to the 21st district (29 min) | Large garden (est. ~665 m²) | Some storage (no cellar named),Room count unknown — check before viewing,"Big plot: room for play area, garden shed or extension",45000,95000,262206,312206,403,"Est. ~€403/month: BK €75 (listing) + heating ~€328 (HWB 312, Gas). Estimate.",storage,665,2026-10-10,pre-1970 or HWB F/G: substantial renovation €450–900/m²
S2W11,EFH — Einfamilienhaus in 2191 Schrick - Nähe Mistelbach (Schrick),shortlist,,EFH,Schrick,2191,Bezirk Mistelbach / Gaweinstal,S2 Wolkersdorf/Mistelbach,248000,,120.0,486.0,4,1950,f,248.3,Zentralheizung,Gas,Gasheizung,,False,,False,False,False,Baujahr 1950; Keller,,,,,31,osrm_free_flow,84,vao_hafas_weekday_100000_best_of_5,48.485916,16.591795,listing_coords,https://www.willhaben.at/iad/immobilien/d/haus-kaufen/niederoesterreich/mistelbach/einfamilienhaus-in-2191-schrick-naehe-mistelbach-1619555500/,,"Region expansion 2026-10-08 (S2 Wolkersdorf/Mistelbach). Schrick EFH €248.000 / 120 m² / 4 rooms / plot not stated / BJ 1950 / HWB f 248.3 / Zentralheizung; Raiffeisen Immobilien Vermittlung Ges.m.b.H.. ~31 min drive (21st district) / ~84 min PT (8th district). adid 1619555500, first published 2026-08-17. Plot from the description.",2026-10-08,active,2026-10-08,2026-10-10,,,,,,seen,makler,ISPRIVATE=0; Provision: 3% des Kaufpreises plus 20% USt.,Raiffeisen Immobilien Vermittlung Ges.m.b.H.,2067,6.1,3.6,8680,2728,3720,8928,24056,272056,198.0,willhaben MONTHCOSTS_GROSS,unknown,,willhaben detail (condition/description),img/S2W11.jpg,archive/S2W11.html,2026-10-08,2026-10-08T10:36,71,Worth a look,"{""cost"":45.0,""pt"":7.1,""drive"":6.9,""living"":4.0,""garden"":6.3,""storage"":2,""room5"":0,""sauna"":0,""penalty"":0}",True,Possible fit (71/100): Low overall cost (est. €327k–€382k incl. renovation); 4 rooms: meets the parents/boys/girls need.,Low overall cost (est. €327k–€382k incl. renovation) | 4 rooms: meets the parents/boys/girls need | Some storage (no cellar named),,"Renovate to own taste; NÖ/federal renovation subsidies (e.g. Sanierungsbonus, heating replacement) may reduce cost",55000,110000,327056,382056,496,"Est. ~€496/month: BK €198 (listing) + heating ~€298 (HWB 248, Gas). Estimate.",storage,414,2026-10-10,pre-1970 or HWB F/G: substantial renovation €450–900/m²
S2W12,EFH — Wo aus Wohnen Zuhause wird! (Großengersdorf),shortlist,,EFH,Großengersdorf,2212,Bezirk Mistelbach / Großengersdorf,S2 Wolkersdorf/Mistelbach,370000,price reduced on willhaben (was €375.000),100.0,618.0,4,1985,D,120.0,Zentralheizung,Gas,Gasheizung,True,True,Garage,True,False,False,Baujahr 1985; Keller,,,,,28,osrm_free_flow,84,vao_hafas_weekday_100000_best_of_5,48.34768,16.570602,listing_coords,https://www.willhaben.at/iad/immobilien/d/haus-kaufen/niederoesterreich/mistelbach/wo-aus-wohnen-zuhause-wird-1041197219/,,"Region expansion 2026-10-08 (S2 Wolkersdorf/Mistelbach). Großengersdorf EFH €370.000 / 100 m² / 4 rooms / plot 618 m² / BJ 1985 / HWB D 120.0 / Zentralheizung; REMAX Best in Mistelbach Nuva GmbH. ~28 min drive (21st district) / ~84 min PT (8th district). adid 1041197219, first published 2026-05-21.",2026-10-08,active,2026-10-08,2026-10-10,,,,,,seen,makler,ISPRIVATE=0; Provision: 3% des Kaufpreises zzgl. 20% USt.,REMAX Best in Mistelbach Nuva GmbH,3700.0,6.1,3.6,12950,4070,5550,13320,35890,405890,,nicht angegeben (willhaben detail),unknown,,willhaben detail (condition/description),img/S2W12.jpg,archive/S2W12.html,2026-10-08,2026-10-08T10:36,66,Worth a look,"{""cost"":35.2,""pt"":7.1,""drive"":7.7,""living"":1.3,""garden"":9.2,""storage"":5,""room5"":0,""sauna"":0,""penalty"":0}",True,Possible fit (66/100): Low overall cost (est. €431k–€466k incl. renovation); Short drive to the 21st district (28 min).,Low overall cost (est. €431k–€466k incl. renovation) | Short drive to the 21st district (28 min) | 4 rooms: meets the parents/boys/girls need | Large garden (est. ~558 m²) | Cellar mentioned,,Cellar could take an office/hobby room,25000,60000,430890,465890,270,"Est. ~€270/month: BK €150 (assumed, not in listing) + heating ~€120 (HWB 120, Gas). Estimate.",yes,558,2026-10-10,1970–89 or HWB D/E: partial renovation €250–600/m²
S2W13,DHH — PRIVAT: Idyllisches Haus in Bestlage (Mistelbach),honourable,,DHH,Mistelbach,2130,Bezirk Mistelbach / Mistelbach,S2 Wolkersdorf/Mistelbach,300000,,90.0,586.0,4,,G,287.0,"Zentralheizung, Gasheizung",Gas,Gasheizung,True,True,"Garage, Parkplatz",True,False,False,Sanierungsbedürftig; Keller,,,,,37,osrm_free_flow,85,vao_hafas_weekday_100000_best_of_5,48.570126,16.573082,listing_coords,https://www.willhaben.at/iad/immobilien/d/haus-kaufen/niederoesterreich/mistelbach/privat-idyllisches-haus-in-bestlage-1717948015/,,"Region expansion 2026-10-08 (S2 Wolkersdorf/Mistelbach). Mistelbach DHH €300.000 / 90 m² / 4 rooms / plot 586 m² / HWB G 287.0 / Zentralheizung, Gasheizung; private seller. ~37 min drive (21st district) / ~85 min PT (8th district). needs renovation. adid 1717948015, first published 2026-09-23.",2026-10-08,active,2026-10-08,2026-10-10,,,,,,seen,private,ISPRIVATE=1,,3333.33,6.1,0.0,10500,3300,4500,0,18300,318300,,nicht angegeben (willhaben detail),sanierungsbedarf,Sanierungsbedürftig,willhaben detail (condition/description),img/S2W13.jpg,archive/S2W13.html,2026-10-08,2026-10-08T10:36,64,Worth a look,"{""cost"":38.2,""pt"":6.8,""drive"":5.1,""living"":0.0,""garden"":8.6,""storage"":5,""room5"":0,""sauna"":0,""penalty"":0}",True,Possible fit (64/100): Low overall cost (est. €383k–€443k incl. renovation); 4 rooms: meets the parents/boys/girls need; Small living area (90 m²).,Low overall cost (est. €383k–€443k incl. renovation) | 4 rooms: meets the parents/boys/girls need | Large garden (est. ~532 m²) | Cellar mentioned,Small living area (90 m²),"Private seller: no buyer commission | Renovate to own taste; NÖ/federal renovation subsidies (e.g. Sanierungsbonus, heating replacement) may reduce cost | Cellar could take an office/hobby room",65000,125000,383300,443300,408,"Est. ~€408/month: BK €150 (assumed, not in listing) + heating ~€258 (HWB 287, Gas). Estimate.",yes,532,2026-10-10,"renovation needed, heavy (old/poor energy/complete): €700–1,400/m²"
S2W14,"EFH — 2122 Münichsthal bei Wolkersdorf, tolles Einfamilienhaus mit Riesengrundstück, Gewölbekell (Münichsthal)",honourable,,EFH,Münichsthal,2122,Bezirk Mistelbach / Wolkersdorf im Weinviertel,S2 Wolkersdorf/Mistelbach,449000,,154.0,3446.0,5,1984,D,142.0,Fußbodenheizung,Gas,Gasheizung,True,True,Garage,True,False,False,Sehr gut/gut; Neubau; Baujahr 1984; Keller,,,,,22,osrm_free_flow,71,vao_hafas_weekday_100000_best_of_5,48.38873,16.467503,listing_coords,https://www.willhaben.at/iad/immobilien/d/haus-kaufen/niederoesterreich/mistelbach/2122-muenichsthal-bei-wolkersdorf-tolles-einfamilienhaus-mit-riesengrundstueck-gewoelbekeller-und-holzstadel-1276069249/,,"Region expansion 2026-10-08 (S2 Wolkersdorf/Mistelbach). Münichsthal EFH €449.000 / 154 m² / 5 rooms / plot 3446 m² / BJ 1984 / HWB D 142.0 / Fußbodenheizung; Donau-Immobilien dieHausberater24 GmbH & Co KG. ~22 min drive (21st district) / ~71 min PT (8th district). adid 1276069249, first published 2026-07-10.",2026-10-08,active,2026-10-08,2026-10-10,,,,,,seen,makler,ISPRIVATE=0; Provision: 3% des Kaufpreises zzgl. 20% USt.,Donau-Immobilien dieHausberater24 GmbH & Co KG,2915.58,6.1,3.6,15715,4939,6735,16164,43553,492553,64.77,willhaben MONTHCOSTS_GROSS,unknown,Sehr gut/gut,willhaben detail (condition/description),img/S2W14.jpg,archive/S2W14.html,2026-10-08,2026-10-08T10:36,64,Worth a look,"{""cost"":17.4,""pt"":10.6,""drive"":9.4,""living"":8.0,""garden"":10.0,""storage"":5,""room5"":4,""sauna"":0,""penalty"":0}",True,Possible fit (64/100): Short drive to the 21st district (22 min); 5 rooms: one spare for guests/office.,Short drive to the 21st district (22 min) | 5 rooms: one spare for guests/office | Spacious (154 m² living) | Large garden (est. ~3353 m²) | Cellar mentioned,,"Big plot: room for play area, garden shed or extension",40000,90000,532553,582553,283,"Est. ~€283/month: BK €65 (listing) + heating ~€219 (HWB 142, Gas). Estimate.",yes,3353,2026-10-10,1970–89 or HWB D/E: partial renovation €250–600/m²
S2W15,DHH — Historische Doppelhaushälfte in begehrter Lage von Mistelbach - Nähe Landeskrankenhaus (Mistelbach),honourable,,DHH,Mistelbach,2130,Bezirk Mistelbach / Mistelbach,S2 Wolkersdorf/Mistelbach,294000,,121.0,370.0,4,1955,G,255.0,Zentralheizung,Gas,Gaszentralheizung,True,True,"Garage, Parkplatz",True,False,False,Sehr gut/gut; Altbau; Baujahr 1955; Keller,,,,,37,osrm_free_flow,87,vao_hafas_weekday_100000_best_of_7,48.56546,16.58151,listing_coords,https://www.willhaben.at/iad/immobilien/d/haus-kaufen/niederoesterreich/mistelbach/historische-doppelhaushaelfte-in-begehrter-lage-von-mistelbach-naehe-landeskrankenhaus-1919539892/,,"Region expansion 2026-10-08 (S2 Wolkersdorf/Mistelbach). Mistelbach DHH €294.000 / 121 m² / 4 rooms / plot 370 m² / BJ 1955 / HWB G 255.0 / Zentralheizung; Pregesbauer Immobilien KG. ~37 min drive (21st district) / ~87 min PT (8th district). adid 1919539892, first published 2026-09-08.",2026-10-08,active,2026-10-08,2026-10-10,,,,,,seen,makler,ISPRIVATE=0; Provision: 3% zuzügl. 20% MWSt.,Pregesbauer Immobilien KG,2429.75,6.1,3.6,10290,3234,4410,10584,28518,322518,,nicht angegeben (willhaben detail),unknown,Sehr gut/gut,willhaben detail (condition/description),img/S2W15.jpg,archive/S2W15.html,2026-10-08,2026-10-08T10:36,63,Worth a look,"{""cost"":38.6,""pt"":6.3,""drive"":5.1,""living"":4.1,""garden"":3.9,""storage"":5,""room5"":0,""sauna"":0,""penalty"":0}",True,Possible fit (63/100): Low overall cost (est. €378k–€433k incl. renovation); 4 rooms: meets the parents/boys/girls need.,Low overall cost (est. €378k–€433k incl. renovation) | 4 rooms: meets the parents/boys/girls need | Cellar mentioned,,"Renovate to own taste; NÖ/federal renovation subsidies (e.g. Sanierungsbonus, heating replacement) may reduce cost | Cellar could take an office/hobby room",55000,110000,377518,432518,459,"Est. ~€459/month: BK €150 (assumed, not in listing) + heating ~€309 (HWB 255, Gas). Estimate.",yes,297,2026-10-10,pre-1970 or HWB F/G: substantial renovation €450–900/m²
S2W16,EFH — Sonnige Ruhelage mit Gartenparadies in Mistelbach! (Mistelbach),honourable,,EFH,Mistelbach,2130,Bezirk Mistelbach / Mistelbach,S2 Wolkersdorf/Mistelbach,310000,,103.0,780.0,5,1952,G,319.0,Zentralheizung,Gas,Gas-Zentralheizung; Gasheizung,True,True,Garage,True,False,False,Baujahr 1952,,,,,45,osrm_free_flow,106,vao_hafas_weekday_100000_best_of_5,48.59653,16.576302,listing_coords,https://www.willhaben.at/iad/immobilien/d/haus-kaufen/niederoesterreich/mistelbach/sonnige-ruhelage-mit-gartenparadies-in-mistelbach-1061901179/,,"Region expansion 2026-10-08 (S2 Wolkersdorf/Mistelbach). Mistelbach EFH €310.000 / 103 m² / 5 rooms / plot 780 m² / BJ 1952 / HWB G 319.0 / Zentralheizung; REMAX Best in Mistelbach Nuva GmbH. ~45 min drive (21st district) / ~106 min PT (8th district). adid 1061901179, first published 2026-09-28.",2026-10-08,active,2026-10-08,2026-10-10,,,,,,seen,makler,ISPRIVATE=0; Provision: 3% des Kaufpreises zzgl. 20% USt.,REMAX Best in Mistelbach Nuva GmbH,3009.71,6.1,3.6,10850,3410,4650,11160,30070,340070,,nicht angegeben (willhaben detail),unknown,,willhaben detail (condition/description),img/S2W16.jpg,archive/S2W16.html,2026-10-08,2026-10-08T10:36,62,Worth a look,"{""cost"":37.4,""pt"":1.1,""drive"":2.9,""living"":1.7,""garden"":10.0,""storage"":5,""room5"":4,""sauna"":0,""penalty"":0}",True,Possible fit (62/100): Low overall cost (est. €385k–€435k incl. renovation); 5 rooms: one spare for guests/office; Long public-transport commute to the 8th district (106 min).,Low overall cost (est. €385k–€435k incl. renovation) | 5 rooms: one spare for guests/office | Large garden (est. ~718 m²) | Cellar mentioned,Long public-transport commute to the 8th district (106 min),"Big plot: room for play area, garden shed or extension",45000,95000,385070,435070,479,"Est. ~€479/month: BK €150 (assumed, not in listing) + heating ~€329 (HWB 319, Gas). Estimate.",yes,718,2026-10-10,pre-1970 or HWB F/G: substantial renovation €450–900/m²
S2W17,EFH — Kleines Haus- großer Grund- absolute Ruhelage am Waldrand in Mistelbach (Mistelbach),honourable,,EFH,Mistelbach,2130,Bezirk Mistelbach / Mistelbach,S2 Wolkersdorf/Mistelbach,299999,,90.0,970.0,5,1950,,,Sonstige,Gas,Gasheizung,True,True,"Garage, Parkplatz",True,False,False,Sanierungsbedürftig; Altbau; Baujahr 1950; Keller,,,,,41,osrm_free_flow,110,vao_hafas_weekday_100000_best_of_5_from_town_centre (no stop within walking range of the listing pin),48.591602,16.596334,listing_coords,https://www.willhaben.at/iad/immobilien/d/haus-kaufen/niederoesterreich/mistelbach/kleines-haus-grosser-grund-absolute-ruhelage-am-waldrand-in-mistelbach-1993197150/,,"Region expansion 2026-10-08 (S2 Wolkersdorf/Mistelbach). Mistelbach EFH €299.999 / 90 m² / 5 rooms / plot 970 m² / BJ 1950 / Sonstige; RED Real Estates Development Bauträger und Immobilien GmbH. ~41 min drive (21st district) / ~110 min PT (8th district). needs renovation. adid 1993197150, first published 2026-09-24.",2026-10-08,active,2026-10-08,2026-10-10,,,,,,seen,makler,ISPRIVATE=0; Provision: 3% des Kaufpreises zzgl. 20% USt.,RED Real Estates Development Bauträger und Immobilien GmbH,3333.32,6.1,3.6,10500,3300,4500,10800,29100,329099,,nicht angegeben (willhaben detail),sanierungsbedarf,Sanierungsbedürftig,willhaben detail (condition/description),img/S2W17.jpg,archive/S2W17.html,2026-10-08,2026-10-08T10:36,61,Worth a look,"{""cost"":38.3,""pt"":0.0,""drive"":4.0,""living"":0.0,""garden"":10.0,""storage"":5,""room5"":4,""sauna"":0,""penalty"":0}",True,Possible fit (61/100): Low overall cost (est. €394k–€454k incl. renovation); 5 rooms: one spare for guests/office; Long public-transport commute to the 8th district (110 min).,Low overall cost (est. €394k–€454k incl. renovation) | 5 rooms: one spare for guests/office | Large garden (est. ~916 m²) | Cellar mentioned,Long public-transport commute to the 8th district (110 min) | Small living area (90 m²),"Renovate to own taste; NÖ/federal renovation subsidies (e.g. Sanierungsbonus, heating replacement) may reduce cost | Big plot: room for play area, garden shed or extension",65000,125000,394099,454099,312,"Est. ~€312/month: BK €150 (assumed, not in listing) + heating ~€162 (HWB 180 assumed, Gas). Estimate.",yes,916,2026-10-10,"renovation needed, heavy (old/poor energy/complete): €700–1,400/m²"
S2W18,"EFH — Großzügiges 6-Zi-Haus in Lanzendorf, Terrasse, Garage, Solar, teilweise Fußbodenheizung (Lanzendorf)",honourable,,EFH,Lanzendorf,2130,Bezirk Mistelbach / Mistelbach,S2 Wolkersdorf/Mistelbach,390000,,160.2,802.0,6,1975,E,183.0,Fußbodenheizung,Gas,Gasheizung · also Solaranlage; Solarheizung,True,True,"Garage, Parkplatz",True,False,False,Sehr gut/gut; Neubau; Baujahr 1975; Keller,,,,,35,osrm_free_flow,95,vao_hafas_weekday_100000_best_of_7,48.55773,16.583838,listing_coords,https://www.willhaben.at/iad/immobilien/d/haus-kaufen/niederoesterreich/mistelbach/grosszuegiges-6-zi-haus-in-lanzendorf-terrasse-garage-solar-teilweise-fussbodenheizung-1058856668/,,"Region expansion 2026-10-08 (S2 Wolkersdorf/Mistelbach). Lanzendorf EFH €390.000 / 160 m² / 6 rooms / plot 802 m² / BJ 1975 / HWB E 183.0 / Fußbodenheizung; s REAL - Niederösterreich. ~35 min drive (21st district) / ~95 min PT (8th district). adid 1058856668, first published 2026-09-18.",2026-10-08,active,2026-10-08,2026-10-10,,,,,,seen,makler,ISPRIVATE=0; Provision: 3% des Kaufpreises zzgl. 20% USt.,s REAL - Niederösterreich,2434.46,6.1,3.6,13650,4290,5850,14040,37830,427830,,nicht angegeben (willhaben detail),unknown,Sehr gut/gut,willhaben detail (condition/description),img/S2W18.jpg,archive/S2W18.html,2026-10-08,2026-10-08T10:36,61,Worth a look,"{""cost"":24.3,""pt"":4.1,""drive"":5.7,""living"":8.0,""garden"":10.0,""storage"":5,""room5"":4,""sauna"":0,""penalty"":0}",True,Possible fit (61/100): 6 rooms: one spare for guests/office; Spacious (160 m² living); Long public-transport commute to the 8th district (95 min).,6 rooms: one spare for guests/office | Spacious (160 m² living) | Large garden (est. ~705 m²) | Cellar mentioned,Long public-transport commute to the 8th district (95 min),"Big plot: room for play area, garden shed or extension",40000,95000,467830,522830,443,"Est. ~€443/month: BK €150 (assumed, not in listing) + heating ~€293 (HWB 183, Gas). Estimate.",yes,705,2026-10-10,1970–89 or HWB D/E: partial renovation €250–600/m²
S2W19,"EFH — Verträumtes Bauernhaus neu adaptiert (2013) mit Toreinfahrt, Pool, Stadel und Schuppen (Herrnleis)",honourable,,EFH,Herrnleis,2126,Bezirk Mistelbach / Ladendorf,S2 Wolkersdorf/Mistelbach,450000,price reduced on willhaben (was €489.000),141.0,1969.0,5,1907,,,Fußbodenheizung,Air-source heat pump,Luftwärmepumpe · also Photovoltaik,True,True,Garage,True,False,True,Neuwertig; Altbau; Baujahr 1907,,,,,43,osrm_free_flow,97,vao_hafas_weekday_100000_best_of_6,48.522293,16.448727,listing_coords,https://www.willhaben.at/iad/immobilien/d/haus-kaufen/niederoesterreich/mistelbach/vertraeumtes-bauernhaus-neu-adaptiert-2013-mit-toreinfahrt-pool-stadel-und-schuppen-1620154441/,,"Region expansion 2026-10-08 (S2 Wolkersdorf/Mistelbach). Herrnleis EFH €450.000 / 141 m² / 5 rooms / plot 1969 m² / BJ 1907 / Fußbodenheizung; Reimer Immobilien GmbH. ~43 min drive (21st district) / ~97 min PT (8th district). adid 1620154441, first published 2026-03-19.",2026-10-08,active,2026-10-08,2026-10-10,,,,,,seen,makler,ISPRIVATE=0; Provision: 3% des Kaufpreises zzgl. 20% USt.,Reimer Immobilien GmbH,3191.49,6.1,3.6,15750,4950,6750,16200,43650,493650,,nicht angegeben (willhaben detail),schluesselfertig,Neuwertig,willhaben detail (condition/description),img/S2W19.jpg,archive/S2W19.html,2026-10-08,2026-10-08T10:36,59,Worth a look,"{""cost"":26.6,""pt"":3.5,""drive"":3.4,""living"":6.8,""garden"":10.0,""storage"":5,""room5"":4,""sauna"":0,""penalty"":0}",True,Possible fit (59/100): 5 rooms: one spare for guests/office; Spacious (141 m² living); Long public-transport commute to the 8th district (97 min).,5 rooms: one spare for guests/office | Spacious (141 m² living) | Large garden (est. ~1884 m²) | Cellar mentioned,Long public-transport commute to the 8th district (97 min),"Big plot: room for play area, garden shed or extension",0,10000,493650,503650,298,"Est. ~€298/month: BK €150 (assumed, not in listing) + heating ~€148 (HWB 180 assumed, Air-source heat pump). Estimate.",yes,1884,2026-10-10,turnkey: minor works only
S2W20,EFH — Einfamilienhaus auf großem Grundstück - nur ca.25 km von Wien (Wolfpassing an der Hochleithen),honourable,,EFH,Wolfpassing an der Hochleithen,2123,Bezirk Mistelbach / Hochleithen,S2 Wolkersdorf/Mistelbach,359000,,125.0,1841.0,4,,F,433.0,,Unknown,no heating system named in the listing text,True,True,"Garage, Parkplatz",True,False,False,,,,,,26,osrm_free_flow,81,vao_hafas_weekday_100000_best_of_5,48.45218,16.53033,listing_coords,https://www.willhaben.at/iad/immobilien/d/haus-kaufen/niederoesterreich/mistelbach/einfamilienhaus-auf-grossem-grundstueck-nur-ca-25-km-von-wien-1159369823/,,"Region expansion 2026-10-08 (S2 Wolkersdorf/Mistelbach). Wolfpassing an der Hochleithen EFH €359.000 / 125 m² / 4 rooms / plot 1841 m² / HWB F 433.0; Koprax-Berner-Immobilien GmbH. ~26 min drive (21st district) / ~81 min PT (8th district). adid 1159369823, first published 2026-06-03.",2026-10-08,active,2026-10-08,2026-10-10,,,,,,seen,makler,"ISPRIVATE=0; Provision: 3,00 % zzgl. gesetzliche MwSt",Koprax-Berner-Immobilien GmbH,2872.0,6.1,3.6,12565,3949,5385,12924,34823,393823,,nicht angegeben (willhaben detail),unknown,,willhaben detail (condition/description),img/S2W20.jpg,archive/S2W20.html,2026-10-08,2026-10-08T10:36,58,Worth a look,"{""cost"":22.6,""pt"":7.9,""drive"":8.3,""living"":4.7,""garden"":10.0,""storage"":5,""room5"":0,""sauna"":0,""penalty"":0}",True,Possible fit (58/100): Short drive to the 21st district (26 min); 4 rooms: meets the parents/boys/girls need.,Short drive to the 21st district (26 min) | 4 rooms: meets the parents/boys/girls need | Large garden (est. ~1766 m²) | Cellar mentioned,,"Renovate to own taste; NÖ/federal renovation subsidies (e.g. Sanierungsbonus, heating replacement) may reduce cost | Big plot: room for play area, garden shed or extension | Cellar could take an office/hobby room",55000,110000,448823,503823,691,"Est. ~€691/month: BK €150 (assumed, not in listing) + heating ~€541 (HWB 433, Unknown). Estimate.",yes,1766,2026-10-10,pre-1970 or HWB F/G: substantial renovation €450–900/m²
S2W21,RH — Reihenhaus mit Dachterrasse (Pillichsdorf),honourable,,RH,Pillichsdorf,2211,Bezirk Mistelbach / Pillichsdorf,S2 Wolkersdorf/Mistelbach,399000,,107.52,290.0,4,2009,A,25.0,,Pellets,Pellets · also Photovoltaik,True,True,Parkplatz,False,False,False,Sehr gut/gut; Neubau; Baujahr 2009; Keller,,,,,21,osrm_free_flow,67,vao_hafas_weekday_100000_best_of_5,48.363647,16.538424,listing_coords,https://www.willhaben.at/iad/immobilien/d/haus-kaufen/niederoesterreich/mistelbach/reihenhaus-mit-dachterrasse-1157906630/,,"Region expansion 2026-10-08 (S2 Wolkersdorf/Mistelbach). Pillichsdorf RH €399.000 / 108 m² / 4 rooms / plot 290 m² / BJ 2009 / HWB A 25.0; ImmoDienst Immobilienservice GmbH. ~21 min drive (21st district) / ~67 min PT (8th district). adid 1157906630, first published 2026-06-03.",2026-10-08,active,2026-10-08,2026-10-10,,,,,,seen,makler,"ISPRIVATE=0; Provision: 3,00 % zzgl. gesetzliche MwSt",ImmoDienst Immobilienservice GmbH,3710.94,6.1,3.6,13965,4389,5985,14364,38703,437703,372.26,willhaben MONTHCOSTS_GROSS,unknown,Sehr gut/gut,willhaben detail (condition/description),img/S2W21.jpg,archive/S2W21.html,2026-10-08,2026-10-08T10:36,58,Worth a look,"{""cost"":31.6,""pt"":11.7,""drive"":9.7,""living"":2.3,""garden"":2.5,""storage"":0,""room5"":0,""sauna"":0,""penalty"":0}",True,Possible fit (58/100): Low overall cost (est. €448k–€463k incl. renovation); Short drive to the 21st district (21 min); No cellar.,Low overall cost (est. €448k–€463k incl. renovation) | Short drive to the 21st district (21 min) | 4 rooms: meets the parents/boys/girls need,No cellar,Negotiate on price; check BK and heating bills,10000,25000,447703,462703,399,"Est. ~€399/month: BK €372 (listing) + heating ~€27 (HWB 25, Pellets). Estimate.",no,225,2026-10-10,1990–2009 or HWB C: refresh €80–250/m²
S2W22,"EFH — OPEN HOUSE! Großzügiges Einfamilienhaus mit Zubau, großem Garten und Bauland (Siebenhirten)",honourable,,EFH,Siebenhirten,2130,Bezirk Mistelbach / Mistelbach,S2 Wolkersdorf/Mistelbach,279000,,230.0,2431.0,6,,F,203.7,Zentralheizung,Gas + Wood,Gasheizung; Heizungsart: HOLZ,True,True,Garage,True,False,False,Keller,,,,,44,osrm_free_flow,109,vao_hafas_weekday_100000_best_of_5,48.61159,16.524883,listing_coords,https://www.willhaben.at/iad/immobilien/d/haus-kaufen/niederoesterreich/mistelbach/open-house-grosszuegiges-einfamilienhaus-mit-zubau-grossem-garten-und-bauland-1138551638/,,"Region expansion 2026-10-08 (S2 Wolkersdorf/Mistelbach). Siebenhirten EFH €279.000 / 230 m² / 6 rooms / plot 2431 m² / HWB F 203.7 / Zentralheizung; REMAX Best in Mistelbach Nuva GmbH. ~44 min drive (21st district) / ~109 min PT (8th district). adid 1138551638, first published 2026-09-10. Two residential units in one house (works as one family home or with a granny flat).",2026-10-08,active,2026-10-08,2026-10-10,,,,,,seen,makler,ISPRIVATE=0; Provision: 3% des Kaufpreises zzgl. 20% USt.,REMAX Best in Mistelbach Nuva GmbH,1213.04,6.1,3.6,9765,3069,4185,10044,27063,306063,,nicht angegeben (willhaben detail),unknown,,willhaben detail (condition/description),img/S2W22.jpg,archive/S2W22.html,2026-10-08,2026-10-08T10:36,57,Worth a look,"{""cost"":26.5,""pt"":0.3,""drive"":3.1,""living"":8.0,""garden"":10.0,""storage"":5,""room5"":4,""sauna"":0,""penalty"":0}",True,Possible fit (57/100): 6 rooms: one spare for guests/office; Spacious (230 m² living); Long public-transport commute to the 8th district (109 min).,6 rooms: one spare for guests/office | Spacious (230 m² living) | Large garden (est. ~2293 m²) | Cellar mentioned,Long public-transport commute to the 8th district (109 min),"Renovate to own taste; NÖ/federal renovation subsidies (e.g. Sanierungsbonus, heating replacement) may reduce cost | Big plot: room for play area, garden shed or extension",105000,205000,411063,511063,619,"Est. ~€619/month: BK €150 (assumed, not in listing) + heating ~€469 (HWB 204, Gas + Wood). Estimate.",yes,2293,2026-10-10,pre-1970 or HWB F/G: substantial renovation €450–900/m²
S2W23,"DHH — Neue Doppelhaushälfte in Ebendorf, belagsfertig - Wohnküche und 3 Schlafzimmer, Garten, Te (Ebendorf)",honourable,,DHH,Ebendorf,2130,Bezirk Mistelbach / Mistelbach,S2 Wolkersdorf/Mistelbach,207700,"project: 3 units listed, €229k, €498k for the others",97.01,,4,,B,39.0,Fußbodenheizung,Air-source heat pump,Luftwärmepumpe,True,True,,False,False,False,Erstbezug; Neubau,,,,,35,osrm_free_flow,105,vao_hafas_weekday_100000_best_of_5,48.55216,16.602848,listing_coords,https://www.willhaben.at/iad/immobilien/d/haus-kaufen/niederoesterreich/mistelbach/neue-doppelhaushaelfte-in-ebendorf-belagsfertig-wohnkueche-und-3-schlafzimmer-garten-terrasse-erstbezug-naehe-zum-landesklinikum-mistelbach-994182261/,,"Region expansion 2026-10-08 (S2 Wolkersdorf/Mistelbach). Ebendorf DHH €207.700 / 97 m² / 4 rooms / plot not stated / HWB B 39.0 / Fußbodenheizung; VALENA Immobilien GmbH Dr. Barbara Borns, MBA. ~35 min drive (21st district) / ~105 min PT (8th district). handed over belagsfertig; other units: 1224407936 €229k, 1124846849 €498k. adid 994182261, first published 2026-08-19.",2026-10-08,active,2026-10-08,2026-10-10,,,,,,seen,makler,ISPRIVATE=0; Provision: 3% des Kaufpreises zzgl. 20% USt.,"VALENA Immobilien GmbH Dr. Barbara Borns, MBA",2141.02,6.1,3.6,7270,2285,3116,7477,20148,227848,,nicht angegeben (willhaben detail),belagsfertig,Erstbezug,willhaben detail (condition/description),img/S2W23.jpg,archive/S2W23.html,2026-10-08,2026-10-08T10:36,56,Worth a look,"{""cost"":45.0,""pt"":1.4,""drive"":5.7,""living"":0.9,""garden"":1.0,""storage"":2,""room5"":0,""sauna"":0,""penalty"":0}",True,Possible fit (56/100): Low overall cost (est. €253k–€273k incl. renovation); 4 rooms: meets the parents/boys/girls need; Long public-transport commute to the 8th district (105 min).,Low overall cost (est. €253k–€273k incl. renovation) | 4 rooms: meets the parents/boys/girls need | Some storage (no cellar named),Long public-transport commute to the 8th district (105 min) | Small living area (97 m²) | Garden size unknown,Choose own floors/finishes,25000,45000,252848,272848,172,"Est. ~€172/month: BK €150 (assumed, not in listing) + heating ~€22 (HWB 39, Air-source heat pump). Estimate.",storage,,2026-10-10,"belagsfertig: floors, doors, painting, fittings at €250–450/m²"
S2W24,EFH — Individuell und modern - so will ich wohnen! (Bogenneusiedl),over_budget,,EFH,Bogenneusiedl,2125,Bezirk Mistelbach / Hochleithen,S2 Wolkersdorf/Mistelbach,469000,"over budget (+€19k); project: 3 units listed, €469k, €469k for the others",126.0,565.0,4,2025,A,23.6,Erdwärme,Air-source heat pump + Geothermal,Luftwärmepumpe; Erdwärme,True,True,Parkplatz,False,False,True,Erstbezug; Neubau; Baujahr 2025; Keller,,,,,29,osrm_free_flow,90,vao_hafas_weekday_100000_best_of_5,48.468983,16.525925,listing_coords,https://www.willhaben.at/iad/immobilien/d/haus-kaufen/niederoesterreich/mistelbach/individuell-und-modern-so-will-ich-wohnen-1716567399/,,"Region expansion 2026-10-08 (S2 Wolkersdorf/Mistelbach). Bogenneusiedl EFH €469.000 / 126 m² / 4 rooms / plot 565 m² / BJ 2025 / HWB A 23.6 / Erdwärme; Hönigschnabel Immobilien GmbH. ~29 min drive (21st district) / ~90 min PT (8th district). other units: 1918522529 €469k, 901292008 €469k. adid 1716567399, first published 2026-03-06.",2026-10-08,active,2026-10-08,2026-10-10,,,,,,seen,makler,ISPRIVATE=0,Hönigschnabel Immobilien GmbH,3722.22,6.1,3.6,16415,5159,7035,16884,45493,514493,,nicht angegeben (willhaben detail),schluesselfertig,Erstbezug,willhaben detail (condition/description),img/S2W24.jpg,archive/S2W24.html,2026-10-08,2026-10-08T10:36,56,Worth a look,"{""cost"":25.8,""pt"":5.5,""drive"":7.4,""living"":4.8,""garden"":7.8,""storage"":5,""room5"":0,""sauna"":0,""penalty"":0}",True,Possible fit (56/100): Short drive to the 21st district (29 min); 4 rooms: meets the parents/boys/girls need.,Short drive to the 21st district (29 min) | 4 rooms: meets the parents/boys/girls need | Large garden (est. ~489 m²) | Cellar mentioned,,Cellar could take an office/hobby room,0,10000,514493,524493,167,"Est. ~€167/month: BK €150 (assumed, not in listing) + heating ~€17 (HWB 24, Air-source heat pump + Geothermal). Estimate.",yes,489,2026-10-10,turnkey: minor works only
S2W25,DHH — Ein Haus mit Wellness Pur Speckgürtel von Wien (Riedenthal),over_budget,,DHH,Riedenthal,2122,Bezirk Mistelbach / Wolkersdorf im Weinviertel,S2 Wolkersdorf/Mistelbach,499000,over budget (+€49k),175.0,1670.0,7,1970,C,80.5,Zentralheizung,Gas + Wood,Gasheizung; Heizungsart: HOLZ,True,True,"Carport, Garage, Parkplatz",True,False,True,Renoviert; Baujahr 1970; Keller,,,,,23,osrm_free_flow,71,vao_hafas_weekday_100000_best_of_5,48.410927,16.507174,listing_coords,https://www.willhaben.at/iad/immobilien/d/haus-kaufen/niederoesterreich/mistelbach/ein-haus-mit-wellness-pur-speckguertel-von-wien-1064022652/,,"Region expansion 2026-10-08 (S2 Wolkersdorf/Mistelbach). Riedenthal DHH €499.000 / 175 m² / 7 rooms / plot 1670 m² / BJ 1970 / HWB C 80.5 / Zentralheizung; IMMOcontract Immobilien Vermittlung GmbH. ~23 min drive (21st district) / ~71 min PT (8th district). adid 1064022652, first published 2026-05-13.",2026-10-08,active,2026-10-08,2026-10-10,,,,,,seen,makler,"ISPRIVATE=0; Provision: 17.964,00 EUR inkl. 20% USt.",IMMOcontract Immobilien Vermittlung GmbH,2851.43,6.1,3.6,17465,5489,7485,17964,48403,547403,66.0,willhaben MONTHCOSTS_GROSS,unknown,Renoviert,willhaben detail (condition/description),img/S2W25.jpg,archive/S2W25.html,2026-10-08,2026-10-08T10:36,55,Worth a look,"{""cost"":8.5,""pt"":10.6,""drive"":9.1,""living"":8.0,""garden"":10.0,""storage"":5,""room5"":4,""sauna"":0,""penalty"":0}",True,Possible fit (55/100): Short drive to the 21st district (23 min); 7 rooms: one spare for guests/office; High overall cost (est. €592k–€652k incl. renovation).,Short drive to the 21st district (23 min) | 7 rooms: one spare for guests/office | Spacious (175 m² living) | Large garden (est. ~1565 m²) | Cellar mentioned,High overall cost (est. €592k–€652k incl. renovation),"Big plot: room for play area, garden shed or extension",45000,105000,592403,652403,207,"Est. ~€207/month: BK €66 (listing) + heating ~€141 (HWB 80, Gas + Wood). Estimate.",yes,1565,2026-10-10,1970–89 or HWB D/E: partial renovation €250–600/m²
S2W26,EFH — FAMILIEN HAUS in MISTELBACH (Mistelbach),honourable,,EFH,Mistelbach,2130,Bezirk Mistelbach / Mistelbach,S2 Wolkersdorf/Mistelbach,415000,,122.0,736.0,5,1950,C,79.5,Zentralheizung,Pellets,Pellets; Pelletheizung · also Photovoltaik,True,False,,False,False,False,Neubau; Baujahr 1950; Keller,,,,,37,osrm_free_flow,98,vao_hafas_weekday_100000_best_of_5,48.56721,16.59346,listing_coords,https://www.willhaben.at/iad/immobilien/d/haus-kaufen/niederoesterreich/mistelbach/familien-haus-in-mistelbach-1376719645/,https://www.willhaben.at/iad/immobilien/d/haus-kaufen/niederoesterreich/mistelbach/familien-haus-in-mistelbach-862604027/,"Region expansion 2026-10-08 (S2 Wolkersdorf/Mistelbach). Mistelbach EFH €415.000 / 122 m² / 5 rooms / plot 736 m² / BJ 1950 / HWB C 79.5 / Zentralheizung; REMAX Aktiv. ~37 min drive (21st district) / ~98 min PT (8th district). adid 862604027, first published 2026-08-23. Republished 2026-10-09 under willhaben adid 1376719645.",2026-10-08,active,2026-10-08,2026-10-10,,,,,,seen,makler,ISPRIVATE=0; Provision: 3% des Kaufpreises zzgl. 20% USt.,REMAX Aktiv,3401.64,6.1,3.6,14525,4565,6225,14940,40255,455255,,nicht angegeben (willhaben detail),unknown,,willhaben detail (condition/description),img/S2W26.jpg,archive/S2W26.html,2026-10-08,2026-10-08T10:36,53,Not recommended,"{""cost"":21.3,""pt"":3.3,""drive"":5.1,""living"":4.3,""garden"":10.0,""storage"":5,""room5"":4,""sauna"":0,""penalty"":0}",True,Weak fit (53/100): 5 rooms: one spare for guests/office; Large garden (est. ~662 m²); Long public-transport commute to the 8th district (98 min).,5 rooms: one spare for guests/office | Large garden (est. ~662 m²) | Cellar mentioned,Long public-transport commute to the 8th district (98 min),"Renovate to own taste; NÖ/federal renovation subsidies (e.g. Sanierungsbonus, heating replacement) may reduce cost | Big plot: room for play area, garden shed or extension",55000,110000,510255,565255,247,"Est. ~€247/month: BK €150 (assumed, not in listing) + heating ~€97 (HWB 80, Pellets). Estimate.",yes,662,2026-10-10,pre-1970 or HWB F/G: substantial renovation €450–900/m²
S2W27,EFH — CHARMANT MIT INNENHOF & BALKON ? SOFORT BEZIEHBAR! (Gaweinstal),honourable,,EFH,Gaweinstal,2191,Bezirk Mistelbach / Gaweinstal,S2 Wolkersdorf/Mistelbach,299000,,,,,,,,,Gas,Gasheizung,,False,,False,False,False,,,,,,31,osrm_free_flow,84,vao_hafas_weekday_100000_best_of_5,48.485916,16.591795,listing_coords,https://www.willhaben.at/iad/immobilien/d/haus-kaufen/niederoesterreich/mistelbach/charmant-mit-innenhof-balkon-sofort-beziehbar-1321216350/,,"Region expansion 2026-10-08 (S2 Wolkersdorf/Mistelbach). Gaweinstal EFH €299.000 / living area not stated / rooms not stated / plot not stated; Betterhomes Real GmbH. ~31 min drive (21st district) / ~84 min PT (8th district). adid 1321216350, first published 2026-01-01.",2026-10-08,active,2026-10-08,2026-10-10,,,,,,seen,makler,ISPRIVATE=0; Provision: 3 %,Betterhomes Real GmbH,,6.1,3.6,10465,3289,4485,10764,29003,328003,,nicht angegeben (willhaben detail),unknown,,willhaben detail (condition/description),img/S2W27.jpg,archive/S2W27.html,2026-10-08,2026-10-08T10:36,52,Not recommended,"{""cost"":45.0,""pt"":7.1,""drive"":6.9,""living"":0.0,""garden"":1.0,""storage"":0,""room5"":0,""sauna"":0,""penalty"":-8}",,Weak fit (52/100): Low overall cost (est. €348k–€388k incl. renovation); Room count unknown — check before viewing.,Low overall cost (est. €348k–€388k incl. renovation),Room count unknown — check before viewing | Living area unknown | Garden size unknown | Cellar unknown,Negotiate on price; check BK and heating bills,20000,60000,348003,388003,366,"Est. ~€366/month: BK €150 (assumed, not in listing) + heating ~€216 (HWB 180 assumed, Gas). Estimate.",unknown,,2026-10-10,condition unknown: €150–500/m²
S2W28,EFH — Dein nächstes Kapitel beginnt hier: 5 Zimmer Haus in Traunfeld - 458.000 EUR (Traunfeld),over_budget,,EFH,Traunfeld,2123,Bezirk Mistelbach / Hochleithen,S2 Wolkersdorf/Mistelbach,458000,over budget (+€8k),160.0,797.0,5,1981,D,126.8,Zentralheizung,Gas,Gaszentralheizung; Gasheizung,True,True,Garage,True,False,False,Sehr gut/gut; Neubau; Baujahr 1981; Keller,,,,,33,osrm_free_flow,98,vao_hafas_weekday_100000_best_of_5,48.44443,16.537754,listing_coords,https://www.willhaben.at/iad/immobilien/d/haus-kaufen/niederoesterreich/mistelbach/dein-naechstes-kapitel-beginnt-hier-5-zimmer-haus-in-traunfeld-458-000-eur-1740668118/,,"Region expansion 2026-10-08 (S2 Wolkersdorf/Mistelbach). Traunfeld EFH €458.000 / 160 m² / 5 rooms / plot 797 m² / BJ 1981 / HWB D 126.8 / Zentralheizung; JA MAKLEREI GmbH. ~33 min drive (21st district) / ~98 min PT (8th district). adid 1740668118, first published 2025-06-20.",2026-10-08,active,2026-10-08,2026-10-10,,,,,,seen,makler,ISPRIVATE=0; Provision: 3% des Kaufpreises zzgl. 20% USt.,JA MAKLEREI GmbH,2862.5,6.1,3.6,16030,5038,6870,16488,44426,502426,80.0,willhaben MONTHCOSTS_GROSS,unknown,Sehr gut/gut,willhaben detail (condition/description),img/S2W28.jpg,archive/S2W28.html,2026-10-08,2026-10-08T10:36,52,Not recommended,"{""cost"":15.4,""pt"":3.3,""drive"":6.3,""living"":8.0,""garden"":10.0,""storage"":5,""room5"":4,""sauna"":0,""penalty"":0}",True,Weak fit (52/100): 5 rooms: one spare for guests/office; Spacious (160 m² living); Long public-transport commute to the 8th district (98 min).,5 rooms: one spare for guests/office | Spacious (160 m² living) | Large garden (est. ~701 m²) | Cellar mentioned,Long public-transport commute to the 8th district (98 min),"Big plot: room for play area, garden shed or extension",40000,95000,542426,597426,283,"Est. ~€283/month: BK €80 (listing) + heating ~€203 (HWB 127, Gas). Estimate.",yes,701,2026-10-10,1970–89 or HWB D/E: partial renovation €250–600/m²
S2W29,EFH — 2191 Schrick Tolles und durchdachtes Einfamilienhaus mit großem Garten und Pool (Schrick),over_budget,,EFH,Schrick,2191,Bezirk Mistelbach / Gaweinstal,S2 Wolkersdorf/Mistelbach,485000,over budget (+€35k); price reduced on willhaben (was €549.000),99.38,916.0,4,2002,C,101.4,Zentralheizung,Air-source heat pump + Gas,Luftwärmepumpe; Gasetagenheizung · also PV,True,True,"Garage, Parkplatz",True,False,True,Sehr gut/gut; Neubau; Baujahr 2002; Keller,,,,,30,osrm_free_flow,84,vao_hafas_weekday_100000_best_of_5,48.515717,16.624947,listing_coords,https://www.willhaben.at/iad/immobilien/d/haus-kaufen/niederoesterreich/mistelbach/2191-schrick-tolles-und-durchdachtes-einfamilienhaus-mit-grossem-garten-und-pool-1415157035/,,"Region expansion 2026-10-08 (S2 Wolkersdorf/Mistelbach). Schrick EFH €485.000 / 99 m² / 4 rooms / plot 916 m² / BJ 2002 / HWB C 101.4 / Zentralheizung; Donau-Immobilien dieHausberater24 GmbH & Co KG. ~30 min drive (21st district) / ~84 min PT (8th district). adid 1415157035, first published 2025-10-28.",2026-10-08,active,2026-10-08,2026-10-10,,,,,,seen,makler,ISPRIVATE=0; Provision: 3% des Kaufpreises zzgl. 20% USt.,Donau-Immobilien dieHausberater24 GmbH & Co KG,4880.26,6.1,3.6,16975,5335,7275,17460,47045,532045,58.37,willhaben MONTHCOSTS_GROSS,unknown,Sehr gut/gut,willhaben detail (condition/description),img/S2W29.jpg,archive/S2W29.html,2026-10-08,2026-10-08T10:36,52,Not recommended,"{""cost"":21.9,""pt"":7.1,""drive"":7.1,""living"":1.3,""garden"":10.0,""storage"":5,""room5"":0,""sauna"":0,""penalty"":0}",True,Weak fit (52/100): Short drive to the 21st district (30 min); 4 rooms: meets the parents/boys/girls need; Small living area (99 m²).,Short drive to the 21st district (30 min) | 4 rooms: meets the parents/boys/girls need | Large garden (est. ~856 m²) | Cellar mentioned,Small living area (99 m²),"Big plot: room for play area, garden shed or extension | Cellar could take an office/hobby room",10000,25000,542045,557045,117,"Est. ~€117/month: BK €58 (listing) + heating ~€59 (HWB 101, Air-source heat pump + Gas). Estimate.",yes,856,2026-10-10,1990–2009 or HWB C: refresh €80–250/m²
S2W30,"EFH — Charmantes Einfamilienhaus in Riedenthal, 3 Zimmer, 80,9 m², sanierungsbedürftig, 249.000 (Riedenthal)",honourable,,EFH,Riedenthal,2122,Bezirk Mistelbach / Wolkersdorf im Weinviertel,S2 Wolkersdorf/Mistelbach,249000,,80.9,1231.0,3,1959,,,,Unknown,no heating system named in the listing text,True,False,,False,False,False,Sanierungsbedürftig; Baujahr 1959,,,,,22,osrm_free_flow,67,vao_hafas_weekday_100000_best_of_5,48.41008,16.51515,listing_coords,https://www.willhaben.at/iad/immobilien/d/haus-kaufen/niederoesterreich/mistelbach/charmantes-einfamilienhaus-in-riedenthal-3-zimmer-80-9-m-sanierungsbeduerftig-249-000-eur-1807599939/,,"Region expansion 2026-10-08 (S2 Wolkersdorf/Mistelbach). Riedenthal EFH €249.000 / 81 m² / 3 rooms / plot 1231 m² / BJ 1959; REMAX Capital Grundschober Immobilien GmbH. ~22 min drive (21st district) / ~67 min PT (8th district). needs renovation. adid 1807599939, first published 2026-09-24.",2026-10-08,active,2026-10-08,2026-10-10,,,,,,seen,makler,ISPRIVATE=0; Provision: 3% des Kaufpreises zzgl. 20% USt.,REMAX Capital Grundschober Immobilien GmbH,3077.87,6.1,3.6,8715,2739,3735,8964,24153,273153,,nicht angegeben (willhaben detail),sanierungsbedarf,Sanierungsbedürftig,willhaben detail (condition/description),img/S2W30.jpg,archive/S2W30.html,2026-10-08,2026-10-08T10:36,51,Not recommended,"{""cost"":45.0,""pt"":11.7,""drive"":9.4,""living"":0.0,""garden"":10.0,""storage"":0,""room5"":0,""sauna"":0,""penalty"":-25}",False,Weak fit (51/100): Low overall cost (est. €328k–€388k incl. renovation); Short drive to the 21st district (22 min); Only 3 rooms — fails the 4-room need.,Low overall cost (est. €328k–€388k incl. renovation) | Short drive to the 21st district (22 min) | Large garden (est. ~1182 m²),Only 3 rooms — fails the 4-room need | Small living area (81 m²) | Cellar unknown,"Renovate to own taste; NÖ/federal renovation subsidies (e.g. Sanierungsbonus, heating replacement) may reduce cost | Big plot: room for play area, garden shed or extension",55000,115000,328153,388153,296,"Est. ~€296/month: BK €150 (assumed, not in listing) + heating ~€146 (HWB 180 assumed, Unknown). Estimate.",unknown,1182,2026-10-10,"renovation needed, heavy (old/poor energy/complete): €700–1,400/m²"
S2W31,EFH — 1.040 m² Grund in Hautzendorf | Haus mit Ausbaupotenzial & Erdkeller (Hautzendorf),honourable,,EFH,Hautzendorf,2123,Bezirk Mistelbach / Kreuttal,S2 Wolkersdorf/Mistelbach,235000,,75.0,1040.0,3,1930,G,297.0,Sonstige,Gas + Wood,Gasheizung; Heizungsart: HOLZ · also Holzofen,True,True,Parkplatz,False,False,False,Altbau; Baujahr 1930; Keller,,,,,28,osrm_free_flow,82,vao_hafas_weekday_100000_best_of_5,48.44534,16.486294,listing_coords,https://www.willhaben.at/iad/immobilien/d/haus-kaufen/niederoesterreich/mistelbach/1-040-m-grund-in-hautzendorf-haus-mit-ausbaupotenzial-erdkeller-1455939160/,,"Region expansion 2026-10-08 (S2 Wolkersdorf/Mistelbach). Hautzendorf EFH €235.000 / 75 m² / 3 rooms / plot 1040 m² / BJ 1930 / HWB G 297.0 / Sonstige; RIWOG Real Estate Management GmbH. ~28 min drive (21st district) / ~82 min PT (8th district). adid 1455939160, first published 2026-10-01.",2026-10-08,active,2026-10-08,2026-10-10,,,,,,seen,makler,"ISPRIVATE=0; Provision: 8.460,00 EUR inkl. 20% USt.",RIWOG Real Estate Management GmbH,3133.33,6.1,3.6,8225,2585,3525,8460,22795,257795,,nicht angegeben (willhaben detail),unknown,,willhaben detail (condition/description),img/S2W31.jpg,archive/S2W31.html,2026-10-08,2026-10-08T10:36,50,Not recommended,"{""cost"":45.0,""pt"":7.6,""drive"":7.7,""living"":0.0,""garden"":10.0,""storage"":5,""room5"":0,""sauna"":0,""penalty"":-25}",False,Weak fit (50/100): Low overall cost (est. €293k–€328k incl. renovation); Short drive to the 21st district (28 min); Only 3 rooms — fails the 4-room need.,Low overall cost (est. €293k–€328k incl. renovation) | Short drive to the 21st district (28 min) | Large garden (est. ~995 m²) | Cellar mentioned,Only 3 rooms — fails the 4-room need | Small living area (75 m²),"Big plot: room for play area, garden shed or extension",35000,70000,292795,327795,373,"Est. ~€373/month: BK €150 (assumed, not in listing) + heating ~€223 (HWB 297, Gas + Wood). Estimate.",yes,995,2026-10-10,pre-1970 or HWB F/G: substantial renovation €450–900/m²
S2W32,RH — Obersdorf Living - Erstbezug: Reihenhaus mit optimalen Grundriss - inkl. KFZ Abstellplatz! (Wolkersdorf im Weinviertel),over_budget,,RH,Wolkersdorf im Weinviertel,2120,Bezirk Mistelbach / Wolkersdorf im Weinviertel,S2 Wolkersdorf/Mistelbach,475000,"over budget (+€25k); project: 2 units listed, €484k for the others",105.4,,5,2025,B,37.5,Fußbodenheizung,Air-source heat pump,Luftwärmepumpe · also Photovoltaik; PV,True,True,Parkplatz,False,False,False,Erstbezug; Neubau; Baujahr 2025,,,,,22,osrm_free_flow,68,vao_hafas_weekday_100000_best_of_6,48.37624,16.52046,listing_coords,https://www.willhaben.at/iad/immobilien/d/haus-kaufen/niederoesterreich/mistelbach/obersdorf-living-erstbezug-reihenhaus-mit-optimalen-grundriss-inkl-kfz-abstellplatz-787260111/,,"Region expansion 2026-10-08 (S2 Wolkersdorf/Mistelbach). Wolkersdorf im Weinviertel RH €475.000 / 105 m² / 5 rooms / plot not stated / BJ 2025 / HWB B 37.5 / Fußbodenheizung; Gänger Living e.U.. ~22 min drive (21st district) / ~68 min PT (8th district). handed over belagsfertig; other units: 1064667058 €484k. adid 787260111, first published 2026-05-14.",2026-10-08,active,2026-10-08,2026-10-10,,,,,,seen,makler,ISPRIVATE=0; Provision: 3% des Kaufpreises zzgl. 20% USt.,Gänger Living e.U.,4506.64,6.1,3.6,16625,5225,7125,17100,46075,521075,,nicht angegeben (willhaben detail),belagsfertig,Erstbezug,willhaben detail (condition/description),img/S2W32.jpg,archive/S2W32.html,2026-10-08,2026-10-08T10:36,50,Not recommended,"{""cost"":19.8,""pt"":11.5,""drive"":9.4,""living"":2.1,""garden"":1.0,""storage"":2,""room5"":4,""sauna"":0,""penalty"":0}",True,Weak fit (50/100): Short drive to the 21st district (22 min); 5 rooms: one spare for guests/office; Garden size unknown.,Short drive to the 21st district (22 min) | 5 rooms: one spare for guests/office | Some storage (no cellar named),Garden size unknown,Choose own floors/finishes,25000,45000,546075,566075,173,"Est. ~€173/month: BK €150 (assumed, not in listing) + heating ~€23 (HWB 38, Air-source heat pump). Estimate.",storage,,2026-10-10,"belagsfertig: floors, doors, painting, fittings at €250–450/m²"
S2W33,EFH — Neuer Preis !!! Einfamilienhaus ruhige Lage in Mistelbach (Mistelbach),honourable,,EFH,Mistelbach,2130,Bezirk Mistelbach / Mistelbach,S2 Wolkersdorf/Mistelbach,329000,,107.0,472.0,,1932,G,311.0,Gasheizung,Gas,Gasheizung,True,True,"Garage, Parkplatz",True,False,False,Sehr gut/gut; Baujahr 1932,,,,,37,osrm_free_flow,82,vao_hafas_weekday_100000_best_of_5,48.56583,16.567764,listing_coords,https://www.willhaben.at/iad/immobilien/d/haus-kaufen/niederoesterreich/mistelbach/neuer-preis-einfamilienhaus-ruhige-lage-in-mistelbach-1117813832/,,"Region expansion 2026-10-08 (S2 Wolkersdorf/Mistelbach). Mistelbach EFH €329.000 / 107 m² / rooms not stated / plot 472 m² / BJ 1932 / HWB G 311.0 / Gasheizung; IMMOcontract Immobilien Vermittlung GmbH. ~37 min drive (21st district) / ~82 min PT (8th district). adid 1117813832, first published 2026-02-03.",2026-10-08,active,2026-10-08,2026-10-10,,,,,,seen,makler,ISPRIVATE=0; Provision: 3% des Kaufpreises zzgl. 20% USt.,IMMOcontract Immobilien Vermittlung GmbH,3074.77,6.1,3.6,11515,3619,4935,11844,31913,360913,,nicht angegeben (willhaben detail),unknown,Sehr gut/gut,willhaben detail (condition/description),img/S2W33.jpg,archive/S2W33.html,2026-10-08,2026-10-08T10:36,49,Not recommended,"{""cost"":33.5,""pt"":7.6,""drive"":5.1,""living"":2.3,""garden"":6.1,""storage"":2,""room5"":0,""sauna"":0,""penalty"":-8}",,Weak fit (49/100): Low overall cost (est. €411k–€456k incl. renovation); Some storage (no cellar named); Room count unknown — check before viewing.,Low overall cost (est. €411k–€456k incl. renovation) | Some storage (no cellar named),Room count unknown — check before viewing,"Renovate to own taste; NÖ/federal renovation subsidies (e.g. Sanierungsbonus, heating replacement) may reduce cost",50000,95000,410913,455913,483,"Est. ~€483/month: BK €150 (assumed, not in listing) + heating ~€333 (HWB 311, Gas). Estimate.",storage,407,2026-10-10,pre-1970 or HWB F/G: substantial renovation €450–900/m²
S2W35,EFH — TRAUMHAFTE AUSSICHT mit unverbaubarer FERNSICHT - SÜD-WESTHANG - mit ALTBESTAND - GERINGE (Hautzendorf),honourable,,EFH,Hautzendorf,2123,Bezirk Mistelbach / Kreuttal,S2 Wolkersdorf/Mistelbach,328998,,92.97,658.0,3.5,1970,D,115.2,Sonstige,Pellets + Electric,Pelletsofen; Pelletheizung; Elektroheizung,True,True,Parkplatz,True,False,True,Sanierungsbedürftig; Neubau; Baujahr 1970; Keller,,,,,28,osrm_free_flow,75,vao_hafas_weekday_100000_best_of_5,48.447414,16.49335,listing_coords,https://www.willhaben.at/iad/immobilien/d/haus-kaufen/niederoesterreich/mistelbach/traumhafte-aussicht-mit-unverbaubarer-fernsicht-sued-westhang-mit-altbestand-geringe-sanierungsarbeiten-1904644649/,,"Region expansion 2026-10-08 (S2 Wolkersdorf/Mistelbach). Hautzendorf EFH €328.998 / 93 m² / 3.5 rooms / plot 658 m² / BJ 1970 / HWB D 115.2 / Sonstige; Wertimmobilien Consulting KG. ~28 min drive (21st district) / ~75 min PT (8th district). needs renovation. adid 1904644649, first published 2026-10-04. Same house also listed by IMMOSKY Skylead at €329k (adid 1829585642).",2026-10-08,active,2026-10-08,2026-10-10,,,,,,seen,makler,ISPRIVATE=0; Provision: 3% des Kaufpreises zzgl. 20% USt.,Wertimmobilien Consulting KG,3538.75,6.1,3.6,11515,3619,4935,11844,31913,360911,90.0,willhaben MONTHCOSTS_GROSS,sanierungsbedarf,Sanierungsbedürftig,willhaben detail (condition/description),img/S2W35.jpg,archive/S2W35.html,2026-10-08,2026-10-08T10:36,47,Not recommended,"{""cost"":39.4,""pt"":9.5,""drive"":7.7,""living"":0.4,""garden"":10.0,""storage"":5,""room5"":0,""sauna"":0,""penalty"":-25}",False,Weak fit (47/100): Low overall cost (est. €406k–€456k incl. renovation); Short drive to the 21st district (28 min); Only 3 rooms — fails the 4-room need.,Low overall cost (est. €406k–€456k incl. renovation) | Short drive to the 21st district (28 min) | Large garden (est. ~602 m²) | Cellar mentioned,Only 3 rooms — fails the 4-room need | Small living area (93 m²),"Renovate to own taste; NÖ/federal renovation subsidies (e.g. Sanierungsbonus, heating replacement) may reduce cost | Big plot: room for play area, garden shed or extension",45000,95000,405911,455911,197,"Est. ~€197/month: BK €90 (listing) + heating ~€107 (HWB 115, Pellets + Electric). Estimate.",yes,602,2026-10-10,"renovation needed: €500–1,000/m²"
S2W36,"EFH — NEUER PREIS !! Einfamilienhaus, 2 Schuppen, Ausbaupotential? Was für ein Objekt! (Mistelbach)",honourable,,EFH,Mistelbach,2130,Bezirk Mistelbach / Mistelbach,S2 Wolkersdorf/Mistelbach,449000,,137.78,949.0,4,,,,,Wood,Festbrennstoff; Holzofen,True,False,,False,False,False,,,,,,38,osrm_free_flow,90,vao_hafas_weekday_100000_best_of_5,48.57633,16.568552,listing_coords,https://www.willhaben.at/iad/immobilien/d/haus-kaufen/niederoesterreich/mistelbach/neuer-preis-einfamilienhaus-2-schuppen-ausbaupotential-was-fuer-ein-objekt-1877951579/,,"Region expansion 2026-10-08 (S2 Wolkersdorf/Mistelbach). Mistelbach EFH €449.000 / 138 m² / 4 rooms / plot 949 m²; TRUE Immobilien GmbH & Co KG. ~38 min drive (21st district) / ~90 min PT (8th district). adid 1877951579, first published 2026-09-10.",2026-10-08,active,2026-10-08,2026-10-10,,,,,,seen,makler,ISPRIVATE=0; Provision: 3% des Kaufpreises zzgl. 20% USt.,TRUE Immobilien GmbH & Co KG,3258.82,6.1,3.6,15715,4939,6735,16164,43553,492553,,nicht angegeben (willhaben detail),unknown,,willhaben detail (condition/description),img/S2W36.jpg,archive/S2W36.html,2026-10-08,2026-10-08T10:36,47,Not recommended,"{""cost"":18.4,""pt"":5.5,""drive"":4.9,""living"":6.4,""garden"":10.0,""storage"":2,""room5"":0,""sauna"":0,""penalty"":0}",True,Weak fit (47/100): 4 rooms: meets the parents/boys/girls need; Large garden (est. ~866 m²).,4 rooms: meets the parents/boys/girls need | Large garden (est. ~866 m²) | Some storage (no cellar named),,"Big plot: room for play area, garden shed or extension",20000,70000,512553,562553,398,"Est. ~€398/month: BK €150 (assumed, not in listing) + heating ~€248 (HWB 180 assumed, Wood). Estimate.",storage,866,2026-10-10,condition unknown: €150–500/m²
S2W37,EFH — Charmantes Einfamilienhaus mit 40 m² Terrassenfläche (Hautzendorf),honourable,,EFH,Hautzendorf,2123,Bezirk Mistelbach / Kreuttal,S2 Wolkersdorf/Mistelbach,140000,,105.0,153.0,3,,C,59.0,Zentralheizung,Gas,Gasheizung,True,False,,False,False,False,Renoviert,,,,,29,osrm_free_flow,74,vao_hafas_weekday_100000_best_of_5,48.449245,16.490705,listing_coords,https://www.willhaben.at/iad/immobilien/d/haus-kaufen/niederoesterreich/mistelbach/charmantes-einfamilienhaus-mit-40-m-terrassenflaeche-823484571/,,"Region expansion 2026-10-08 (S2 Wolkersdorf/Mistelbach). Hautzendorf EFH €140.000 / 105 m² / 3 rooms / plot 153 m² / HWB C 59.0 / Zentralheizung; RIWOG Real Estate Management GmbH. ~29 min drive (21st district) / ~74 min PT (8th district). adid 823484571, first published 2026-09-01.",2026-10-08,active,2026-10-08,2026-10-10,,,,,,seen,makler,ISPRIVATE=0; Provision: 3% des Kaufpreises zzgl. 20% USt.,RIWOG Real Estate Management GmbH,1333.33,6.1,3.6,4900,1540,2100,5040,13580,153580,,nicht angegeben (willhaben detail),unknown,Renoviert,willhaben detail (condition/description),img/S2W37.jpg,archive/S2W37.html,2026-10-08,2026-10-08T10:36,44,Not recommended,"{""cost"":45.0,""pt"":9.8,""drive"":7.4,""living"":2.0,""garden"":0.0,""storage"":5,""room5"":0,""sauna"":0,""penalty"":-25}",False,Weak fit (44/100): Low overall cost (est. €164k–€179k incl. renovation); Short drive to the 21st district (29 min); Only 3 rooms — fails the 4-room need.,Low overall cost (est. €164k–€179k incl. renovation) | Short drive to the 21st district (29 min) | Cellar mentioned,Only 3 rooms — fails the 4-room need | Little garden (est. ~90 m²),Negotiate on price; check BK and heating bills,10000,25000,163580,178580,212,"Est. ~€212/month: BK €150 (assumed, not in listing) + heating ~€62 (HWB 59, Gas). Estimate.",yes,90,2026-10-10,1990–2009 or HWB C: refresh €80–250/m²
S2W38,EFH — HÜTTENDORF BEI MISTELBACH - Wenige Autominuten zur S-Bahn (Hüttendorf),honourable,,EFH,Hüttendorf,2130,Bezirk Mistelbach / Mistelbach,S2 Wolkersdorf/Mistelbach,179000,,65.0,864.0,3,,,,,Unknown,no heating system named in the listing text,True,False,,False,False,False,Sanierungsbedürftig,,,,,37,osrm_free_flow,85,vao_hafas_weekday_100000_best_of_5,48.570126,16.573082,listing_coords,https://www.willhaben.at/iad/immobilien/d/haus-kaufen/niederoesterreich/mistelbach/huettendorf-bei-mistelbach-wenige-autominuten-zur-s-bahn-2004455718/,,"Region expansion 2026-10-08 (S2 Wolkersdorf/Mistelbach). Hüttendorf EFH €179.000 / 65 m² / 3 rooms / plot 864 m²; Immobilien Schöfbeck KG. ~37 min drive (21st district) / ~85 min PT (8th district). room count read from the description; needs renovation. adid 2004455718, first published 2026-10-05.",2026-10-08,active,2026-10-08,2026-10-10,,,,,,seen,makler,ISPRIVATE=0,Immobilien Schöfbeck KG,2753.85,6.1,3.6,6265,1969,2685,6444,17363,196363,,nicht angegeben (willhaben detail),sanierungsbedarf,Sanierungsbedürftig,willhaben detail (condition/description),img/S2W38.jpg,archive/S2W38.html,2026-10-08,2026-10-08T10:36,44,Not recommended,"{""cost"":45.0,""pt"":6.8,""drive"":5.1,""living"":0.0,""garden"":10.0,""storage"":2,""room5"":0,""sauna"":0,""penalty"":-25}",False,Weak fit (44/100): Low overall cost (est. €226k–€261k incl. renovation); Large garden (est. ~825 m²); Only 3 rooms — fails the 4-room need.,Low overall cost (est. €226k–€261k incl. renovation) | Large garden (est. ~825 m²) | Some storage (no cellar named),Only 3 rooms — fails the 4-room need | Small living area (65 m²),"Renovate to own taste; NÖ/federal renovation subsidies (e.g. Sanierungsbonus, heating replacement) may reduce cost | Big plot: room for play area, garden shed or extension",30000,65000,226363,261363,267,"Est. ~€267/month: BK €150 (assumed, not in listing) + heating ~€117 (HWB 180 assumed, Unknown). Estimate.",storage,825,2026-10-10,"renovation needed: €500–1,000/m²"
S2W39,EFH — Mistelbach-Nähe: Schrick - kleines gepflegtes Wohnhaus mit ansprechendem Garten - 63 m² Wo (Schrick),honourable,,EFH,Schrick,2191,Bezirk Mistelbach / Gaweinstal,S2 Wolkersdorf/Mistelbach,270000,,62.39,467.0,3,,,184.2,"Elektroheizung, Fußbodenheizung, Kachelofen",Wood + Electric,Kachelofen; Elektroheizung,True,True,Garage,True,False,False,Keller,,,,,31,osrm_free_flow,84,vao_hafas_weekday_100000_best_of_5,48.485916,16.591795,listing_coords,https://www.willhaben.at/iad/immobilien/d/haus-kaufen/niederoesterreich/mistelbach/mistelbach-naehe-schrick-kleines-gepflegtes-wohnhaus-mit-ansprechendem-garten-63-m-wohnflaeche-1462756551/,,"Region expansion 2026-10-08 (S2 Wolkersdorf/Mistelbach). Schrick EFH €270.000 / 62 m² / 3 rooms / plot 467 m² / HWB  184.2 / Elektroheizung, Fußbodenheizung, Kachelofen; Grössing Immobilien KG. ~31 min drive (21st district) / ~84 min PT (8th district). adid 1462756551, first published 2026-10-07.",2026-10-08,active,2026-10-08,2026-10-10,,,,,,seen,makler,ISPRIVATE=0; Provision: 3 % + 20 % USt,Grössing Immobilien KG,4327.62,6.1,3.6,9450,2970,4050,9720,26190,296190,,nicht angegeben (willhaben detail),unknown,,willhaben detail (condition/description),img/S2W39.jpg,archive/S2W39.html,2026-10-08,2026-10-08T10:36,43,Not recommended,"{""cost"":45.0,""pt"":7.1,""drive"":6.9,""living"":0.0,""garden"":6.6,""storage"":2,""room5"":0,""sauna"":0,""penalty"":-25}",False,Weak fit (43/100): Low overall cost (est. €306k–€326k incl. renovation); Some storage (no cellar named); Only 3 rooms — fails the 4-room need.,Low overall cost (est. €306k–€326k incl. renovation) | Some storage (no cellar named),Only 3 rooms — fails the 4-room need | Small living area (62 m²),Negotiate on price; check BK and heating bills,10000,30000,306190,326190,265,"Est. ~€265/month: BK €150 (assumed, not in listing) + heating ~€115 (HWB 184, Wood + Electric). Estimate.",storage,429,2026-10-10,condition unknown: €150–500/m²
S2W40,EFH — 2123 Hautzendorf Traumgrundstück mitten im Ort mit Bungalow im Rohbau (Hautzendorf),honourable,,EFH,Hautzendorf,2123,Bezirk Mistelbach / Kreuttal,S2 Wolkersdorf/Mistelbach,290000,,91.44,485.0,3,2021,C,51.8,,Unknown,no heating system named in the listing text,True,False,,False,False,False,Neubau; Baujahr 2021; Keller,,,,,29,osrm_free_flow,72,vao_hafas_weekday_100000_best_of_5,48.448483,16.49231,listing_coords,https://www.willhaben.at/iad/immobilien/d/haus-kaufen/niederoesterreich/mistelbach/2123-hautzendorf-traumgrundstueck-mitten-im-ort-mit-bungalow-im-rohbau-1713557911/,,"Region expansion 2026-10-08 (S2 Wolkersdorf/Mistelbach). Hautzendorf EFH €290.000 / 91 m² / 3 rooms / plot 485 m² / BJ 2021 / HWB C 51.8; Donau-Immobilien dieHausberater24 GmbH & Co KG. ~29 min drive (21st district) / ~72 min PT (8th district). Rohbau: interior still to be completed. adid 1713557911, first published 2026-09-11.",2026-10-08,active,2026-10-08,2026-10-10,,,,,,seen,makler,ISPRIVATE=0,Donau-Immobilien dieHausberater24 GmbH & Co KG,3171.48,6.1,3.6,10150,3190,4350,10440,28130,318130,66.19,willhaben MONTHCOSTS_GROSS,rohbaufertig,,willhaben detail (condition/description),img/S2W40.jpg,archive/S2W40.html,2026-10-08,2026-10-08T10:36,43,Not recommended,"{""cost"":38.7,""pt"":10.4,""drive"":7.4,""living"":0.2,""garden"":6.6,""storage"":5,""room5"":0,""sauna"":0,""penalty"":-25}",False,Weak fit (43/100): Low overall cost (est. €418k–€473k incl. renovation); Short drive to the 21st district (29 min); Only 3 rooms — fails the 4-room need.,Low overall cost (est. €418k–€473k incl. renovation) | Short drive to the 21st district (29 min) | Cellar mentioned,Only 3 rooms — fails the 4-room need | Small living area (91 m²) | Rohbau: large completion cost and time,"Renovate to own taste; NÖ/federal renovation subsidies (e.g. Sanierungsbonus, heating replacement) may reduce cost",100000,155000,418130,473130,114,"Est. ~€114/month: BK €66 (listing) + heating ~€47 (HWB 52, Unknown). Estimate.",yes,430,2026-10-10,"Rohbau: interior completion at €1,100–1,700/m²"
S2W41,"EFH — Familienhit mit großem Garten, Nebengebäuden und Bahnanschluss (Niederkreuzstetten)",honourable,,EFH,Niederkreuzstetten,2124,Bezirk Mistelbach / Kreuzstetten,S2 Wolkersdorf/Mistelbach,349000,,143.0,970.0,3,1952,E,165.0,Etagenheizung,Gas,Gasheizung,True,False,,False,False,False,Altbau; Baujahr 1952; Keller,,,,,34,osrm_free_flow,74,vao_hafas_weekday_100000_best_of_5,48.47814,16.477716,listing_coords,https://www.willhaben.at/iad/immobilien/d/haus-kaufen/niederoesterreich/mistelbach/familienhit-mit-grossem-garten-nebengebaeuden-und-bahnanschluss-915783285/,,"Region expansion 2026-10-08 (S2 Wolkersdorf/Mistelbach). Niederkreuzstetten EFH €349.000 / 143 m² / 3 rooms / plot 970 m² / BJ 1952 / HWB E 165.0 / Etagenheizung; 4M Immobilien&Consulting GmbH & Co KG. ~34 min drive (21st district) / ~74 min PT (8th district). adid 915783285, first published 2026-09-25.",2026-10-08,active,2026-10-08,2026-10-10,,,,,,seen,makler,ISPRIVATE=0; Provision: 3% des Kaufpreises zzgl. 20% USt.,4M Immobilien&Consulting GmbH & Co KG,2440.56,6.1,3.6,12215,3839,5235,12564,33853,382853,97.0,willhaben MONTHCOSTS_GROSS,unknown,,willhaben detail (condition/description),img/S2W41.jpg,archive/S2W41.html,2026-10-08,2026-10-08T10:36,42,Not recommended,"{""cost"":28.9,""pt"":9.8,""drive"":6.0,""living"":7.1,""garden"":10.0,""storage"":5,""room5"":0,""sauna"":0,""penalty"":-25}",False,Weak fit (42/100): Spacious (143 m² living); Large garden (est. ~884 m²); Only 3 rooms — fails the 4-room need.,Spacious (143 m² living) | Large garden (est. ~884 m²) | Cellar mentioned,Only 3 rooms — fails the 4-room need,"Renovate to own taste; NÖ/federal renovation subsidies (e.g. Sanierungsbonus, heating replacement) may reduce cost | Big plot: room for play area, garden shed or extension",65000,130000,447853,512853,333,"Est. ~€333/month: BK €97 (listing) + heating ~€236 (HWB 165, Gas). Estimate.",yes,884,2026-10-10,pre-1970 or HWB F/G: substantial renovation €450–900/m²
S2W42,EFH — Einfamilienhaus mit viel Potential (Mistelbach),over_budget,,EFH,Mistelbach,2130,Bezirk Mistelbach / Mistelbach,S2 Wolkersdorf/Mistelbach,459000,over budget (+€9k); price reduced on willhaben (was €499.999),139.0,486.0,5,,F,202.9,"Zentralheizung, Gasheizung",Gas,Gasheizung,True,True,"Garage, Parkplatz",True,False,False,Neubau; Keller,,,,,38,osrm_free_flow,92,vao_hafas_weekday_100000_best_of_5,48.57062,16.58146,listing_coords,https://www.willhaben.at/iad/immobilien/d/haus-kaufen/niederoesterreich/mistelbach/einfamilienhaus-mit-viel-potential-1325175508/,,"Region expansion 2026-10-08 (S2 Wolkersdorf/Mistelbach). Mistelbach EFH €459.000 / 139 m² / 5 rooms / plot 486 m² / HWB F 202.9 / Zentralheizung, Gasheizung; private seller. ~38 min drive (21st district) / ~92 min PT (8th district). adid 1325175508, first published 2026-09-11.",2026-10-08,active,2026-10-08,2026-10-10,,,,,,seen,private,ISPRIVATE=1,,3302.16,6.1,0.0,16065,5049,6885,0,27999,486999,,nicht angegeben (willhaben detail),unknown,,willhaben detail (condition/description),img/S2W42.jpg,archive/S2W42.html,2026-10-08,2026-10-08T10:36,42,Not recommended,"{""cost"":10.6,""pt"":4.9,""drive"":4.9,""living"":6.5,""garden"":6.0,""storage"":5,""room5"":4,""sauna"":0,""penalty"":0}",True,Weak fit (42/100): 5 rooms: one spare for guests/office; Cellar mentioned; High overall cost (est. €552k–€612k incl. renovation).,5 rooms: one spare for guests/office | Cellar mentioned,High overall cost (est. €552k–€612k incl. renovation) | Long public-transport commute to the 8th district (92 min),"Private seller: no buyer commission | Renovate to own taste; NÖ/federal renovation subsidies (e.g. Sanierungsbonus, heating replacement) may reduce cost",65000,125000,551999,611999,432,"Est. ~€432/month: BK €150 (assumed, not in listing) + heating ~€282 (HWB 203, Gas). Estimate.",yes,402,2026-10-10,pre-1970 or HWB F/G: substantial renovation €450–900/m²
S2W43,Bungalow — Idyllische Grünlage - Bungalow - sanierungsbedürftig (Neubau),honourable,,Bungalow,Neubau,2125,Bezirk Mistelbach / Ladendorf,S2 Wolkersdorf/Mistelbach,290000,,85.0,894.0,3,1977,G,321.5,Gasheizung,Gas,Gasheizung,True,True,Garage,True,False,True,Sanierungsbedürftig; Baujahr 1977; Keller,,,,,38,osrm_free_flow,90,vao_hafas_weekday_100000_best_of_5,48.498165,16.491026,listing_coords,https://www.willhaben.at/iad/immobilien/d/haus-kaufen/niederoesterreich/mistelbach/idyllische-gruenlage-bungalow-sanierungsbeduerftig-1283229333/,,"Region expansion 2026-10-08 (S2 Wolkersdorf/Mistelbach). Neubau Bungalow €290.000 / 85 m² / 3 rooms / plot 894 m² / BJ 1977 / HWB G 321.5 / Gasheizung; EiseleReal. ~38 min drive (21st district) / ~90 min PT (8th district). needs renovation. adid 1283229333, first published 2026-08-24.",2026-10-08,active,2026-10-08,2026-10-10,,,,,,seen,makler,ISPRIVATE=0,EiseleReal,3411.76,6.1,3.6,10150,3190,4350,10440,28130,318130,100.0,willhaben MONTHCOSTS_GROSS,sanierungsbedarf,Sanierungsbedürftig,willhaben detail (condition/description),img/S2W43.jpg,archive/S2W43.html,2026-10-08,2026-10-08T10:36,40,Not recommended,"{""cost"":39.7,""pt"":5.5,""drive"":4.9,""living"":0.0,""garden"":10.0,""storage"":5,""room5"":0,""sauna"":0,""penalty"":-25}",False,Weak fit (40/100): Low overall cost (est. €378k–€438k incl. renovation); Large garden (est. ~843 m²); Only 3 rooms — fails the 4-room need.,Low overall cost (est. €378k–€438k incl. renovation) | Large garden (est. ~843 m²) | Cellar mentioned,Only 3 rooms — fails the 4-room need | Small living area (85 m²),"Renovate to own taste; NÖ/federal renovation subsidies (e.g. Sanierungsbonus, heating replacement) may reduce cost | Big plot: room for play area, garden shed or extension",60000,120000,378130,438130,373,"Est. ~€373/month: BK €100 (listing) + heating ~€273 (HWB 322, Gas). Estimate.",yes,843,2026-10-10,"renovation needed, heavy (old/poor energy/complete): €700–1,400/m²"
S2W44,EFH — Schönes Haus in Mistelbach ohne Maklerprovision (Mistelbach),over_budget,,EFH,Mistelbach,2130,Bezirk Mistelbach / Mistelbach,S2 Wolkersdorf/Mistelbach,550000,over budget (+€100k),250.0,1170.0,7,1989,C,74.7,"Elektroheizung, Kachelofen",Wood + Electric,Kachelofen; Elektroheizung,True,True,"Garage, Parkplatz",True,True,False,Sehr gut/gut; Baujahr 1989; Keller,,,,,39,osrm_free_flow,92,vao_hafas_weekday_100000_best_of_5,48.57541,16.57745,listing_coords,https://www.willhaben.at/iad/immobilien/d/haus-kaufen/niederoesterreich/mistelbach/schoenes-haus-in-mistelbach-ohne-maklerprovision-1551213653/,,"Region expansion 2026-10-08 (S2 Wolkersdorf/Mistelbach). Mistelbach EFH €550.000 / 250 m² / 7 rooms / plot 1170 m² / BJ 1989 / HWB C 74.7 / Elektroheizung, Kachelofen; private seller. ~39 min drive (21st district) / ~92 min PT (8th district). adid 1551213653, first published 2026-09-14.",2026-10-08,active,2026-10-08,2026-10-10,,,,,,seen,private,ISPRIVATE=1,,2200.0,6.1,0.0,19250,6050,8250,0,33550,583550,,nicht angegeben (willhaben detail),unknown,Sehr gut/gut,willhaben detail (condition/description),img/S2W44.jpg,archive/S2W44.html,2026-10-08,2026-10-08T10:36,40,Not recommended,"{""cost"":0.0,""pt"":4.9,""drive"":4.6,""living"":8.0,""garden"":10.0,""storage"":5,""room5"":4,""sauna"":3,""penalty"":0}",True,Weak fit (40/100): 7 rooms: one spare for guests/office; Spacious (250 m² living); High overall cost (est. €644k–€734k incl. renovation).,7 rooms: one spare for guests/office | Spacious (250 m² living) | Large garden (est. ~1020 m²) | Cellar mentioned | Sauna,High overall cost (est. €644k–€734k incl. renovation) | Long public-transport commute to the 8th district (92 min),"Private seller: no buyer commission | Renovate to own taste; NÖ/federal renovation subsidies (e.g. Sanierungsbonus, heating replacement) may reduce cost | Big plot: room for play area, garden shed or extension",60000,150000,643550,733550,337,"Est. ~€337/month: BK €150 (assumed, not in listing) + heating ~€187 (HWB 75, Wood + Electric). Estimate.",yes,1020,2026-10-10,1970–89 or HWB D/E: partial renovation €250–600/m²
S2W45,"EFH — Vielseitiges Landhaus in Pellendorf - zwei Wohneinheiten, Weinviertel & Autobahnnähe! (Pellendorf)",honourable,,EFH,Pellendorf,2191,Bezirk Mistelbach / Gaweinstal,S2 Wolkersdorf/Mistelbach,124900,,96.25,326.0,3,,,,Zentralheizung,Wood,Heizungsart: HOLZ,True,False,,False,False,False,,,,,,29,osrm_free_flow,107,vao_hafas_weekday_100000_best_of_6,48.48742,16.552643,listing_coords,https://www.willhaben.at/iad/immobilien/d/haus-kaufen/niederoesterreich/mistelbach/vielseitiges-landhaus-in-pellendorf-zwei-wohneinheiten-weinviertel-autobahnnaehe-1508982239/,,"Region expansion 2026-10-08 (S2 Wolkersdorf/Mistelbach). Pellendorf EFH €124.900 / 96 m² / 3 rooms / plot 326 m² / Zentralheizung; REMAX Best in Mistelbach Nuva GmbH. ~29 min drive (21st district) / ~107 min PT (8th district). needs renovation. adid 1508982239, first published 2026-07-31. Two residential units in one house (works as one family home or with a granny flat).",2026-10-08,active,2026-10-08,2026-10-10,,,,,,seen,makler,ISPRIVATE=0; Provision: 3% des Kaufpreises zzgl. 20% USt.,REMAX Best in Mistelbach Nuva GmbH,1297.66,6.1,3.6,4372,1374,1874,4496,12116,137016,,nicht angegeben (willhaben detail),sanierungsbedarf,,willhaben detail (condition/description),img/S2W45.jpg,archive/S2W45.html,2026-10-08,2026-10-08T10:36,37,Not recommended,"{""cost"":45.0,""pt"":0.8,""drive"":7.4,""living"":0.8,""garden"":3.4,""storage"":5,""room5"":0,""sauna"":0,""penalty"":-25}",False,Weak fit (37/100): Low overall cost (est. €187k–€232k incl. renovation); Short drive to the 21st district (29 min); Long public-transport commute to the 8th district (107 min).,Low overall cost (est. €187k–€232k incl. renovation) | Short drive to the 21st district (29 min) | Cellar mentioned,Long public-transport commute to the 8th district (107 min) | Only 3 rooms — fails the 4-room need | Small living area (96 m²),"Renovate to own taste; NÖ/federal renovation subsidies (e.g. Sanierungsbonus, heating replacement) may reduce cost",50000,95000,187016,232016,323,"Est. ~€323/month: BK €150 (assumed, not in listing) + heating ~€173 (HWB 180 assumed, Wood). Estimate.",yes,268,2026-10-10,"renovation needed: €500–1,000/m²"
S2W46,EFH — Preisreduktion!!! Haus in Ulrichskirchen mit Terrasse und kleinem Garten! (Ulrichskirchen),honourable,,EFH,Ulrichskirchen,2122,Bezirk Mistelbach / Ulrichskirchen-Schleinbach,S2 Wolkersdorf/Mistelbach,219000,,100.0,238.0,3,,,,Zentralheizung,Gas,Gasheizung,True,True,Parkplatz,False,False,False,Neubau,,,,,41,osrm_free_flow,79,vao_hafas_weekday_100000_best_of_5,48.41168,16.503428,listing_coords,https://www.willhaben.at/iad/immobilien/d/haus-kaufen/niederoesterreich/mistelbach/preisreduktion-haus-in-ulrichskirchen-mit-terrasse-und-kleinem-garten-1585129338/,,"Region expansion 2026-10-08 (S2 Wolkersdorf/Mistelbach). Ulrichskirchen EFH €219.000 / 100 m² / 3 rooms / plot 238 m² / Zentralheizung; Immo-Company Haas & Urban Immobilien GmbH. ~41 min drive (21st district) / ~79 min PT (8th district). adid 1585129338, first published 2026-02-17.",2026-10-08,active,2026-10-08,2026-10-10,,,,,,seen,makler,ISPRIVATE=0; Provision: 3% des Kaufpreises zzgl. 20% USt.,Immo-Company Haas & Urban Immobilien GmbH,2190.0,6.1,3.6,7665,2409,3285,7884,21243,240243,85.0,willhaben MONTHCOSTS_GROSS,unknown,,willhaben detail (condition/description),img/S2W46.jpg,archive/S2W46.html,2026-10-08,2026-10-08T10:36,37,Not recommended,"{""cost"":45.0,""pt"":8.5,""drive"":4.0,""living"":1.3,""garden"":1.6,""storage"":2,""room5"":0,""sauna"":0,""penalty"":-25}",False,Weak fit (37/100): Low overall cost (est. €255k–€290k incl. renovation); Some storage (no cellar named); Only 3 rooms — fails the 4-room need.,Low overall cost (est. €255k–€290k incl. renovation) | Some storage (no cellar named),Only 3 rooms — fails the 4-room need,Negotiate on price; check BK and heating bills,15000,50000,255243,290243,265,"Est. ~€265/month: BK €85 (listing) + heating ~€180 (HWB 180 assumed, Gas). Estimate.",storage,178,2026-10-10,condition unknown: €150–500/m²
S2W47,"EFH — Ein Zuhause mit Seele - außergewöhnlich, charismatisch, einzigartig! 2 Wohneinheiten mit j (Niederkreuzstetten)",over_budget,,EFH,Niederkreuzstetten,2124,Bezirk Mistelbach / Kreuzstetten,S2 Wolkersdorf/Mistelbach,490000,over budget (+€40k),237.0,2003.0,6.5,1974,D,144.2,Zentralheizung,Oil + Wood,Ölheizung; Heizungsart: HOLZ · also offene Kamin,True,True,"Garage, Parkplatz",True,False,True,Baujahr 1974; Keller,,,,,51,osrm_free_flow,76,vao_hafas_weekday_100000_best_of_5_from_town_centre (no stop within walking range of the listing pin),48.502884,16.486881,listing_coords,https://www.willhaben.at/iad/immobilien/d/haus-kaufen/niederoesterreich/mistelbach/ein-zuhause-mit-seele-aussergewoehnlich-charismatisch-einzigartig-2-wohneinheiten-mit-jeweils-3-5-zimmer-2100576841/,,"Region expansion 2026-10-08 (S2 Wolkersdorf/Mistelbach). Niederkreuzstetten EFH €490.000 / 237 m² / 6.5 rooms / plot 2003 m² / BJ 1974 / HWB D 144.2 / Zentralheizung; REMAX Aktiv. ~51 min drive (21st district) / ~76 min PT (8th district). adid 2100576841, first published 2026-05-01. Two residential units in one house (works as one family home or with a granny flat).",2026-10-08,active,2026-10-08,2026-10-10,,,,,,seen,makler,ISPRIVATE=0; Provision: 3% des Kaufpreises zzgl. 20% USt.,REMAX Aktiv,2067.51,6.1,3.6,17150,5390,7350,17640,47530,537530,,nicht angegeben (willhaben detail),unknown,,willhaben detail (condition/description),img/S2W47.jpg,archive/S2W47.html,2026-10-08,2026-10-08T10:36,37,Not recommended,"{""cost"":0.0,""pt"":9.3,""drive"":1.1,""living"":8.0,""garden"":10.0,""storage"":5,""room5"":4,""sauna"":0,""penalty"":0}",True,Weak fit (37/100): 6 rooms: one spare for guests/office; Spacious (237 m² living); High overall cost (est. €613k–€703k incl. renovation).,6 rooms: one spare for guests/office | Spacious (237 m² living) | Large garden (est. ~1860 m²) | Cellar mentioned,High overall cost (est. €613k–€703k incl. renovation) | Long drive to the 21st district (51 min) | Oil heating: replacement expected,"Renovate to own taste; NÖ/federal renovation subsidies (e.g. Sanierungsbonus, heating replacement) may reduce cost | Big plot: room for play area, garden shed or extension",75000,165000,612530,702530,492,"Est. ~€492/month: BK €150 (assumed, not in listing) + heating ~€342 (HWB 144, Oil + Wood). Estimate.",yes,1860,2026-10-10,1970–89 or HWB D/E: partial renovation €250–600/m²; + €15–25k oil-heating replacement
S2W48,"EFH — NEUER PREIS !! Kleines Haus, großer Grund - Absolute Ruhelage! (Mistelbach)",honourable,,EFH,Mistelbach,2130,Bezirk Mistelbach / Mistelbach,S2 Wolkersdorf/Mistelbach,299900,,78.0,888.0,3,,C,95.8,,Heat pump,Wärmepumpe · also Festbrennstoff · air or ground not stated,True,True,Garage,True,False,False,Sehr gut/gut,,,,,61,osrm_free_flow,108,vao_hafas_weekday_100000_best_of_6,48.58428,16.550102,listing_coords,https://www.willhaben.at/iad/immobilien/d/haus-kaufen/niederoesterreich/mistelbach/neuer-preis-kleines-haus-grosser-grund-absolute-ruhelage-1921657949/,,"Region expansion 2026-10-08 (S2 Wolkersdorf/Mistelbach). Mistelbach EFH €299.900 / 78 m² / 3 rooms / plot 888 m² / HWB C 95.8; TRUE Immobilien GmbH & Co KG. ~61 min drive (21st district) / ~108 min PT (8th district). adid 1921657949, first published 2026-10-07.",2026-10-08,active,2026-10-08,2026-10-10,,,,,,seen,makler,ISPRIVATE=0; Provision: 3% des Kaufpreises zzgl. 20% USt.,TRUE Immobilien GmbH & Co KG,3844.87,6.1,3.6,10497,3299,4498,10796,29090,328990,,nicht angegeben (willhaben detail),unknown,Sehr gut/gut,willhaben detail (condition/description),img/S2W48.jpg,archive/S2W48.html,2026-10-08,2026-10-08T10:36,36,Not recommended,"{""cost"":45.0,""pt"":0.5,""drive"":0.0,""living"":0.0,""garden"":10.0,""storage"":5,""room5"":0,""sauna"":0,""penalty"":-25}",False,Weak fit (36/100): Low overall cost (est. €334k–€349k incl. renovation); Large garden (est. ~841 m²); Long public-transport commute to the 8th district (108 min).,Low overall cost (est. €334k–€349k incl. renovation) | Large garden (est. ~841 m²) | Cellar mentioned,Long public-transport commute to the 8th district (108 min) | Long drive to the 21st district (61 min) | Only 3 rooms — fails the 4-room need | Small living area (78 m²),"Big plot: room for play area, garden shed or extension",5000,20000,333990,348990,194,"Est. ~€194/month: BK €150 (assumed, not in listing) + heating ~€44 (HWB 96, Heat pump). Estimate.",yes,841,2026-10-10,1990–2009 or HWB C: refresh €80–250/m²
S2W49,EFH — Traumgrundstück 2530 m²- Haus mit Waldrandlage & Vermietungsoption - 300 m² Fläche in Lade (Ladendorf),honourable,,EFH,Ladendorf,2126,Bezirk Mistelbach / Ladendorf,S2 Wolkersdorf/Mistelbach,359000,,220.0,2530.0,,1900,,,Etagenheizung,Gas + Oil,Gasheizung; Ölheizung,True,True,,False,False,True,Altbau; Baujahr 1900; Keller,,,,,36,osrm_free_flow,103,vao_hafas_weekday_100000_best_of_5,48.532417,16.486715,listing_coords,https://www.willhaben.at/iad/immobilien/d/haus-kaufen/niederoesterreich/mistelbach/traumgrundstueck-2530-m-haus-mit-waldrandlage-vermietungsoption-300-m-flaeche-in-ladendorf-1491873905/,,"Region expansion 2026-10-08 (S2 Wolkersdorf/Mistelbach). Ladendorf EFH €359.000 / 220 m² / rooms not stated / plot 2530 m² / BJ 1900 / Etagenheizung; Gottesheim Immobilien GmbH. ~36 min drive (21st district) / ~103 min PT (8th district). large 300 m² building with rental option; own woodland at the back. adid 1491873905, first published 2026-08-12.",2026-10-08,active,2026-10-08,2026-10-10,,,,,,seen,makler,ISPRIVATE=0; Provision: 3% des Kaufpreises zzgl. 20% USt.,Gottesheim Immobilien GmbH,1631.82,6.1,3.6,12565,3949,5385,12924,34823,393823,120.0,willhaben MONTHCOSTS_GROSS,unknown,,willhaben detail (condition/description),img/S2W49.jpg,archive/S2W49.html,2026-10-08,2026-10-08T10:36,34,Not recommended,"{""cost"":11.9,""pt"":1.9,""drive"":5.4,""living"":8.0,""garden"":10.0,""storage"":5,""room5"":0,""sauna"":0,""penalty"":-8}",,Weak fit (34/100): Spacious (220 m² living); Large garden (est. ~2398 m²); Long public-transport commute to the 8th district (103 min).,Spacious (220 m² living) | Large garden (est. ~2398 m²) | Cellar mentioned,Long public-transport commute to the 8th district (103 min) | Room count unknown — check before viewing | Oil heating: replacement expected,"Renovate to own taste; NÖ/federal renovation subsidies (e.g. Sanierungsbonus, heating replacement) may reduce cost | Big plot: room for play area, garden shed or extension",115000,225000,508823,618823,516,"Est. ~€516/month: BK €120 (listing) + heating ~€396 (HWB 180 assumed, Gas + Oil). Estimate.",yes,2398,2026-10-10,pre-1970 or HWB F/G: substantial renovation €450–900/m²; + €15–25k oil-heating replacement
S2W50,EFH — Kaufobjekt Kronberg: Einfamilienhaus in grüner Ruhelage (Kronberg),honourable,,EFH,Kronberg,2123,Bezirk Mistelbach / Ulrichskirchen-Schleinbach,S2 Wolkersdorf/Mistelbach,325000,,95.0,413.0,3,1977,G,330.0,Zentralheizung,Wood,feste Brennstoffe; Heizungsart: HOLZ,True,True,Garage,True,False,False,Sanierungsbedürftig; Baujahr 1977; Keller,,,,,31,osrm_free_flow,75,vao_hafas_weekday_100000_best_of_5,48.424736,16.480574,listing_coords,https://www.willhaben.at/iad/immobilien/d/haus-kaufen/niederoesterreich/mistelbach/kaufobjekt-kronberg-einfamilienhaus-in-gruener-ruhelage-468352402/,,"Region expansion 2026-10-08 (S2 Wolkersdorf/Mistelbach). Kronberg EFH €325.000 / 95 m² / 3 rooms / plot 413 m² / BJ 1977 / HWB G 330.0 / Zentralheizung; ERA Wölfl Immobilientreuhand GmbH. ~31 min drive (21st district) / ~75 min PT (8th district). needs renovation. adid 468352402, first published 2021-05-03.",2026-10-08,active,2026-10-08,2026-10-10,,,,,,seen,makler,ISPRIVATE=0; Provision: 3.0% plus 20.0% USt.,ERA Wölfl Immobilientreuhand GmbH,3421.05,6.1,3.6,11375,3575,4875,11700,31525,356525,,nicht angegeben (willhaben detail),sanierungsbedarf,Sanierungsbedürftig,willhaben detail (condition/description),img/S2W50.jpg,archive/S2W50.html,2026-10-08,2026-10-08T10:36,32,Not recommended,"{""cost"":30.2,""pt"":9.5,""drive"":6.9,""living"":0.7,""garden"":5.1,""storage"":5,""room5"":0,""sauna"":0,""penalty"":-25}",False,Weak fit (32/100): Low overall cost (est. €422k–€492k incl. renovation); Cellar mentioned; Only 3 rooms — fails the 4-room need.,Low overall cost (est. €422k–€492k incl. renovation) | Cellar mentioned,Only 3 rooms — fails the 4-room need | Small living area (95 m²),"Renovate to own taste; NÖ/federal renovation subsidies (e.g. Sanierungsbonus, heating replacement) may reduce cost",65000,135000,421525,491525,464,"Est. ~€464/month: BK €150 (assumed, not in listing) + heating ~€314 (HWB 330, Wood). Estimate.",yes,356,2026-10-10,"renovation needed, heavy (old/poor energy/complete): €700–1,400/m²"
S2W51,EFH — ehemaliger Vierkanthof wie aus dem Bilderbuch - liebevoll renoviertes Wohnhaus (Streifing),honourable,,EFH,Streifing,2125,Bezirk Mistelbach / Kreuzstetten,S2 Wolkersdorf/Mistelbach,335000,,95.0,375.0,3,1930,F,215.0,Zentralheizung,Air-source heat pump + Pellets,Luft-Wärmepumpe; Pelletsofen; Pelletheizung,True,False,,False,False,False,Renoviert; Altbau; Baujahr 1930; Keller,,,,,32,osrm_free_flow,100,vao_hafas_weekday_100000_best_of_5,48.478447,16.511143,listing_coords,https://www.willhaben.at/iad/immobilien/d/haus-kaufen/niederoesterreich/mistelbach/ehemaliger-vierkanthof-wie-aus-dem-bilderbuch-liebevoll-renoviertes-wohnhaus-1645135136/,,"Region expansion 2026-10-08 (S2 Wolkersdorf/Mistelbach). Streifing EFH €335.000 / 95 m² / 3 rooms / plot 375 m² / BJ 1930 / HWB F 215.0 / Zentralheizung; s REAL - Niederösterreich. ~32 min drive (21st district) / ~100 min PT (8th district). adid 1645135136, first published 2026-07-02.",2026-10-08,disappeared,2026-10-08,2026-10-08,2026-10-09,,,,,disappeared,makler,ISPRIVATE=0; Provision: 3% des Kaufpreises zzgl. 20% USt.,s REAL - Niederösterreich,3526.32,6.1,3.6,11725,3685,5025,12060,32495,367495,,nicht angegeben (willhaben detail),unknown,Renoviert,willhaben detail (condition/description),img/S2W51.jpg,archive/S2W51.html,2026-10-08,2026-10-08T10:36,,,,,,,,,,,,,,,,,,
S2W52,EFH — 2130 Hüttendorf - Liebevoll saniertes Zuhause mit Pool - bereit für neue Erinnerungen (Hüttendorf),honourable,,EFH,Hüttendorf,2130,Bezirk Mistelbach / Mistelbach,S2 Wolkersdorf/Mistelbach,350000,,121.0,646.0,3,1950,C,78.9,Sonstige,Pellets,Pelletsheizung; Pelletheizung · also Photovoltaik; PV,True,True,,False,False,True,Renoviert; Neubau; Baujahr 1950,,,,,54,osrm_free_flow,89,vao_hafas_weekday_100000_best_of_5_from_town_centre (no stop within walking range of the listing pin),48.579178,16.54863,listing_coords,https://www.willhaben.at/iad/immobilien/d/haus-kaufen/niederoesterreich/mistelbach/2130-huettendorf-liebevoll-saniertes-zuhause-mit-pool-bereit-fuer-neue-erinnerungen-885971507/,,"Region expansion 2026-10-08 (S2 Wolkersdorf/Mistelbach). Hüttendorf EFH €350.000 / 121 m² / 3 rooms / plot 646 m² / BJ 1950 / HWB C 78.9 / Sonstige; Donau-Immobilien dieHausberater24 GmbH & Co KG. ~54 min drive (21st district) / ~89 min PT (8th district). adid 885971507, first published 2026-10-01.",2026-10-08,active,2026-10-08,2026-10-10,,,,,,seen,makler,ISPRIVATE=0; Provision: 3% des Kaufpreises zzgl. 20% USt.,Donau-Immobilien dieHausberater24 GmbH & Co KG,2892.56,6.1,3.6,12250,3850,5250,12600,33950,383950,200.0,willhaben MONTHCOSTS_GROSS,unknown,Renoviert,willhaben detail (condition/description),img/S2W52.jpg,archive/S2W52.html,2026-10-08,2026-10-08T10:36,31,Not recommended,"{""cost"":31.8,""pt"":5.7,""drive"":0.3,""living"":4.1,""garden"":9.5,""storage"":5,""room5"":0,""sauna"":0,""penalty"":-25}",False,Weak fit (31/100): Low overall cost (est. €439k–€494k incl. renovation); Large garden (est. ~573 m²); Long drive to the 21st district (54 min).,Low overall cost (est. €439k–€494k incl. renovation) | Large garden (est. ~573 m²) | Cellar mentioned,Long drive to the 21st district (54 min) | Only 3 rooms — fails the 4-room need,"Renovate to own taste; NÖ/federal renovation subsidies (e.g. Sanierungsbonus, heating replacement) may reduce cost",55000,110000,438950,493950,295,"Est. ~€295/month: BK €200 (listing) + heating ~€95 (HWB 79, Pellets). Estimate.",yes,573,2026-10-10,pre-1970 or HWB F/G: substantial renovation €450–900/m²
S2W53,EFH — Gemütliches Einfamilienhaus in Mistelbach (Mistelbach),honourable,,EFH,Mistelbach,2130,Bezirk Mistelbach / Mistelbach,S2 Wolkersdorf/Mistelbach,220000,,75.0,194.0,3,1985,,,Gasheizung,Gas,Gasheizung,True,False,,False,False,False,Sehr gut/gut; Baujahr 1985,,,,,39,osrm_free_flow,102,vao_hafas_weekday_100000_best_of_6,48.57681,16.585272,listing_coords,https://www.willhaben.at/iad/immobilien/d/haus-kaufen/niederoesterreich/mistelbach/gemuetliches-einfamilienhaus-in-mistelbach-2065922052/,,"Region expansion 2026-10-08 (S2 Wolkersdorf/Mistelbach). Mistelbach EFH €220.000 / 75 m² / 3 rooms / plot 194 m² / BJ 1985 / Gasheizung; Immo-Company Haas & Urban Immobilien GmbH. ~39 min drive (21st district) / ~102 min PT (8th district). adid 2065922052, first published 2026-10-05.",2026-10-08,active,2026-10-08,2026-10-10,,,,,,seen,makler,ISPRIVATE=0; Provision: 3% des Kaufpreises zzgl. 20% USt.,Immo-Company Haas & Urban Immobilien GmbH,2933.33,6.1,3.6,7700,2420,3300,7920,21340,241340,,nicht angegeben (willhaben detail),unknown,Sehr gut/gut,willhaben detail (condition/description),img/S2W53.jpg,archive/S2W53.html,2026-10-08,2026-10-08T10:36,30,Not recommended,"{""cost"":45.0,""pt"":2.2,""drive"":4.6,""living"":0.0,""garden"":1.0,""storage"":2,""room5"":0,""sauna"":0,""penalty"":-25}",False,Weak fit (30/100): Low overall cost (est. €261k–€286k incl. renovation); Some storage (no cellar named); Long public-transport commute to the 8th district (102 min).,Low overall cost (est. €261k–€286k incl. renovation) | Some storage (no cellar named),Long public-transport commute to the 8th district (102 min) | Only 3 rooms — fails the 4-room need | Small living area (75 m²) | Little garden (est. ~149 m²),Negotiate on price; check BK and heating bills,20000,45000,261340,286340,285,"Est. ~€285/month: BK €150 (assumed, not in listing) + heating ~€135 (HWB 180 assumed, Gas). Estimate.",storage,149,2026-10-10,1970–89 or HWB D/E: partial renovation €250–600/m²
S2W54,"EFH — Unterkellertes Einfamilienhaus im Grünen / Wien Nähe, mit großem Garten, Garage und Sauna. (Obersdorf)",over_budget,,EFH,Obersdorf,2120,Bezirk Mistelbach / Wolkersdorf im Weinviertel,S2 Wolkersdorf/Mistelbach,469000,over budget (+€19k),84.41,942.0,3,1980,D,250.0,Zentralheizung,Gas,Gasheizung,True,True,Garage,True,True,False,Sehr gut/gut; Altbau; Baujahr 1980; Keller,,,,,23,osrm_free_flow,71,vao_hafas_weekday_100000_best_of_5,48.35962,16.544449,listing_coords,https://www.willhaben.at/iad/immobilien/d/haus-kaufen/niederoesterreich/mistelbach/unterkellertes-einfamilienhaus-im-gruenen-wien-naehe-mit-grossem-garten-garage-und-sauna-1910128891/,,"Region expansion 2026-10-08 (S2 Wolkersdorf/Mistelbach). Obersdorf EFH €469.000 / 84 m² / 3 rooms / plot 942 m² / BJ 1980 / HWB D 250.0 / Zentralheizung; AK Sonnen Immobilien GmbH. ~23 min drive (21st district) / ~71 min PT (8th district). adid 1910128891, first published 2026-09-15.",2026-10-08,active,2026-10-08,2026-10-10,,,,,,seen,makler,"ISPRIVATE=0; Provision: 16.884,00 EUR inkl. 20% USt.",AK Sonnen Immobilien GmbH,5556.21,6.1,3.6,16415,5159,7035,16884,45493,514493,373.0,willhaben MONTHCOSTS_GROSS,unknown,Sehr gut/gut,willhaben detail (condition/description),img/S2W54.jpg,archive/S2W54.html,2026-10-08,2026-10-08T10:36,26,Not recommended,"{""cost"":12.9,""pt"":10.6,""drive"":9.1,""living"":0.0,""garden"":10.0,""storage"":5,""room5"":0,""sauna"":3,""penalty"":-25}",False,Weak fit (26/100): Short drive to the 21st district (23 min); Large garden (est. ~891 m²); Only 3 rooms — fails the 4-room need.,Short drive to the 21st district (23 min) | Large garden (est. ~891 m²) | Cellar mentioned | Sauna,Only 3 rooms — fails the 4-room need | Small living area (84 m²),"Big plot: room for play area, garden shed or extension",20000,50000,534493,564493,584,"Est. ~€584/month: BK €373 (listing) + heating ~€211 (HWB 250, Gas). Estimate.",yes,891,2026-10-10,1970–89 or HWB D/E: partial renovation €250–600/m²
S2W55,EFH — Gepflegtes Einfamilienhaus in Riedenthal - Nähe Wolkersdorf (Riedenthal),over_budget,,EFH,Riedenthal,2122,Bezirk Mistelbach / Wolkersdorf im Weinviertel,S2 Wolkersdorf/Mistelbach,489000,over budget (+€39k),180.0,,3,1983,f,249.9,Zentralheizung,Gas,Gasheizung,True,True,,True,False,False,Baujahr 1983; Keller,,,,,22,osrm_free_flow,68,vao_hafas_weekday_100000_best_of_5,48.397636,16.493063,listing_coords,https://www.willhaben.at/iad/immobilien/d/haus-kaufen/niederoesterreich/mistelbach/gepflegtes-einfamilienhaus-in-riedenthal-naehe-wolkersdorf-1711930184/,,"Region expansion 2026-10-08 (S2 Wolkersdorf/Mistelbach). Riedenthal EFH €489.000 / 180 m² / 3 rooms / plot not stated / BJ 1983 / HWB f 249.9 / Zentralheizung; Raiffeisen Immobilien Vermittlung Ges.m.b.H.. ~22 min drive (21st district) / ~68 min PT (8th district). adid 1711930184, first published 2026-06-15.",2026-10-08,active,2026-10-08,2026-10-10,,,,,,seen,makler,ISPRIVATE=0; Provision: 3% des Kaufpreises plus 20% USt.,Raiffeisen Immobilien Vermittlung Ges.m.b.H.,2716.67,6.1,3.6,17115,5379,7335,17604,47433,536433,132.0,willhaben MONTHCOSTS_GROSS,unknown,,willhaben detail (condition/description),img/S2W55.jpg,archive/S2W55.html,2026-10-08,2026-10-08T10:36,10,Not recommended,"{""cost"":0.0,""pt"":11.5,""drive"":9.4,""living"":8.0,""garden"":1.0,""storage"":5,""room5"":0,""sauna"":0,""penalty"":-25}",False,Weak fit (10/100): Short drive to the 21st district (22 min); Spacious (180 m² living); High overall cost (est. €616k–€696k incl. renovation).,Short drive to the 21st district (22 min) | Spacious (180 m² living) | Cellar mentioned,High overall cost (est. €616k–€696k incl. renovation) | Only 3 rooms — fails the 4-room need | Garden size unknown,"Renovate to own taste; NÖ/federal renovation subsidies (e.g. Sanierungsbonus, heating replacement) may reduce cost",80000,160000,616433,696433,582,"Est. ~€582/month: BK €132 (listing) + heating ~€450 (HWB 250, Gas). Estimate.",yes,,2026-10-10,pre-1970 or HWB F/G: substantial renovation €450–900/m²
HL1,EFH — 2014 Puch Bauernhof (Vierkanthof) viel Platz und noch mehr Möglichkeiten! (Puch),shortlist,,EFH,Puch,2014,Bezirk Hollabrunn / Hollabrunn,Hollabrunn/Korneuburg-north,178000,,180.0,1357.0,7,,,,"Zentralheizung, Pellets",Pellets,Pellets,,False,,False,False,False,,,,,,36,osrm_free_flow,82,vao_hafas_weekday_100000_best_of_5,48.51207,16.067282,listing_coords,https://www.willhaben.at/iad/immobilien/d/haus-kaufen/niederoesterreich/hollabrunn/2014-puch-bauernhof-vierkanthof-viel-platz-und-noch-mehr-moeglichkeiten-1312717645/,,"Region expansion 2026-10-08 (Hollabrunn/Korneuburg-north). Puch EFH €178.000 / 180 m² / 7 rooms / plot 1357 m² / Zentralheizung, Pellets; FIX IMMO FW GmbH. ~36 min drive (21st district) / ~82 min PT (8th district). adid 1312717645, first published 2026-10-02.",2026-10-08,active,2026-10-08,2026-10-10,,,,,,seen,makler,ISPRIVATE=0,FIX IMMO FW GmbH,988.89,6.1,3.6,6230,1958,2670,6408,17266,195266,,nicht angegeben (willhaben detail),unknown,,willhaben detail (condition/description),img/HL1.jpg,archive/HL1.html,2026-10-08,2026-10-08T10:36,85,Highly recommended,"{""cost"":45.0,""pt"":7.6,""drive"":5.4,""living"":8.0,""garden"":10.0,""storage"":5,""room5"":4,""sauna"":0,""penalty"":0}",True,Top family fit (85/100): Low overall cost (est. €220k–€285k incl. renovation); 7 rooms: one spare for guests/office.,Low overall cost (est. €220k–€285k incl. renovation) | 7 rooms: one spare for guests/office | Spacious (180 m² living) | Large garden (est. ~1249 m²) | Cellar mentioned,,"Big plot: room for play area, garden shed or extension",25000,90000,220266,285266,474,"Est. ~€474/month: BK €150 (assumed, not in listing) + heating ~€324 (HWB 180 assumed, Pellets). Estimate.",yes,1249,2026-10-10,condition unknown: €150–500/m²
HL2,EFH — Charmantes Einfamilienhaus in sonniger Lage! (Hollabrunn),shortlist,,EFH,Hollabrunn,2020,Bezirk Hollabrunn / Hollabrunn,Hollabrunn/Korneuburg-north,224000,,93.0,670.0,4,1934,F,212.0,,Gas,Gaszentralheizung,True,True,Parkplatz,False,False,False,Baujahr 1934; Keller,,,,,39,osrm_free_flow,69,vao_hafas_weekday_100000_best_of_5,48.56254,16.079803,listing_coords,https://www.willhaben.at/iad/immobilien/d/haus-kaufen/niederoesterreich/hollabrunn/charmantes-einfamilienhaus-in-sonniger-lage-1309230851/,,"Region expansion 2026-10-08 (Hollabrunn/Korneuburg-north). Hollabrunn EFH €224.000 / 93 m² / 4 rooms / plot 670 m² / BJ 1934 / HWB F 212.0; SMK Immo Treuhand GmbH. ~39 min drive (21st district) / ~69 min PT (8th district). adid 1309230851, first published 2026-10-05.",2026-10-08,active,2026-10-08,2026-10-10,,,,,,seen,makler,ISPRIVATE=0,SMK Immo Treuhand GmbH,2408.6,6.1,3.6,7840,2464,3360,8064,21728,245728,,nicht angegeben (willhaben detail),unknown,,willhaben detail (condition/description),img/HL2.jpg,archive/HL2.html,2026-10-08,2026-10-08T10:36,76,Highly recommended,"{""cost"":45.0,""pt"":11.2,""drive"":4.6,""living"":0.4,""garden"":10.0,""storage"":5,""room5"":0,""sauna"":0,""penalty"":0}",True,Top family fit (76/100): Low overall cost (est. €286k–€331k incl. renovation); 4 rooms: meets the parents/boys/girls need; Small living area (93 m²).,Low overall cost (est. €286k–€331k incl. renovation) | 4 rooms: meets the parents/boys/girls need | Large garden (est. ~614 m²) | Cellar mentioned,Small living area (93 m²),"Big plot: room for play area, garden shed or extension | Cellar could take an office/hobby room",40000,85000,285728,330728,347,"Est. ~€347/month: BK €150 (assumed, not in listing) + heating ~€197 (HWB 212, Gas). Estimate.",yes,614,2026-10-10,pre-1970 or HWB F/G: substantial renovation €450–900/m²
HL3,EFH — Doppelhaushälfte mit schönem Garten in Ziersdorf! (Ziersdorf),shortlist,,EFH,Ziersdorf,3710,Bezirk Hollabrunn / Ziersdorf,Hollabrunn/Korneuburg-north,337000,,152.0,711.0,5,,D,149.0,,Air-source heat pump,Luftwärmepumpe,True,True,"Garage, Parkplatz",True,False,False,Keller,,,,,42,osrm_free_flow,82,vao_hafas_weekday_100000_best_of_5,48.527172,15.928564,listing_coords,https://www.willhaben.at/iad/immobilien/d/haus-kaufen/niederoesterreich/hollabrunn/doppelhaushaelfte-mit-schoenem-garten-in-ziersdorf-784291430/,,"Region expansion 2026-10-08 (Hollabrunn/Korneuburg-north). Ziersdorf EFH €337.000 / 152 m² / 5 rooms / plot 711 m² / HWB D 149.0; SMK Immo Treuhand GmbH. ~42 min drive (21st district) / ~82 min PT (8th district). adid 784291430, first published 2026-09-11.",2026-10-08,active,2026-10-08,2026-10-10,,,,,,seen,makler,ISPRIVATE=0,SMK Immo Treuhand GmbH,2217.11,6.1,3.6,11795,3707,5055,12132,32689,369689,,nicht angegeben (willhaben detail),unknown,,willhaben detail (condition/description),img/HL3.jpg,archive/HL3.html,2026-10-08,2026-10-08T10:36,76,Worth a look,"{""cost"":37.2,""pt"":7.6,""drive"":3.7,""living"":8.0,""garden"":10.0,""storage"":5,""room5"":4,""sauna"":0,""penalty"":0}",True,Possible fit (76/100): Low overall cost (est. €410k–€460k incl. renovation); 5 rooms: one spare for guests/office.,Low overall cost (est. €410k–€460k incl. renovation) | 5 rooms: one spare for guests/office | Spacious (152 m² living) | Large garden (est. ~619 m²) | Cellar mentioned,,"Big plot: room for play area, garden shed or extension",40000,90000,409689,459689,282,"Est. ~€282/month: BK €150 (assumed, not in listing) + heating ~€132 (HWB 149, Air-source heat pump). Estimate.",yes,619,2026-10-10,1970–89 or HWB D/E: partial renovation €250–600/m²
HL4,EFH — Wohnhaus mit 868m² Grund (Magersdorf),shortlist,,EFH,Magersdorf,2020,Bezirk Hollabrunn / Hollabrunn,Hollabrunn/Korneuburg-north,190000,price reduced on willhaben (was €219.000),112.0,868.0,4,1968,G,316.7,Zentralheizung,Oil,Ölheizung,True,True,"Garage, Parkplatz",True,False,False,Neubau; Baujahr 1968; Keller,,,,,43,osrm_free_flow,90,vao_hafas_weekday_100000_best_of_5,48.550922,16.101942,listing_coords,https://www.willhaben.at/iad/immobilien/d/haus-kaufen/niederoesterreich/hollabrunn/wohnhaus-mit-868m-grund-1236176613/,,"Region expansion 2026-10-08 (Hollabrunn/Korneuburg-north). Magersdorf EFH €190.000 / 112 m² / 4 rooms / plot 868 m² / BJ 1968 / HWB G 316.7 / Zentralheizung; Invest-Real Immobilientreuhänder GmbH. ~43 min drive (21st district) / ~90 min PT (8th district). room count read from the description. adid 1236176613, first published 2026-03-05.",2026-10-08,active,2026-10-08,2026-10-10,,,,,,seen,makler,ISPRIVATE=0; Provision: 3% des Kaufpreises zzgl. 20% USt.,Invest-Real Immobilientreuhänder GmbH,1696.43,6.1,3.6,6650,2090,2850,6840,18430,208430,,nicht angegeben (willhaben detail),unknown,,willhaben detail (condition/description),img/HL4.jpg,archive/HL4.html,2026-10-08,2026-10-08T10:36,72,Worth a look,"{""cost"":45.0,""pt"":5.5,""drive"":3.4,""living"":2.9,""garden"":10.0,""storage"":5,""room5"":0,""sauna"":0,""penalty"":0}",True,Possible fit (72/100): Low overall cost (est. €273k–€333k incl. renovation); 4 rooms: meets the parents/boys/girls need; Oil heating: replacement expected.,Low overall cost (est. €273k–€333k incl. renovation) | 4 rooms: meets the parents/boys/girls need | Large garden (est. ~800 m²) | Cellar mentioned,Oil heating: replacement expected,"Renovate to own taste; NÖ/federal renovation subsidies (e.g. Sanierungsbonus, heating replacement) may reduce cost | Big plot: room for play area, garden shed or extension | Cellar could take an office/hobby room",65000,125000,273430,333430,505,"Est. ~€505/month: BK €150 (assumed, not in listing) + heating ~€355 (HWB 317, Oil). Estimate.",yes,800,2026-10-10,pre-1970 or HWB F/G: substantial renovation €450–900/m²; + €15–25k oil-heating replacement
HL5,"EFH — LIEBEVOLLES, RENOVIERUNGSBEDÜRFTIGES LANDHAUS MIT NEBENGEBÄUDEN UND KLEINEM INNENHOF (Inkersdorf)",shortlist,,EFH,Inkersdorf,3701,Bezirk Korneuburg / Stetteldorf am Wagram,Hollabrunn/Korneuburg-north,245000,,92.45,587.0,4,1971,g,360.0,Zentralheizung,Gas,Gaszentralheizung; Gasheizung · also feste Brennstoffe,True,True,Garage,True,False,False,Baujahr 1971; Keller,,,,,45,osrm_free_flow,75,vao_hafas_weekday_100000_best_of_8_from_town_centre (no stop within walking range of the listing pin),48.481888,15.98905,listing_coords,https://www.willhaben.at/iad/immobilien/d/haus-kaufen/niederoesterreich/korneuburg/liebevolles-renovierungsbeduerftiges-landhaus-mit-nebengebaeuden-und-kleinem-innenhof-1345440854/,,"Region expansion 2026-10-08 (Hollabrunn/Korneuburg-north). Inkersdorf EFH €245.000 / 92 m² / 4 rooms / plot 587 m² / BJ 1971 / HWB g 360.0 / Zentralheizung; Raiffeisen Immobilien Vermittlung Ges.m.b.H.. ~45 min drive (21st district) / ~75 min PT (8th district). needs renovation. adid 1345440854, first published 2026-07-01.",2026-10-08,active,2026-10-08,2026-10-10,,,,,,seen,makler,ISPRIVATE=0; Provision: 3% des Kaufpreises plus 20% USt.,Raiffeisen Immobilien Vermittlung Ges.m.b.H.,2650.08,6.1,3.6,8575,2695,3675,8820,23765,268765,,nicht angegeben (willhaben detail),sanierungsbedarf,,willhaben detail (condition/description),img/HL5.jpg,archive/HL5.html,2026-10-08,2026-10-08T10:36,71,Worth a look,"{""cost"":44.3,""pt"":9.5,""drive"":2.9,""living"":0.3,""garden"":8.6,""storage"":5,""room5"":0,""sauna"":0,""penalty"":0}",True,Possible fit (71/100): Low overall cost (est. €334k–€399k incl. renovation); 4 rooms: meets the parents/boys/girls need; Small living area (92 m²).,Low overall cost (est. €334k–€399k incl. renovation) | 4 rooms: meets the parents/boys/girls need | Large garden (est. ~531 m²) | Cellar mentioned,Small living area (92 m²),"Renovate to own taste; NÖ/federal renovation subsidies (e.g. Sanierungsbonus, heating replacement) may reduce cost | Cellar could take an office/hobby room",65000,130000,333765,398765,483,"Est. ~€483/month: BK €150 (assumed, not in listing) + heating ~€333 (HWB 360, Gas). Estimate.",yes,531,2026-10-10,"renovation needed, heavy (old/poor energy/complete): €700–1,400/m²"
HL6,EFH — Großzügiges Einfamilienhaus mit Traumgarten und Garage (Roseldorf),shortlist,,EFH,Roseldorf,3714,Bezirk Hollabrunn / Sitzendorf an der Schmida,Hollabrunn/Korneuburg-north,249000,,130.0,1336.0,5,,d,150.0,Zentralheizung,Oil,Ölheizung,True,True,Garage,True,False,True,,,,,,54,osrm_free_flow,95,vao_hafas_weekday_100000_best_of_5,48.608917,15.938423,listing_coords,https://www.willhaben.at/iad/immobilien/d/haus-kaufen/niederoesterreich/hollabrunn/grosszuegiges-einfamilienhaus-mit-traumgarten-und-garage-835732845/,,"Region expansion 2026-10-08 (Hollabrunn/Korneuburg-north). Roseldorf EFH €249.000 / 130 m² / 5 rooms / plot 1336 m² / HWB d 150.0 / Zentralheizung; Raiffeisen Immobilien Vermittlung Ges.m.b.H.. ~54 min drive (21st district) / ~95 min PT (8th district). adid 835732845, first published 2026-07-12.",2026-10-08,active,2026-10-08,2026-10-10,,,,,,seen,makler,ISPRIVATE=0; Provision: 3% des Kaufpreises plus 20% USt.,Raiffeisen Immobilien Vermittlung Ges.m.b.H.,1915.38,6.1,3.6,8715,2739,3735,8964,24153,273153,,nicht angegeben (willhaben detail),unknown,,willhaben detail (condition/description),img/HL6.jpg,archive/HL6.html,2026-10-08,2026-10-08T10:36,71,Worth a look,"{""cost"":45.0,""pt"":4.1,""drive"":0.3,""living"":5.3,""garden"":10.0,""storage"":2,""room5"":4,""sauna"":0,""penalty"":0}",True,Possible fit (71/100): Low overall cost (est. €323k–€378k incl. renovation); 5 rooms: one spare for guests/office; Long public-transport commute to the 8th district (95 min).,Low overall cost (est. €323k–€378k incl. renovation) | 5 rooms: one spare for guests/office | Large garden (est. ~1258 m²) | Some storage (no cellar named),Long public-transport commute to the 8th district (95 min) | Long drive to the 21st district (54 min) | Oil heating: replacement expected,"Renovate to own taste; NÖ/federal renovation subsidies (e.g. Sanierungsbonus, heating replacement) may reduce cost | Big plot: room for play area, garden shed or extension",50000,105000,323153,378153,345,"Est. ~€345/month: BK €150 (assumed, not in listing) + heating ~€195 (HWB 150, Oil). Estimate.",storage,1258,2026-10-10,1970–89 or HWB D/E: partial renovation €250–600/m²; + €15–25k oil-heating replacement
HL7,"EFH — ""Der nächste Sommer plantscht ins Wasser"" (Mollmannsdorf)",shortlist,,EFH,Mollmannsdorf,2111,Bezirk Korneuburg / Harmannsdorf,Hollabrunn/Korneuburg-north,375000,,125.0,313.0,4,2006,C,67.0,Zentralheizung,Gas,Gaszentralheizung; Gasheizung,True,True,Garage,True,False,True,Sehr gut/gut; Baujahr 2006; Keller,,,,,23,osrm_free_flow,72,vao_hafas_weekday_100000_best_of_5,48.414875,16.405096,listing_coords,https://www.willhaben.at/iad/immobilien/d/haus-kaufen/niederoesterreich/korneuburg/-der-naechste-sommer-plantscht-ins-wasser-1190461024/,,"Region expansion 2026-10-08 (Hollabrunn/Korneuburg-north). Mollmannsdorf EFH €375.000 / 125 m² / 4 rooms / plot 313 m² / BJ 2006 / HWB C 67.0 / Zentralheizung; REMAX Donau-City-Immobilien. ~23 min drive (21st district) / ~72 min PT (8th district). adid 1190461024, first published 2026-09-23.",2026-10-08,active,2026-10-08,2026-10-10,,,,,,seen,makler,ISPRIVATE=0; Provision: 3% des Kaufpreises zzgl. 20% USt.,REMAX Donau-City-Immobilien,3000.0,6.1,3.6,13125,4125,5625,13500,36375,411375,,nicht angegeben (willhaben detail),unknown,Sehr gut/gut,willhaben detail (condition/description),img/HL7.jpg,archive/HL7.html,2026-10-08,2026-10-08T10:36,71,Worth a look,"{""cost"":38.7,""pt"":10.4,""drive"":9.1,""living"":4.7,""garden"":2.8,""storage"":5,""room5"":0,""sauna"":0,""penalty"":0}",True,Possible fit (71/100): Low overall cost (est. €421k–€441k incl. renovation); Short drive to the 21st district (23 min).,Low overall cost (est. €421k–€441k incl. renovation) | Short drive to the 21st district (23 min) | 4 rooms: meets the parents/boys/girls need | Cellar mentioned,,Cellar could take an office/hobby room,10000,30000,421375,441375,234,"Est. ~€234/month: BK €150 (assumed, not in listing) + heating ~€84 (HWB 67, Gas). Estimate.",yes,238,2026-10-10,1990–2009 or HWB C: refresh €80–250/m²
HL8,EFH — FAMILIENHIT in STRANZENDORF | ca. 188 m² WFL | ca. 413 m² GRUND | GARTEN | Südbalkon | Gar (Stranzendorf),shortlist,,EFH,Stranzendorf,3702,Bezirk Korneuburg / Rußbach,Hollabrunn/Korneuburg-north,279000,price reduced on willhaben (was €289.000),188.0,413.0,4,1975,E,160.2,Zentralheizung,Oil,Ölheizung,True,True,"Garage, Parkplatz",True,False,False,Sehr gut/gut; Neubau; Baujahr 1975,,,,,30,osrm_free_flow,74,vao_hafas_weekday_100000_best_of_5_from_town_centre (no stop within walking range of the listing pin),48.43855,16.076664,listing_coords,https://www.willhaben.at/iad/immobilien/d/haus-kaufen/niederoesterreich/korneuburg/familienhit-in-stranzendorf-ca-188-m-wfl-ca-413-m-grund-garten-suedbalkon-garage-1791050539/,,"Region expansion 2026-10-08 (Hollabrunn/Korneuburg-north). Stranzendorf EFH €279.000 / 188 m² / 4 rooms / plot 413 m² / BJ 1975 / HWB E 160.2 / Zentralheizung; Raumwert Immobilien Gmbh. ~30 min drive (21st district) / ~74 min PT (8th district). adid 1791050539, first published 2026-02-23.",2026-10-08,active,2026-10-08,2026-10-10,,,,,,seen,makler,"ISPRIVATE=0; Provision: 10.044,00 EUR inkl. 20% USt.",Raumwert Immobilien Gmbh,1484.04,6.1,3.6,9765,3069,4185,10044,27063,306063,106.33,willhaben MONTHCOSTS_GROSS,unknown,Sehr gut/gut,willhaben detail (condition/description),img/HL8.jpg,archive/HL8.html,2026-10-08,2026-10-08T10:36,70,Worth a look,"{""cost"":39.4,""pt"":9.8,""drive"":7.1,""living"":8.0,""garden"":4.0,""storage"":2,""room5"":0,""sauna"":0,""penalty"":0}",True,Possible fit (70/100): Low overall cost (est. €366k–€446k incl. renovation); Short drive to the 21st district (30 min); Oil heating: replacement expected.,Low overall cost (est. €366k–€446k incl. renovation) | Short drive to the 21st district (30 min) | 4 rooms: meets the parents/boys/girls need | Spacious (188 m² living) | Some storage (no cellar named),Oil heating: replacement expected,"Renovate to own taste; NÖ/federal renovation subsidies (e.g. Sanierungsbonus, heating replacement) may reduce cost",60000,140000,366063,446063,408,"Est. ~€408/month: BK €106 (listing) + heating ~€301 (HWB 160, Oil). Estimate.",storage,300,2026-10-10,1970–89 or HWB D/E: partial renovation €250–600/m²; + €15–25k oil-heating replacement
HL9,"EFH — RARITÄT IN HOLLABRUNN: CHARMANTES, SANIERUNGSBEDÜRTIGES LANDHAUS MIT BAULANDRESERVE IN SEH (Hollabrunn)",shortlist,,EFH,Hollabrunn,2020,Bezirk Hollabrunn / Hollabrunn,Hollabrunn/Korneuburg-north,298000,,130.0,1566.0,6,,f,247.0,Zentralheizung,Gas,Gaszentralheizung; Gasheizung,True,True,"Carport, Garage",True,False,False,,,,,,40,osrm_free_flow,81,vao_hafas_weekday_100000_best_of_5,48.54817,16.072758,listing_coords,https://www.willhaben.at/iad/immobilien/d/haus-kaufen/niederoesterreich/hollabrunn/raritaet-in-hollabrunn-charmantes-sanierungsbeduertiges-landhaus-mit-baulandreserve-in-sehr-guter-wohnlage-mit-herrlichem-garten-samt-altbaumbestand-1262398927/,,"Region expansion 2026-10-08 (Hollabrunn/Korneuburg-north). Hollabrunn EFH €298.000 / 130 m² / 6 rooms / plot 1566 m² / HWB f 247.0 / Zentralheizung; Raiffeisen Immobilien Vermittlung Ges.m.b.H.. ~40 min drive (21st district) / ~81 min PT (8th district). adid 1262398927, first published 2025-12-05.",2026-10-08,active,2026-10-08,2026-10-10,,,,,,seen,makler,ISPRIVATE=0; Provision: 3% des Kaufpreises plus 20% USt.,Raiffeisen Immobilien Vermittlung Ges.m.b.H.,2292.31,6.1,3.6,10430,3278,4470,10728,28906,326906,,nicht angegeben (willhaben detail),unknown,,willhaben detail (condition/description),img/HL9.jpg,archive/HL9.html,2026-10-08,2026-10-08T10:36,70,Worth a look,"{""cost"":36.8,""pt"":7.9,""drive"":4.3,""living"":5.3,""garden"":10.0,""storage"":2,""room5"":4,""sauna"":0,""penalty"":0}",True,Possible fit (70/100): Low overall cost (est. €387k–€442k incl. renovation); 6 rooms: one spare for guests/office.,Low overall cost (est. €387k–€442k incl. renovation) | 6 rooms: one spare for guests/office | Large garden (est. ~1488 m²) | Some storage (no cellar named),,"Renovate to own taste; NÖ/federal renovation subsidies (e.g. Sanierungsbonus, heating replacement) may reduce cost | Big plot: room for play area, garden shed or extension",60000,115000,386906,441906,471,"Est. ~€471/month: BK €150 (assumed, not in listing) + heating ~€321 (HWB 247, Gas). Estimate.",storage,1488,2026-10-10,pre-1970 or HWB F/G: substantial renovation €450–900/m²
HL11,EFH — Großzügiger Vierkanthof mit Entwicklungspotenzial (Goggendorf),shortlist,,EFH,Goggendorf,3714,Bezirk Hollabrunn / Sitzendorf an der Schmida,Hollabrunn/Korneuburg-north,189000,,155.0,2380.0,5,,G,448.0,,Unknown,no heating system named in the listing text,,False,,False,False,False,Keller,,,,,54,osrm_free_flow,95,vao_hafas_weekday_100000_best_of_5,48.608917,15.938423,listing_coords,https://www.willhaben.at/iad/immobilien/d/haus-kaufen/niederoesterreich/hollabrunn/grosszuegiger-vierkanthof-mit-entwicklungspotenzial-1239540979/,,"Region expansion 2026-10-08 (Hollabrunn/Korneuburg-north). Goggendorf EFH €189.000 / 155 m² / 5 rooms / plot 2380 m² / HWB G 448.0; SMK Immo Treuhand GmbH. ~54 min drive (21st district) / ~95 min PT (8th district). needs renovation. adid 1239540979, first published 2026-07-17.",2026-10-08,disappeared,2026-10-08,2026-10-08,2026-10-09,,,,,disappeared,makler,ISPRIVATE=0,SMK Immo Treuhand GmbH,1219.35,6.1,3.6,6615,2079,2835,6804,18333,207333,,nicht angegeben (willhaben detail),sanierungsbedarf,,willhaben detail (condition/description),img/HL11.jpg,archive/HL11.html,2026-10-08,2026-10-08T10:36,,,,,,,,,,,,,,,,,,
HL12,EFH — Würnitz - charmantes Einfamilienhaus mit zwei Wohneinheiten I ausgebautes DG I Keller mit (Würnitz),shortlist,,EFH,Würnitz,2112,Bezirk Korneuburg / Harmannsdorf,Hollabrunn/Korneuburg-north,399000,,166.96,1354.0,5,,,,Sonstige,Oil,Ölheizung,True,True,"Garage, Parkplatz",True,True,True,Sehr gut/gut; Neubau; Keller,,,,,26,osrm_free_flow,79,vao_hafas_weekday_100000_best_of_5,48.43434,16.423298,listing_coords,https://www.willhaben.at/iad/immobilien/d/haus-kaufen/niederoesterreich/korneuburg/wuernitz-charmantes-einfamilienhaus-mit-zwei-wohneinheiten-i-ausgebautes-dg-i-keller-mit-hobbyraum-und-wellnessbereich-i-rund-1-350m-grundstueck-i-zwischen-korneuburg-und-bisamberg-1211931165/,,"Region expansion 2026-10-08 (Hollabrunn/Korneuburg-north). Würnitz EFH €399.000 / 167 m² / 5 rooms / plot 1354 m² / Sonstige; RIWOG Real Estate Management GmbH. ~26 min drive (21st district) / ~79 min PT (8th district). adid 1211931165, first published 2026-10-06. Same house also listed by Polaris Real Estate at €449k (adid 1541671847); that ad says the plan/permit situation is not secured per the documents: check before any viewing. Two residential units in one house (works as one family home or with a granny flat).",2026-10-08,active,2026-10-08,2026-10-10,,,,,,seen,makler,"ISPRIVATE=0; Provision: 14.364,00 EUR inkl. 20% USt.",RIWOG Real Estate Management GmbH,2389.79,6.1,3.6,13965,4389,5985,14364,38703,437703,,nicht angegeben (willhaben detail),unknown,Sehr gut/gut,willhaben detail (condition/description),img/HL12.jpg,archive/HL12.html,2026-10-08,2026-10-08T10:36,68,Worth a look,"{""cost"":21.4,""pt"":8.5,""drive"":8.3,""living"":8.0,""garden"":10.0,""storage"":5,""room5"":4,""sauna"":3,""penalty"":0}",True,Possible fit (68/100): Short drive to the 21st district (26 min); 5 rooms: one spare for guests/office; Oil heating: replacement expected.,Short drive to the 21st district (26 min) | 5 rooms: one spare for guests/office | Spacious (167 m² living) | Large garden (est. ~1253 m²) | Cellar mentioned | Sauna,Oil heating: replacement expected,"Big plot: room for play area, garden shed or extension",40000,110000,477703,547703,451,"Est. ~€451/month: BK €150 (assumed, not in listing) + heating ~€301 (HWB 180 assumed, Oil). Estimate.",yes,1253,2026-10-10,condition unknown: €150–500/m²; + €15–25k oil-heating replacement
HL13,EFH — Kleines Paradies in Kalladorf (Wullersdorf),shortlist,,EFH,Wullersdorf,2042,Bezirk Hollabrunn / Wullersdorf,Hollabrunn/Korneuburg-north,145000,,141.0,539.0,6,,G,,Holzofen,Wood,Holzofen,True,False,,False,False,True,Renoviert; Altbau,,,,,48,osrm_free_flow,123,vao_hafas_weekday_100000_best_of_5,48.64085,16.0846,listing_coords,https://www.willhaben.at/iad/immobilien/d/haus-kaufen/niederoesterreich/hollabrunn/kleines-paradies-in-kalladorf-2071082451/,,"Region expansion 2026-10-08 (Hollabrunn/Korneuburg-north). Wullersdorf EFH €145.000 / 141 m² / 6 rooms / plot 539 m² / HWB G / Holzofen; private seller. ~48 min drive (21st district) / ~123 min PT (8th district). needs renovation. adid 2071082451, first published 2026-09-26.",2026-10-08,active,2026-10-08,2026-10-10,,,,,,seen,private,ISPRIVATE=1,,1028.37,6.1,0.0,5075,1595,2175,0,8845,153845,,nicht angegeben (willhaben detail),sanierungsbedarf,Renoviert,willhaben detail (condition/description),img/HL13.jpg,archive/HL13.html,2026-10-08,2026-10-08T10:36,67,Worth a look,"{""cost"":45.0,""pt"":0.0,""drive"":2.0,""living"":6.8,""garden"":7.1,""storage"":2,""room5"":4,""sauna"":0,""penalty"":0}",True,Possible fit (67/100): Low overall cost (est. €254k–€349k incl. renovation); 6 rooms: one spare for guests/office; Long public-transport commute to the 8th district (123 min).,Low overall cost (est. €254k–€349k incl. renovation) | 6 rooms: one spare for guests/office | Spacious (141 m² living) | Large garden (est. ~454 m²) | Some storage (no cellar named),Long public-transport commute to the 8th district (123 min) | Long drive to the 21st district (48 min),"Private seller: no buyer commission | Renovate to own taste; NÖ/federal renovation subsidies (e.g. Sanierungsbonus, heating replacement) may reduce cost",100000,195000,253845,348845,573,"Est. ~€573/month: BK €150 (assumed, not in listing) + heating ~€423 (HWB 300 from class G, Wood). Estimate.",storage,454,2026-10-10,"renovation needed, heavy (old/poor energy/complete): €700–1,400/m²"
HL14,EFH — Sensationeller Preis! (Nappersdorf),shortlist,,EFH,Nappersdorf,2023,Bezirk Hollabrunn / Nappersdorf-Kammersdorf,Hollabrunn/Korneuburg-north,160000,,95.0,764.0,4,,G,382.0,,Unknown,no heating system named in the listing text,True,True,"Garage, Parkplatz",True,False,False,Keller,,,,,50,osrm_free_flow,93,vao_hafas_weekday_100000_best_of_5,48.626472,16.190928,listing_coords,https://www.willhaben.at/iad/immobilien/d/haus-kaufen/niederoesterreich/hollabrunn/sensationeller-preis-1952286367/,,"Region expansion 2026-10-08 (Hollabrunn/Korneuburg-north). Nappersdorf EFH €160.000 / 95 m² / 4 rooms / plot 764 m² / HWB G 382.0; SMK Immo Treuhand GmbH. ~50 min drive (21st district) / ~93 min PT (8th district). adid 1952286367, first published 2026-07-28.",2026-10-08,active,2026-10-08,2026-10-10,,,,,,seen,makler,ISPRIVATE=0,SMK Immo Treuhand GmbH,1684.21,6.1,3.6,5600,1760,2400,5760,15520,175520,,nicht angegeben (willhaben detail),unknown,,willhaben detail (condition/description),img/HL14.jpg,archive/HL14.html,2026-10-08,2026-10-08T10:36,67,Worth a look,"{""cost"":45.0,""pt"":4.6,""drive"":1.4,""living"":0.7,""garden"":10.0,""storage"":5,""room5"":0,""sauna"":0,""penalty"":0}",True,Possible fit (67/100): Low overall cost (est. €221k–€261k incl. renovation); 4 rooms: meets the parents/boys/girls need; Long public-transport commute to the 8th district (93 min).,Low overall cost (est. €221k–€261k incl. renovation) | 4 rooms: meets the parents/boys/girls need | Large garden (est. ~707 m²) | Cellar mentioned,Long public-transport commute to the 8th district (93 min) | Long drive to the 21st district (50 min) | Small living area (95 m²),"Big plot: room for play area, garden shed or extension | Cellar could take an office/hobby room",45000,85000,220520,260520,513,"Est. ~€513/month: BK €150 (assumed, not in listing) + heating ~€363 (HWB 382, Unknown). Estimate.",yes,707,2026-10-10,pre-1970 or HWB F/G: substantial renovation €450–900/m²
HL15,"EFH — GROSSZÜGIGES LANDHAUS MIT GESCHLOSSENEM INNENHOF, STADEL, WERKSTATT UND NEBENGEBÄUDEN SAMT (Puch)",shortlist,,EFH,Puch,2014,Bezirk Hollabrunn / Hollabrunn,Hollabrunn/Korneuburg-north,295000,,178.5,1261.0,6,,f,250.0,Zentralheizung,Oil,Ölheizung,True,True,Garage,True,False,False,,,,,,36,osrm_free_flow,82,vao_hafas_weekday_100000_best_of_5,48.51207,16.067282,listing_coords,https://www.willhaben.at/iad/immobilien/d/haus-kaufen/niederoesterreich/hollabrunn/grosszuegiges-landhaus-mit-geschlossenem-innenhof-stadel-werkstatt-und-nebengebaeuden-samt-weinkeller-in-paradiesischer-gruenruhelage-842252309/,,"Region expansion 2026-10-08 (Hollabrunn/Korneuburg-north). Puch EFH €295.000 / 178 m² / 6 rooms / plot 1261 m² / HWB f 250.0 / Zentralheizung; Raiffeisen Immobilien Vermittlung Ges.m.b.H.. ~36 min drive (21st district) / ~82 min PT (8th district). adid 842252309, first published 2024-09-25.",2026-10-08,active,2026-10-08,2026-10-10,,,,,,seen,makler,ISPRIVATE=0; Provision: 3% des Kaufpreises plus 20% USt.,Raiffeisen Immobilien Vermittlung Ges.m.b.H.,1652.66,6.1,3.6,10325,3245,4425,10620,28615,323615,,nicht angegeben (willhaben detail),unknown,,willhaben detail (condition/description),img/HL15.jpg,archive/HL15.html,2026-10-08,2026-10-08T10:36,66,Worth a look,"{""cost"":26.5,""pt"":7.6,""drive"":5.4,""living"":8.0,""garden"":10.0,""storage"":5,""room5"":4,""sauna"":0,""penalty"":0}",True,Possible fit (66/100): 6 rooms: one spare for guests/office; Spacious (178 m² living); Oil heating: replacement expected.,6 rooms: one spare for guests/office | Spacious (178 m² living) | Large garden (est. ~1153 m²) | Cellar mentioned,Oil heating: replacement expected,"Renovate to own taste; NÖ/federal renovation subsidies (e.g. Sanierungsbonus, heating replacement) may reduce cost | Big plot: room for play area, garden shed or extension",95000,185000,418615,508615,596,"Est. ~€596/month: BK €150 (assumed, not in listing) + heating ~€446 (HWB 250, Oil). Estimate.",yes,1153,2026-10-10,pre-1970 or HWB F/G: substantial renovation €450–900/m²; + €15–25k oil-heating replacement
HL16,"EFH — Altbau mit Entwicklungspotenzial, großzügigem Garten & Werkstatt (Göllersdorf)",honourable,,EFH,Göllersdorf,2013,Bezirk Hollabrunn / Göllersdorf,Hollabrunn/Korneuburg-north,210000,,204.0,774.0,,,,,,Unknown,no heating system named in the listing text,True,True,,True,False,False,Sanierungsbedürftig; Altbau; Keller,,,,,35,osrm_free_flow,98,vao_hafas_weekday_100000_best_of_6,48.49986,16.106903,listing_coords,https://www.willhaben.at/iad/immobilien/d/haus-kaufen/niederoesterreich/hollabrunn/altbau-mit-entwicklungspotenzial-grosszuegigem-garten-werkstatt-1483809863/,,"Region expansion 2026-10-08 (Hollabrunn/Korneuburg-north). Göllersdorf EFH €210.000 / 204 m² / rooms not stated / plot 774 m²; private seller. ~35 min drive (21st district) / ~98 min PT (8th district). needs renovation. adid 1483809863, first published 2026-09-16.",2026-10-08,active,2026-10-08,2026-10-10,,,,,,seen,private,ISPRIVATE=1,,1029.41,6.1,0.0,7350,2310,3150,0,12810,222810,,nicht angegeben (willhaben detail),sanierungsbedarf,Sanierungsbedürftig,willhaben detail (condition/description),img/HL16.jpg,archive/HL16.html,2026-10-08,2026-10-08T10:36,63,Worth a look,"{""cost"":42.2,""pt"":3.3,""drive"":5.7,""living"":8.0,""garden"":10.0,""storage"":2,""room5"":0,""sauna"":0,""penalty"":-8}",,Possible fit (63/100): Low overall cost (est. €323k–€428k incl. renovation); Spacious (204 m² living); Long public-transport commute to the 8th district (98 min).,Low overall cost (est. €323k–€428k incl. renovation) | Spacious (204 m² living) | Large garden (est. ~651 m²) | Some storage (no cellar named),Long public-transport commute to the 8th district (98 min) | Room count unknown — check before viewing,"Private seller: no buyer commission | Renovate to own taste; NÖ/federal renovation subsidies (e.g. Sanierungsbonus, heating replacement) may reduce cost | Big plot: room for play area, garden shed or extension",100000,205000,322810,427810,517,"Est. ~€517/month: BK €150 (assumed, not in listing) + heating ~€367 (HWB 180 assumed, Unknown). Estimate.",storage,651,2026-10-10,"renovation needed: €500–1,000/m²"
HL17,EFH — Vom Rohbau zum Wohntraum! (Hollabrunn),honourable,,EFH,Hollabrunn,2020,Bezirk Hollabrunn / Hollabrunn,Hollabrunn/Korneuburg-north,209990,,134.0,313.0,,,C,87.6,,Unknown,no heating system named in the listing text,True,False,,False,False,False,Keller,,,,,37,osrm_free_flow,74,vao_hafas_weekday_100000_best_of_5,48.550823,16.081205,listing_coords,https://www.willhaben.at/iad/immobilien/d/haus-kaufen/niederoesterreich/hollabrunn/vom-rohbau-zum-wohntraum-1965248057/,,"Region expansion 2026-10-08 (Hollabrunn/Korneuburg-north). Hollabrunn EFH €209.990 / 134 m² / rooms not stated / plot 313 m² / HWB C 87.6; SMK Immo Treuhand GmbH. ~37 min drive (21st district) / ~74 min PT (8th district). Rohbau: interior still to be completed. adid 1965248057, first published 2026-07-20.",2026-10-08,active,2026-10-08,2026-10-10,,,,,,seen,makler,ISPRIVATE=0,SMK Immo Treuhand GmbH,1567.09,6.1,3.6,7350,2310,3150,7560,20370,230360,,nicht angegeben (willhaben detail),rohbaufertig,,willhaben detail (condition/description),img/HL17.jpg,archive/HL17.html,2026-10-08,2026-10-08T10:36,61,Worth a look,"{""cost"":40.2,""pt"":9.8,""drive"":5.1,""living"":5.9,""garden"":2.6,""storage"":5,""room5"":0,""sauna"":0,""penalty"":-8}",,Possible fit (61/100): Low overall cost (est. €375k–€460k incl. renovation); Cellar mentioned; Room count unknown — check before viewing.,Low overall cost (est. €375k–€460k incl. renovation) | Cellar mentioned,Room count unknown — check before viewing | Rohbau: large completion cost and time,"Renovate to own taste; NÖ/federal renovation subsidies (e.g. Sanierungsbonus, heating replacement) may reduce cost",145000,230000,375360,460360,267,"Est. ~€267/month: BK €150 (assumed, not in listing) + heating ~€117 (HWB 88, Unknown). Estimate.",yes,232,2026-10-10,"Rohbau: interior completion at €1,100–1,700/m²"
HL18,EFH — Einfamilienhaus in ruhiger Lage in Mariathal (Mariathal),honourable,,EFH,Mariathal,2020,Bezirk Hollabrunn / Hollabrunn,Hollabrunn/Korneuburg-north,199000,price reduced on willhaben (was €220.000),91.32,429.0,,1983,E,165.9,Etagenheizung,Wood + Electric,Ofen für feste Brennstoffe; Elektroheizung,True,True,,False,False,False,Neubau; Baujahr 1983; Keller,,,,,45,osrm_free_flow,85,vao_hafas_weekday_100000_best_of_5,48.566795,16.119251,listing_coords,https://www.willhaben.at/iad/immobilien/d/haus-kaufen/niederoesterreich/hollabrunn/einfamilienhaus-in-ruhiger-lage-in-mariathal-1172665008/,,"Region expansion 2026-10-08 (Hollabrunn/Korneuburg-north). Mariathal EFH €199.000 / 91 m² / rooms not stated / plot 429 m² / BJ 1983 / HWB E 165.9 / Etagenheizung; Invest-Real Immobilientreuhänder GmbH. ~45 min drive (21st district) / ~85 min PT (8th district). adid 1172665008, first published 2026-06-18.",2026-10-08,active,2026-10-08,2026-10-10,,,,,,seen,makler,ISPRIVATE=0; Provision: 3% des Kaufpreises zzgl. 20% USt.,Invest-Real Immobilientreuhänder GmbH,2179.15,6.1,3.6,6965,2189,2985,7164,19303,218303,,nicht angegeben (willhaben detail),unknown,,willhaben detail (condition/description),img/HL18.jpg,archive/HL18.html,2026-10-08,2026-10-08T10:36,57,Worth a look,"{""cost"":45.0,""pt"":6.8,""drive"":2.9,""living"":0.2,""garden"":5.5,""storage"":5,""room5"":0,""sauna"":0,""penalty"":-8}",,Possible fit (57/100): Low overall cost (est. €243k–€273k incl. renovation); Cellar mentioned; Room count unknown — check before viewing.,Low overall cost (est. €243k–€273k incl. renovation) | Cellar mentioned,Room count unknown — check before viewing | Small living area (91 m²),Negotiate on price; check BK and heating bills,25000,55000,243303,273303,301,"Est. ~€301/month: BK €150 (assumed, not in listing) + heating ~€151 (HWB 166, Wood + Electric). Estimate.",yes,374,2026-10-10,1970–89 or HWB D/E: partial renovation €250–600/m²
HL19,EFH — Großes Familienpotenzial in Niederfellabrunn: Gepflegtes Massivhaus mit Traum-Aussicht! (Niederfellabrunn),honourable,,EFH,Niederfellabrunn,2004,Bezirk Korneuburg / Niederhollabrunn,Hollabrunn/Korneuburg-north,375000,price reduced on willhaben (was €379.000),93.0,340.0,4.5,,,,Zentralheizung,Gas,Gaszentralheizung; Gasheizung,True,False,,False,False,False,Sehr gut/gut; Neubau; Keller,,,,,41,osrm_free_flow,81,vao_hafas_weekday_100000_best_of_5,48.47176,16.298447,listing_coords,https://www.willhaben.at/iad/immobilien/d/haus-kaufen/niederoesterreich/korneuburg/grosses-familienpotenzial-in-niederfellabrunn-gepflegtes-massivhaus-mit-traum-aussicht-1688192454/,,"Region expansion 2026-10-08 (Hollabrunn/Korneuburg-north). Niederfellabrunn EFH €375.000 / 93 m² / 4.5 rooms / plot 340 m² / Zentralheizung; REMAX Gold. ~41 min drive (21st district) / ~81 min PT (8th district). adid 1688192454, first published 2026-10-01.",2026-10-08,active,2026-10-08,2026-10-10,,,,,,seen,makler,ISPRIVATE=0; Provision: 3% des Kaufpreises zzgl. 20% USt.,REMAX Gold,4032.26,6.1,3.6,13125,4125,5625,13500,36375,411375,,nicht angegeben (willhaben detail),unknown,Sehr gut/gut,willhaben detail (condition/description),img/HL19.jpg,archive/HL19.html,2026-10-08,2026-10-08T10:36,56,Worth a look,"{""cost"":35.5,""pt"":7.9,""drive"":4.0,""living"":0.4,""garden"":3.7,""storage"":5,""room5"":0,""sauna"":0,""penalty"":0}",True,Possible fit (56/100): Low overall cost (est. €426k–€456k incl. renovation); 4 rooms: meets the parents/boys/girls need; Small living area (93 m²).,Low overall cost (est. €426k–€456k incl. renovation) | 4 rooms: meets the parents/boys/girls need | Cellar mentioned,Small living area (93 m²),Cellar could take an office/hobby room,15000,45000,426375,456375,317,"Est. ~€317/month: BK €150 (assumed, not in listing) + heating ~€167 (HWB 180 assumed, Gas). Estimate.",yes,284,2026-10-10,condition unknown: €150–500/m²
HL20,EFH — Herrliches Grundstück mit sanierungsbedürftigem Altbestand & Potential zum Ausbau | traumh (Würnitz),honourable,,EFH,Würnitz,2112,Bezirk Korneuburg / Harmannsdorf,Hollabrunn/Korneuburg-north,349999,,138.04,1583.0,7,1932,G,272.0,Zentralheizung,Oil,Ölheizung,True,True,"Garage, Parkplatz",True,False,True,Sanierungsbedürftig; Altbau; Baujahr 1932,,,,,25,osrm_free_flow,76,vao_hafas_weekday_100000_best_of_5,48.432823,16.41793,listing_coords,https://www.willhaben.at/iad/immobilien/d/haus-kaufen/niederoesterreich/korneuburg/herrliches-grundstueck-mit-sanierungsbeduerftigem-altbestand-potential-zum-ausbau-traumhafter-grund-mit-pool-werkstatt-und-stadl-980358701/,,"Region expansion 2026-10-08 (Hollabrunn/Korneuburg-north). Würnitz EFH €349.999 / 138 m² / 7 rooms / plot 1583 m² / BJ 1932 / HWB G 272.0 / Zentralheizung; RIWOG Real Estate Management GmbH. ~25 min drive (21st district) / ~76 min PT (8th district). needs renovation. adid 980358701, first published 2026-05-19.",2026-10-08,active,2026-10-08,2026-10-10,,,,,,seen,makler,ISPRIVATE=0,RIWOG Real Estate Management GmbH,2535.49,6.1,3.6,12250,3850,5250,12600,33950,383949,,nicht angegeben (willhaben detail),sanierungsbedarf,Sanierungsbedürftig,willhaben detail (condition/description),img/HL20.jpg,archive/HL20.html,2026-10-08,2026-10-08T10:36,54,Not recommended,"{""cost"":14.2,""pt"":9.3,""drive"":8.6,""living"":6.4,""garden"":10.0,""storage"":2,""room5"":4,""sauna"":0,""penalty"":0}",True,Weak fit (54/100): Short drive to the 21st district (25 min); 7 rooms: one spare for guests/office; Oil heating: replacement expected.,Short drive to the 21st district (25 min) | 7 rooms: one spare for guests/office | Large garden (est. ~1500 m²) | Some storage (no cellar named),Oil heating: replacement expected,"Renovate to own taste; NÖ/federal renovation subsidies (e.g. Sanierungsbonus, heating replacement) may reduce cost | Big plot: room for play area, garden shed or extension",110000,220000,493949,603949,525,"Est. ~€525/month: BK €150 (assumed, not in listing) + heating ~€375 (HWB 272, Oil). Estimate.",storage,1500,2026-10-10,"renovation needed, heavy (old/poor energy/complete): €700–1,400/m²; + €15–25k oil-heating replacement"
HL21,EFH — Stadthaus mit Doppelgarage und Garten - mitten in Hollabrunn! (Hollabrunn),sauna,,EFH,Hollabrunn,2020,Bezirk Hollabrunn / Hollabrunn,Hollabrunn/Korneuburg-north,397000,,160.0,433.0,5,,G,283.0,,Gas,Gaszentralheizung · also Kachelofen,True,True,"Garage, Parkplatz",True,True,False,Keller,,,,,39,osrm_free_flow,69,vao_hafas_weekday_100000_best_of_5,48.561443,16.075684,listing_coords,https://www.willhaben.at/iad/immobilien/d/haus-kaufen/niederoesterreich/hollabrunn/stadthaus-mit-doppelgarage-und-garten-mitten-in-hollabrunn-1730406760/,,"Region expansion 2026-10-08 (Hollabrunn/Korneuburg-north). Hollabrunn EFH €397.000 / 160 m² / 5 rooms / plot 433 m² / HWB G 283.0; SMK Immo Treuhand GmbH. ~39 min drive (21st district) / ~69 min PT (8th district). adid 1730406760, first published 2026-09-10.",2026-10-08,active,2026-10-08,2026-10-10,,,,,,seen,makler,ISPRIVATE=0,SMK Immo Treuhand GmbH,2481.25,6.1,3.6,13895,4367,5955,14292,38509,435509,,nicht angegeben (willhaben detail),unknown,,willhaben detail (condition/description),img/HL21.jpg,archive/HL21.html,2026-10-08,2026-10-08T10:36,54,Not recommended,"{""cost"":13.6,""pt"":11.2,""drive"":4.6,""living"":8.0,""garden"":4.7,""storage"":5,""room5"":4,""sauna"":3,""penalty"":0}",True,Weak fit (54/100): 5 rooms: one spare for guests/office; Spacious (160 m² living).,5 rooms: one spare for guests/office | Spacious (160 m² living) | Cellar mentioned | Sauna,,"Renovate to own taste; NÖ/federal renovation subsidies (e.g. Sanierungsbonus, heating replacement) may reduce cost",70000,145000,505509,580509,603,"Est. ~€603/month: BK €150 (assumed, not in listing) + heating ~€453 (HWB 283, Gas). Estimate.",yes,337,2026-10-10,pre-1970 or HWB F/G: substantial renovation €450–900/m²
HL22,RH — DAS LETZTE HAUS ~ nahe Korneuburg ~ Wohnen im Weinviertel ~ Provisionsfrei (Würnitz),over_budget,,RH,Würnitz,2112,Bezirk Korneuburg / Harmannsdorf,Hollabrunn/Korneuburg-north,488950,over budget (+€39k),129.0,350.61,6,2024,B,32.6,Fußbodenheizung,Air-source heat pump,Luft/Wasser-Wärmepumpe; Luftwärmepumpe,True,True,,False,False,True,Baujahr 2024; Keller,,,,,26,osrm_free_flow,75,vao_hafas_weekday_100000_best_of_6,48.4322,16.4066,listing_coords,https://www.willhaben.at/iad/immobilien/d/haus-kaufen/niederoesterreich/korneuburg/das-letzte-haus-nahe-korneuburg-wohnen-im-weinviertel-provisionsfrei-1314175908/,,"Region expansion 2026-10-08 (Hollabrunn/Korneuburg-north). Würnitz RH €488.950 / 129 m² / 6 rooms / plot 351 m² / BJ 2024 / HWB B 32.6 / Fußbodenheizung; A.M.T. Unternehmensberatungs- u Immobilien GesmbH. ~26 min drive (21st district) / ~75 min PT (8th district). handed over belagsfertig. adid 1314175908, first published 2026-08-27.",2026-10-08,active,2026-10-08,2026-10-10,,,,,,seen,private,ISPRIVATE=0; buyer-fee-free→private for fees,A.M.T. Unternehmensberatungs- u Immobilien GesmbH,3790.31,6.1,0.0,17113,5378,7334,0,29825,518775,,nicht angegeben (willhaben detail),belagsfertig,,willhaben detail (condition/description),img/HL22.jpg,archive/HL22.html,2026-10-08,2026-10-08T10:36,54,Not recommended,"{""cost"":18.5,""pt"":9.5,""drive"":8.3,""living"":5.2,""garden"":3.5,""storage"":5,""room5"":4,""sauna"":0,""penalty"":0}",True,Weak fit (54/100): Short drive to the 21st district (26 min); 6 rooms: one spare for guests/office.,Short drive to the 21st district (26 min) | 6 rooms: one spare for guests/office | Cellar mentioned,,Private seller: no buyer commission | Choose own floors/finishes,30000,60000,548775,578775,175,"Est. ~€175/month: BK €150 (assumed, not in listing) + heating ~€25 (HWB 33, Air-source heat pump). Estimate.",yes,273,2026-10-10,"belagsfertig: floors, doors, painting, fittings at €250–450/m²"
HL23,EFH — Haus mit Garten in Hollabrunn in Zentrumsnähe zu verkaufen (Hollabrunn),honourable,,EFH,Hollabrunn,2020,Bezirk Hollabrunn / Hollabrunn,Hollabrunn/Korneuburg-north,240000,,350.0,900.0,12,,,,Zentralheizung,Pellets,Pellets,True,True,Garage,True,False,False,Sanierungsbedürftig; Altbau,,,,,38,osrm_free_flow,73,vao_hafas_weekday_100000_best_of_5,48.55294,16.07888,listing_coords,https://www.willhaben.at/iad/immobilien/d/haus-kaufen/niederoesterreich/hollabrunn/haus-mit-garten-in-hollabrunn-in-zentrumsnaehe-zu-verkaufen-1428842368/,,"Region expansion 2026-10-08 (Hollabrunn/Korneuburg-north). Hollabrunn EFH €240.000 / 350 m² / 12 rooms / plot 900 m² / Zentralheizung; private seller. ~38 min drive (21st district) / ~73 min PT (8th district). needs renovation. adid 1428842368, first published 2026-09-11.",2026-10-08,active,2026-10-08,2026-10-10,,,,,,seen,private,ISPRIVATE=1,,685.71,6.1,0.0,8400,2640,3600,0,14640,254640,,nicht angegeben (willhaben detail),sanierungsbedarf,Sanierungsbedürftig,willhaben detail (condition/description),img/HL23.jpg,archive/HL23.html,2026-10-08,2026-10-08T10:36,53,Not recommended,"{""cost"":14.3,""pt"":10.1,""drive"":4.9,""living"":8.0,""garden"":10.0,""storage"":2,""room5"":4,""sauna"":0,""penalty"":0}",True,Weak fit (53/100): 12 rooms: one spare for guests/office; Spacious (350 m² living).,12 rooms: one spare for guests/office | Spacious (350 m² living) | Large garden (est. ~690 m²) | Some storage (no cellar named),,"Private seller: no buyer commission | Renovate to own taste; NÖ/federal renovation subsidies (e.g. Sanierungsbonus, heating replacement) may reduce cost | Big plot: room for play area, garden shed or extension",175000,350000,429640,604640,780,"Est. ~€780/month: BK €150 (assumed, not in listing) + heating ~€630 (HWB 180 assumed, Pellets). Estimate.",storage,690,2026-10-10,"renovation needed: €500–1,000/m²"
HL24,"EFH — ""Vielseitiges Zuhause mit großem Garten!"" (Sierndorf)",honourable,,EFH,Sierndorf,2011,Bezirk Korneuburg / Sierndorf,Hollabrunn/Korneuburg-north,398000,,180.0,830.0,4,1960,G,257.0,,Wood,festen Brennstoffen,True,True,Garage,True,False,False,Baujahr 1960; Keller,,,,,26,osrm_free_flow,71,vao_hafas_weekday_100000_best_of_5,48.425327,16.1744,listing_coords,https://www.willhaben.at/iad/immobilien/d/haus-kaufen/niederoesterreich/korneuburg/-vielseitiges-zuhause-mit-grossem-garten-1752778691/,,"Region expansion 2026-10-08 (Hollabrunn/Korneuburg-north). Sierndorf EFH €398.000 / 180 m² / 4 rooms / plot 830 m² / BJ 1960 / HWB G 257.0; REMAX Donau-City-Immobilien. ~26 min drive (21st district) / ~71 min PT (8th district). adid 1752778691, first published 2026-10-01.",2026-10-08,active,2026-10-08,2026-10-10,,,,,,seen,makler,ISPRIVATE=0; Provision: 3% des Kaufpreises zzgl. 20% USt.,REMAX Donau-City-Immobilien,2211.11,6.1,3.6,13930,4378,5970,14328,38606,436606,,nicht angegeben (willhaben detail),unknown,,willhaben detail (condition/description),img/HL24.jpg,archive/HL24.html,2026-10-08,2026-10-08T10:36,53,Not recommended,"{""cost"":11.2,""pt"":10.6,""drive"":8.3,""living"":8.0,""garden"":10.0,""storage"":5,""room5"":0,""sauna"":0,""penalty"":0}",True,Weak fit (53/100): Short drive to the 21st district (26 min); 4 rooms: meets the parents/boys/girls need.,Short drive to the 21st district (26 min) | 4 rooms: meets the parents/boys/girls need | Spacious (180 m² living) | Large garden (est. ~722 m²) | Cellar mentioned,,"Renovate to own taste; NÖ/federal renovation subsidies (e.g. Sanierungsbonus, heating replacement) may reduce cost | Big plot: room for play area, garden shed or extension | Cellar could take an office/hobby room",80000,160000,516606,596606,613,"Est. ~€613/month: BK €150 (assumed, not in listing) + heating ~€463 (HWB 257, Wood). Estimate.",yes,722,2026-10-10,pre-1970 or HWB F/G: substantial renovation €450–900/m²
HL25,EFH — Einfamilienhaus mit Entwicklungspotenzial und attraktivem Weitblick (Weyerburg),honourable,,EFH,Weyerburg,2031,Bezirk Hollabrunn / Hollabrunn,Hollabrunn/Korneuburg-north,365000,price reduced on willhaben (was €395.000),168.0,838.0,8,1976,D,128.2,Zentralheizung,Oil + Wood,Ölheizung; Festbrennstoff,True,True,"Garage, Parkplatz",True,False,False,Sanierungsbedürftig; Baujahr 1976; Keller,,,,,49,osrm_free_flow,92,vao_hafas_weekday_100000_best_of_6,48.571465,16.184937,listing_coords,https://www.willhaben.at/iad/immobilien/d/haus-kaufen/niederoesterreich/hollabrunn/einfamilienhaus-mit-entwicklungspotenzial-und-attraktivem-weitblick-1816169855/,,"Region expansion 2026-10-08 (Hollabrunn/Korneuburg-north). Weyerburg EFH €365.000 / 168 m² / 8 rooms / plot 838 m² / BJ 1976 / HWB D 128.2 / Zentralheizung; s REAL - Niederösterreich. ~49 min drive (21st district) / ~92 min PT (8th district). needs renovation. adid 1816169855, first published 2026-05-22.",2026-10-08,active,2026-10-08,2026-10-10,,,,,,seen,makler,ISPRIVATE=0; Provision: 3% des Kaufpreises zzgl. 20% USt.,s REAL - Niederösterreich,2172.62,6.1,3.6,12775,4015,5475,13140,35405,400405,,nicht angegeben (willhaben detail),sanierungsbedarf,Sanierungsbedürftig,willhaben detail (condition/description),img/HL25.jpg,archive/HL25.html,2026-10-08,2026-10-08T10:36,51,Not recommended,"{""cost"":17.4,""pt"":4.9,""drive"":1.7,""living"":8.0,""garden"":10.0,""storage"":5,""room5"":4,""sauna"":0,""penalty"":0}",True,Weak fit (51/100): 8 rooms: one spare for guests/office; Spacious (168 m² living); Long public-transport commute to the 8th district (92 min).,8 rooms: one spare for guests/office | Spacious (168 m² living) | Large garden (est. ~737 m²) | Cellar mentioned,Long public-transport commute to the 8th district (92 min) | Long drive to the 21st district (49 min) | Oil heating: replacement expected,"Renovate to own taste; NÖ/federal renovation subsidies (e.g. Sanierungsbonus, heating replacement) may reduce cost | Big plot: room for play area, garden shed or extension",100000,195000,500405,595405,365,"Est. ~€365/month: BK €150 (assumed, not in listing) + heating ~€215 (HWB 128, Oil + Wood). Estimate.",yes,737,2026-10-10,"renovation needed: €500–1,000/m²; + €15–25k oil-heating replacement"
HL26,EFH — Einfamilienhaus mit Entwicklungspotenzial in absoluter Ruhelage (Sierndorf),honourable,,EFH,Sierndorf,2011,Bezirk Korneuburg / Sierndorf,Hollabrunn/Korneuburg-north,415000,,190.0,618.0,7,1980,E,168.5,Zentralheizung,Gas + Wood,Gasheizung; Festbrennstoff,True,True,"Garage, Parkplatz",True,False,False,Sanierungsbedürftig; Neubau; Baujahr 1980; Keller,,,,,26,osrm_free_flow,71,vao_hafas_weekday_100000_best_of_5,48.42819,16.169214,listing_coords,https://www.willhaben.at/iad/immobilien/d/haus-kaufen/niederoesterreich/korneuburg/einfamilienhaus-mit-entwicklungspotenzial-in-absoluter-ruhelage-1579581248/,,"Region expansion 2026-10-08 (Hollabrunn/Korneuburg-north). Sierndorf EFH €415.000 / 190 m² / 7 rooms / plot 618 m² / BJ 1980 / HWB E 168.5 / Zentralheizung; s REAL - Niederösterreich. ~26 min drive (21st district) / ~71 min PT (8th district). needs renovation. adid 1579581248, first published 2026-09-25.",2026-10-08,active,2026-10-08,2026-10-10,,,,,,seen,makler,ISPRIVATE=0; Provision: 3% des Kaufpreises zzgl. 20% USt.,s REAL - Niederösterreich,2184.21,6.1,3.6,14525,4565,6225,14940,40255,455255,,nicht angegeben (willhaben detail),sanierungsbedarf,Sanierungsbedürftig,willhaben detail (condition/description),img/HL26.jpg,archive/HL26.html,2026-10-08,2026-10-08T10:36,51,Not recommended,"{""cost"":7.4,""pt"":10.6,""drive"":8.3,""living"":8.0,""garden"":8.1,""storage"":5,""room5"":4,""sauna"":0,""penalty"":0}",True,Weak fit (51/100): Short drive to the 21st district (26 min); 7 rooms: one spare for guests/office; High overall cost (est. €550k–€645k incl. renovation).,Short drive to the 21st district (26 min) | 7 rooms: one spare for guests/office | Spacious (190 m² living) | Large garden (est. ~504 m²) | Cellar mentioned,High overall cost (est. €550k–€645k incl. renovation),"Renovate to own taste; NÖ/federal renovation subsidies (e.g. Sanierungsbonus, heating replacement) may reduce cost",95000,190000,550255,645255,470,"Est. ~€470/month: BK €150 (assumed, not in listing) + heating ~€320 (HWB 168, Gas + Wood). Estimate.",yes,504,2026-10-10,"renovation needed: €500–1,000/m²"
HL27,"EFH — ""SCHÖNer WOHNEN in Stockerau-Nähe!"" (Sierndorf)",over_budget,,EFH,Sierndorf,2011,Bezirk Korneuburg / Sierndorf,Hollabrunn/Korneuburg-north,549000,over budget (+€99k),215.0,597.0,5,1988,D,103.0,Fußbodenheizung,Unknown,"listing only names Fußbodenheizung, no fuel; only an open fireplace mentioned (Kachelofen), not counted as the heating system",True,True,"Carport, Garage",True,False,True,Neuwertig; Baujahr 1988; Keller,,,,,27,osrm_free_flow,72,vao_hafas_weekday_100000_best_of_5,48.426483,16.169346,listing_coords,https://www.willhaben.at/iad/immobilien/d/haus-kaufen/niederoesterreich/korneuburg/-schoener-wohnen-in-stockerau-naehe-833634692/,,"Region expansion 2026-10-08 (Hollabrunn/Korneuburg-north). Sierndorf EFH €549.000 / 215 m² / 5 rooms / plot 597 m² / BJ 1988 / HWB D 103.0 / Fußbodenheizung; REMAX Donau-City-Immobilien. ~27 min drive (21st district) / ~72 min PT (8th district). adid 833634692, first published 2026-09-23.",2026-10-08,active,2026-10-08,2026-10-10,,,,,,seen,makler,ISPRIVATE=0; Provision: 3% des Kaufpreises zzgl. 20% USt.,REMAX Donau-City-Immobilien,2553.49,6.1,3.6,19215,6039,8235,19764,53253,602253,,nicht angegeben (willhaben detail),schluesselfertig,Neuwertig,willhaben detail (condition/description),img/HL27.jpg,archive/HL27.html,2026-10-08,2026-10-08T10:36,51,Not recommended,"{""cost"":7.8,""pt"":10.4,""drive"":8.0,""living"":8.0,""garden"":7.4,""storage"":5,""room5"":4,""sauna"":0,""penalty"":0}",True,Weak fit (51/100): Short drive to the 21st district (27 min); 5 rooms: one spare for guests/office; High overall cost (est. €602k–€612k incl. renovation).,Short drive to the 21st district (27 min) | 5 rooms: one spare for guests/office | Spacious (215 m² living) | Large garden (est. ~468 m²) | Cellar mentioned,High overall cost (est. €602k–€612k incl. renovation),Negotiate on price; check BK and heating bills,0,10000,602253,612253,371,"Est. ~€371/month: BK €150 (assumed, not in listing) + heating ~€221 (HWB 103, Unknown). Estimate.",yes,468,2026-10-10,turnkey: minor works only
HL28,"EFH — Großzügiges Bauernhaus mit 2 Stadeln, Kammern und Stallungen (Viendorf)",honourable,,EFH,Viendorf,2013,Bezirk Hollabrunn / Göllersdorf,Hollabrunn/Korneuburg-north,210000,,110.0,1594.0,3,,G,324.0,Zentralheizung,Gas + Wood,Gasheizung; Kachelofen; feste Brennstoffe; Heizungsart: HOLZ,True,False,,False,False,False,Sanierungsbedürftig; Altbau; Keller,,,,,34,osrm_free_flow,85,vao_hafas_weekday_100000_best_of_5,48.479942,16.141357,listing_coords,https://www.willhaben.at/iad/immobilien/d/haus-kaufen/niederoesterreich/hollabrunn/grosszuegiges-bauernhaus-mit-2-stadeln-kammern-und-stallungen-1843368183/,,"Region expansion 2026-10-08 (Hollabrunn/Korneuburg-north). Viendorf EFH €210.000 / 110 m² / 3 rooms / plot 1594 m² / HWB G 324.0 / Zentralheizung; Immobilien Mag. Waitz & Mokesch GmbH & OG. ~34 min drive (21st district) / ~85 min PT (8th district). needs renovation. adid 1843368183, first published 2026-05-27.",2026-10-08,active,2026-10-08,2026-10-10,,,,,,seen,makler,ISPRIVATE=0; Provision: 3% des Kaufpreises zzgl. 20% USt.,Immobilien Mag. Waitz & Mokesch GmbH & OG,1909.09,6.1,3.6,7350,2310,3150,7560,20370,230370,,nicht angegeben (willhaben detail),sanierungsbedarf,Sanierungsbedürftig,willhaben detail (condition/description),img/HL28.jpg,archive/HL28.html,2026-10-08,2026-10-08T10:36,50,Not recommended,"{""cost"":45.0,""pt"":6.8,""drive"":6.0,""living"":2.7,""garden"":10.0,""storage"":5,""room5"":0,""sauna"":0,""penalty"":-25}",False,Weak fit (50/100): Low overall cost (est. €305k–€385k incl. renovation); Large garden (est. ~1528 m²); Only 3 rooms — fails the 4-room need.,Low overall cost (est. €305k–€385k incl. renovation) | Large garden (est. ~1528 m²) | Cellar mentioned,Only 3 rooms — fails the 4-room need,"Renovate to own taste; NÖ/federal renovation subsidies (e.g. Sanierungsbonus, heating replacement) may reduce cost | Big plot: room for play area, garden shed or extension",75000,155000,305370,385370,506,"Est. ~€506/month: BK €150 (assumed, not in listing) + heating ~€356 (HWB 324, Gas + Wood). Estimate.",yes,1528,2026-10-10,"renovation needed, heavy (old/poor energy/complete): €700–1,400/m²"
HL29,EFH — Jahrhundertwende-Juwel: Repräsentatives Stadthaus mit Altbau-Charme (Hollabrunn),honourable,,EFH,Hollabrunn,2020,Bezirk Hollabrunn / Hollabrunn,Hollabrunn/Korneuburg-north,389000,,160.0,443.0,4.5,1900,,,Zentralheizung,Gas,Gasheizung,True,False,,False,False,False,Sehr gut/gut; Altbau; Baujahr 1900,,,,,40,osrm_free_flow,73,vao_hafas_weekday_100000_best_of_5,48.562653,16.084898,listing_coords,https://www.willhaben.at/iad/immobilien/d/haus-kaufen/niederoesterreich/hollabrunn/jahrhundertwende-juwel-repraesentatives-stadthaus-mit-altbau-charme-893535741/,,"Region expansion 2026-10-08 (Hollabrunn/Korneuburg-north). Hollabrunn EFH €389.000 / 160 m² / 4.5 rooms / plot 443 m² / BJ 1900 / Zentralheizung; REMAX Gold. ~40 min drive (21st district) / ~73 min PT (8th district). adid 893535741, first published 2026-07-26.",2026-10-08,active,2026-10-08,2026-10-10,,,,,,seen,makler,ISPRIVATE=0; Provision: 3% des Kaufpreises zzgl. 20% USt.,REMAX Gold,2431.25,6.1,3.6,13615,4279,5835,14004,37733,426733,,nicht angegeben (willhaben detail),unknown,Sehr gut/gut,willhaben detail (condition/description),img/HL29.jpg,archive/HL29.html,2026-10-08,2026-10-08T10:36,50,Not recommended,"{""cost"":18.2,""pt"":10.1,""drive"":4.3,""living"":8.0,""garden"":4.9,""storage"":5,""room5"":0,""sauna"":0,""penalty"":0}",True,Weak fit (50/100): 4 rooms: meets the parents/boys/girls need; Spacious (160 m² living).,4 rooms: meets the parents/boys/girls need | Spacious (160 m² living) | Cellar mentioned,,"Renovate to own taste; NÖ/federal renovation subsidies (e.g. Sanierungsbonus, heating replacement) may reduce cost | Cellar could take an office/hobby room",70000,145000,496733,571733,438,"Est. ~€438/month: BK €150 (assumed, not in listing) + heating ~€288 (HWB 180 assumed, Gas). Estimate.",yes,347,2026-10-10,pre-1970 or HWB F/G: substantial renovation €450–900/m²
HL30,"EFH — ""KLEINES HAUS MIT GROSSEM POTENTIAL - IHRE CHANCE IN HOLLABRUNN!"" (Hollabrunn)",honourable,,EFH,Hollabrunn,2020,Bezirk Hollabrunn / Hollabrunn,Hollabrunn/Korneuburg-north,210000,price reduced on willhaben (was €220.000),77.0,574.0,3,1985,D,172.0,Sonstige,Unknown,"listing only names Sonstige, no fuel",True,True,,False,False,False,Neuwertig; Baujahr 1985; Keller,,,,,41,osrm_free_flow,68,vao_hafas_weekday_100000_best_of_5,48.560215,16.095787,listing_coords,https://www.willhaben.at/iad/immobilien/d/haus-kaufen/niederoesterreich/hollabrunn/-kleines-haus-mit-grossem-potential-ihre-chance-in-hollabrunn-1445190338/,,"Region expansion 2026-10-08 (Hollabrunn/Korneuburg-north). Hollabrunn EFH €210.000 / 77 m² / 3 rooms / plot 574 m² / BJ 1985 / HWB D 172.0 / Sonstige; REMAX Donau-City-Immobilien. ~41 min drive (21st district) / ~68 min PT (8th district). adid 1445190338, first published 2026-09-23.",2026-10-08,active,2026-10-08,2026-10-10,,,,,,seen,makler,ISPRIVATE=0; Provision: 2% des Kaufpreises zzgl. 20% USt.,REMAX Donau-City-Immobilien,2727.27,6.1,3.6,7350,2310,3150,7560,20370,230370,,nicht angegeben (willhaben detail),schluesselfertig,Neuwertig,willhaben detail (condition/description),img/HL30.jpg,archive/HL30.html,2026-10-08,2026-10-08T10:36,49,Not recommended,"{""cost"":45.0,""pt"":11.5,""drive"":4.0,""living"":0.0,""garden"":8.5,""storage"":5,""room5"":0,""sauna"":0,""penalty"":-25}",False,Weak fit (49/100): Low overall cost (est. €230k–€240k incl. renovation); Large garden (est. ~527 m²); Only 3 rooms — fails the 4-room need.,Low overall cost (est. €230k–€240k incl. renovation) | Large garden (est. ~527 m²) | Cellar mentioned,Only 3 rooms — fails the 4-room need | Small living area (77 m²),Negotiate on price; check BK and heating bills,0,10000,230370,240370,282,"Est. ~€282/month: BK €150 (assumed, not in listing) + heating ~€132 (HWB 172, Unknown). Estimate.",yes,527,2026-10-10,turnkey: minor works only
HL31,"EFH — NÄHE HOLLBRUNN/STOCKERAU: BREITENWAIDA - KOMFORTABLES, GROßES, ENERGIE-EFFIZIENTES EINFAMI (Breitenwaida)",over_budget,,EFH,Breitenwaida,2014,Bezirk Hollabrunn / Hollabrunn,Hollabrunn/Korneuburg-north,550000,over budget (+€100k),282.0,868.0,7,,B,49.7,Zentralheizung,Gas + Wood,Gas-Zentralheizung; Gasheizung; Kachelofen · also PV,True,True,Garage,True,False,True,Keller,,,,,36,osrm_free_flow,82,vao_hafas_weekday_100000_best_of_5,48.51207,16.067282,listing_coords,https://www.willhaben.at/iad/immobilien/d/haus-kaufen/niederoesterreich/hollabrunn/naehe-hollbrunn-stockerau-breitenwaida-komfortables-grosses-energie-effizientes-einfamilienhaus-873061712/,,"Region expansion 2026-10-08 (Hollabrunn/Korneuburg-north). Breitenwaida EFH €550.000 / 282 m² / 7 rooms / plot 868 m² / HWB B 49.7 / Zentralheizung; Michael Zlabinger Immobilien. ~36 min drive (21st district) / ~82 min PT (8th district). adid 873061712, first published 2026-09-26.",2026-10-08,disappeared,2026-10-08,2026-10-08,2026-10-09,,,,,disappeared,makler,ISPRIVATE=0; Provision: 3% zzgl. gesetzliche MwSt,Michael Zlabinger Immobilien,1950.35,6.1,3.6,19250,6050,8250,19800,53350,603350,,nicht angegeben (willhaben detail),unknown,,willhaben detail (condition/description),img/HL31.jpg,archive/HL31.html,2026-10-08,2026-10-08T10:36,,,,,,,,,,,,,,,,,,
HL32,EFH — Einfach ankommen - Hier finden Geschichten ein Zuhause und das Leben seinen Platz (Grund),honourable,,EFH,Grund,2042,Bezirk Hollabrunn / Wullersdorf,Hollabrunn/Korneuburg-north,235000,price reduced on willhaben (was €249.000),122.0,1709.0,3,,G,263.2,,Pellets,Pelletheizung,True,True,Garage,True,False,False,Keller,,,,,49,osrm_free_flow,84,vao_hafas_weekday_100000_best_of_5,48.64214,16.059212,listing_coords,https://www.willhaben.at/iad/immobilien/d/haus-kaufen/niederoesterreich/hollabrunn/einfach-ankommen-hier-finden-geschichten-ein-zuhause-und-das-leben-seinen-platz-1396680281/,,"Region expansion 2026-10-08 (Hollabrunn/Korneuburg-north). Grund EFH €235.000 / 122 m² / 3 rooms / plot 1709 m² / HWB G 263.2; Home To Feel Happy GmbH. ~49 min drive (21st district) / ~84 min PT (8th district). room count read from the description. adid 1396680281, first published 2026-03-17.",2026-10-08,active,2026-10-08,2026-10-10,,,,,,seen,makler,ISPRIVATE=0; Provision: 3% des Kaufpreises zzgl. 20% USt.,Home To Feel Happy GmbH,1926.23,6.1,3.6,8225,2585,3525,8460,22795,257795,,nicht angegeben (willhaben detail),unknown,,willhaben detail (condition/description),img/HL32.jpg,archive/HL32.html,2026-10-08,2026-10-08T10:36,48,Not recommended,"{""cost"":45.0,""pt"":7.1,""drive"":1.7,""living"":4.3,""garden"":10.0,""storage"":5,""room5"":0,""sauna"":0,""penalty"":-25}",False,Weak fit (48/100): Low overall cost (est. €313k–€368k incl. renovation); Large garden (est. ~1635 m²); Long drive to the 21st district (49 min).,Low overall cost (est. €313k–€368k incl. renovation) | Large garden (est. ~1635 m²) | Cellar mentioned,Long drive to the 21st district (49 min) | Only 3 rooms — fails the 4-room need,"Renovate to own taste; NÖ/federal renovation subsidies (e.g. Sanierungsbonus, heating replacement) may reduce cost | Big plot: room for play area, garden shed or extension",55000,110000,312795,367795,471,"Est. ~€471/month: BK €150 (assumed, not in listing) + heating ~€321 (HWB 263, Pellets). Estimate.",yes,1635,2026-10-10,pre-1970 or HWB F/G: substantial renovation €450–900/m²
HL33,EFH — TRAUMHAFTER BUNGALOW (Schalladorf),honourable,,EFH,Schalladorf,2022,Bezirk Hollabrunn / Wullersdorf,Hollabrunn/Korneuburg-north,295000,,120.0,1061.0,3,1984,e,164.0,Zentralheizung,Gas,Gastherme; Gasheizung · also Holzofen,True,True,,True,False,False,Baujahr 1984,,,,,50,osrm_free_flow,83,vao_hafas_weekday_100000_best_of_5,48.645214,16.128841,listing_coords,https://www.willhaben.at/iad/immobilien/d/haus-kaufen/niederoesterreich/hollabrunn/traumhafter-bungalow-1199975987/,,"Region expansion 2026-10-08 (Hollabrunn/Korneuburg-north). Schalladorf EFH €295.000 / 120 m² / 3 rooms / plot 1061 m² / BJ 1984 / HWB e 164.0 / Zentralheizung; Raiffeisen Immobilien Vermittlung Ges.m.b.H.. ~50 min drive (21st district) / ~83 min PT (8th district). adid 1199975987, first published 2026-09-21.",2026-10-08,active,2026-10-08,2026-10-10,,,,,,seen,makler,ISPRIVATE=0; Provision: 3% des Kaufpreises plus 20% USt.,Raiffeisen Immobilien Vermittlung Ges.m.b.H.,2458.33,6.1,3.6,10325,3245,4425,10620,28615,323615,,nicht angegeben (willhaben detail),unknown,,willhaben detail (condition/description),img/HL33.jpg,archive/HL33.html,2026-10-08,2026-10-08T10:36,48,Not recommended,"{""cost"":45.0,""pt"":7.4,""drive"":1.4,""living"":4.0,""garden"":10.0,""storage"":5,""room5"":0,""sauna"":0,""penalty"":-25}",False,Weak fit (48/100): Low overall cost (est. €354k–€394k incl. renovation); Large garden (est. ~989 m²); Long drive to the 21st district (50 min).,Low overall cost (est. €354k–€394k incl. renovation) | Large garden (est. ~989 m²) | Cellar mentioned,Long drive to the 21st district (50 min) | Only 3 rooms — fails the 4-room need,"Big plot: room for play area, garden shed or extension",30000,70000,353615,393615,347,"Est. ~€347/month: BK €150 (assumed, not in listing) + heating ~€197 (HWB 164, Gas). Estimate.",yes,989,2026-10-10,1970–89 or HWB D/E: partial renovation €250–600/m²
HL34,"DHH — ERSTBEZUG! Familientraum in Ruhelage mit Eigengarten, PKW-Stellplatz und Terrasse (Würnitz)",honourable,,DHH,Würnitz,2112,Bezirk Korneuburg / Harmannsdorf,Hollabrunn/Korneuburg-north,299999,under budget,100.0,,,2025,B,34.0,Luftwärmepumpe,Air-source heat pump,Luftwärmepumpe · also PV,True,True,Carport,False,False,False,Baujahr 2025,,,,,25,osrm_free_flow,80,vao_hafas_weekday_100000_best_of_8,48.43771,16.409945,listing_coords,https://www.willhaben.at/iad/immobilien/d/haus-kaufen/niederoesterreich/korneuburg/erstbezug-familientraum-in-ruhelage-mit-eigengarten-pkw-stellplatz-und-terrasse-852422209/,,"Region expansion 2026-10-08 (Hollabrunn/Korneuburg-north). Würnitz DHH €399.400 / 100 m² / rooms not stated / plot not stated / BJ 2025 / HWB B 34.0 / Luftwärmepumpe; Immoexpress KG. ~25 min drive (21st district) / ~80 min PT (8th district). handed over belagsfertig; other units: 1675048679 €429k. adid 852422209, first published 2026-10-02. Price drop 2026-10-10: €399400→€299999 (Bieterverfahren bis 28.12.2026; €299999 is Mindest-/Startpreis).",2026-10-08,active,2026-10-08,2026-10-10,,399400,2026-10-10,-99401,"[{""price_eur"":399400,""at"":""2026-10-08""},{""price_eur"":299999,""at"":""2026-10-10""}]",price_drop,makler,ISPRIVATE=0; Provision: 3 % exkl. 20% MwSt. vom Gesamtkaufpreis,Immoexpress KG,2999.99,6.1,3.6,10500,3300,4500,10800,29100,329099,,nicht angegeben (willhaben detail),belagsfertig,,willhaben detail (condition/description),img/HL34.jpg,archive/HL34.html,2026-10-08,2026-10-08T10:36,58,Worth a look,"{""cost"":45.0,""pt"":8.2,""drive"":8.6,""living"":1.3,""garden"":1.0,""storage"":2,""room5"":0,""sauna"":0,""penalty"":-8}",,Possible fit (58/100): Low overall cost (est. €354k–€374k incl. renovation); Short drive to the 21st district (25 min); Room count unknown — check before viewing.,Low overall cost (est. €354k–€374k incl. renovation) | Short drive to the 21st district (25 min) | Some storage (no cellar named),Room count unknown — check before viewing | Garden size unknown,Price already cut by €99k: seller may negotiate | Choose own floors/finishes,25000,45000,354099,374099,170,"Est. ~€170/month: BK €150 (assumed, not in listing) + heating ~€20 (HWB 34, Air-source heat pump). Estimate.",storage,,2026-10-10,"belagsfertig: floors, doors, painting, fittings at €250–450/m²"
HL35,"EFH — Haus mit bewilligter Erweiterung - großer Garten, Pool & Garage für die ganze Familie (Großrußbach)",honourable,,EFH,Großrußbach,2114,Bezirk Korneuburg / Großrußbach,Hollabrunn/Korneuburg-north,190000,,73.8,956.0,3,1980,B,46.7,,Electric,Elektroheizung,True,True,"Garage, Parkplatz",True,False,True,Sanierungsbedürftig; Baujahr 1980,,,,,31,osrm_free_flow,87,vao_hafas_weekday_100000_best_of_5,48.47509,16.406176,listing_coords,https://www.willhaben.at/iad/immobilien/d/haus-kaufen/niederoesterreich/korneuburg/haus-mit-bewilligter-erweiterung-grosser-garten-pool-garage-fuer-die-ganze-familie-1112161456/,,"Region expansion 2026-10-08 (Hollabrunn/Korneuburg-north). Großrußbach EFH €190.000 / 74 m² / 3 rooms / plot 956 m² / BJ 1980 / HWB B 46.7; REISCHEL Immobilien GmbH. ~31 min drive (21st district) / ~87 min PT (8th district). needs renovation. adid 1112161456, first published 2026-09-18.",2026-10-08,active,2026-10-08,2026-10-10,,,,,,seen,makler,ISPRIVATE=0; Provision: 3% zzgl. 20% MwSt.,REISCHEL Immobilien GmbH,2574.53,6.1,3.6,6650,2090,2850,6840,18430,208430,,nicht angegeben (willhaben detail),sanierungsbedarf,Sanierungsbedürftig,willhaben detail (condition/description),img/HL35.jpg,archive/HL35.html,2026-10-08,2026-10-08T10:36,45,Not recommended,"{""cost"":45.0,""pt"":6.3,""drive"":6.9,""living"":0.0,""garden"":10.0,""storage"":2,""room5"":0,""sauna"":0,""penalty"":-25}",False,Weak fit (45/100): Low overall cost (est. €243k–€283k incl. renovation); Large garden (est. ~911 m²); Only 3 rooms — fails the 4-room need.,Low overall cost (est. €243k–€283k incl. renovation) | Large garden (est. ~911 m²) | Some storage (no cellar named),Only 3 rooms — fails the 4-room need | Small living area (74 m²),"Renovate to own taste; NÖ/federal renovation subsidies (e.g. Sanierungsbonus, heating replacement) may reduce cost | Big plot: room for play area, garden shed or extension",35000,75000,243430,283430,184,"Est. ~€184/month: BK €150 (assumed, not in listing) + heating ~€34 (HWB 47, Electric). Estimate.",storage,911,2026-10-10,"renovation needed: €500–1,000/m²"
HL36,"EFH — Großzügiges Einfamilien- oder Zweifamilienhaus, das Raum, Ruhe und Wohnqualität vereint. (Schöngrabern)",honourable,,EFH,Schöngrabern,2020,Bezirk Hollabrunn / Grabern,Hollabrunn/Korneuburg-north,370000,,307.35,399.0,8,2002,D,123.5,Pellets,Pellets,Pelletsheizung; Pelletheizung,True,True,Garage,True,False,False,Renoviert; Baujahr 2002,,,,,42,osrm_free_flow,77,vao_hafas_weekday_100000_best_of_5,48.605576,16.062534,listing_coords,https://www.willhaben.at/iad/immobilien/d/haus-kaufen/niederoesterreich/hollabrunn/grosszuegiges-einfamilien-oder-zweifamilienhaus-das-raum-ruhe-und-wohnqualitaet-vereint-1366631690/,,"Region expansion 2026-10-08 (Hollabrunn/Korneuburg-north). Schöngrabern EFH €370.000 / 307 m² / 8 rooms / plot 399 m² / BJ 2002 / HWB D 123.5 / Pellets; KLASAN & Partner Immobilien. ~42 min drive (21st district) / ~77 min PT (8th district). adid 1366631690, first published 2026-09-22. Two residential units in one house (works as one family home or with a granny flat).",2026-10-08,active,2026-10-08,2026-10-10,,,,,,seen,makler,"ISPRIVATE=0; Provision: 13.320,00 EUR inkl. 20% USt.",KLASAN & Partner Immobilien,1203.84,6.1,3.6,12950,4070,5550,13320,35890,405890,,nicht angegeben (willhaben detail),unknown,Renoviert,willhaben detail (condition/description),img/HL36.jpg,archive/HL36.html,2026-10-08,2026-10-08T10:36,45,Not recommended,"{""cost"":16.2,""pt"":9.0,""drive"":3.7,""living"":8.0,""garden"":2.3,""storage"":2,""room5"":4,""sauna"":0,""penalty"":0}",True,Weak fit (45/100): 8 rooms: one spare for guests/office; Spacious (307 m² living).,8 rooms: one spare for guests/office | Spacious (307 m² living) | Some storage (no cellar named),,"Renovate to own taste; NÖ/federal renovation subsidies (e.g. Sanierungsbonus, heating replacement) may reduce cost",75000,185000,480890,590890,530,"Est. ~€530/month: BK €150 (assumed, not in listing) + heating ~€380 (HWB 124, Pellets). Estimate.",storage,214,2026-10-10,1970–89 or HWB D/E: partial renovation €250–600/m²
HL38,"DHH — 207 m² NFL! 5-ZIMMER, KELLER, BALKON, TERRASSE, CARPORT UND GROSSER GARTEN. ZIEGELQUALITÄT (Karnabrunn)",over_budget,,DHH,Karnabrunn,2113,Bezirk Korneuburg / Großrußbach,Hollabrunn/Korneuburg-north,489900,"over budget (+€40k); project: 2 units listed, €500k for the others",138.0,306.0,5,2026,B,33.4,Fußbodenheizung,Air-source heat pump,Luftwärmepumpe · also Photovoltaik,True,True,"Carport, Parkplatz",False,False,False,Erstbezug; Neubau; Baujahr 2026; Keller,,,,,30,osrm_free_flow,92,vao_hafas_weekday_100000_best_of_5,48.461327,16.362823,listing_coords,https://www.willhaben.at/iad/immobilien/d/haus-kaufen/niederoesterreich/korneuburg/207-m-nfl-5-zimmer-keller-balkon-terrasse-carport-und-grosser-garten-ziegelqualitaet-mit-traumhaften-gruenblick-1979321848/,,"Region expansion 2026-10-08 (Hollabrunn/Korneuburg-north). Karnabrunn DHH €489.900 / 138 m² / 5 rooms / plot 306 m² / BJ 2026 / HWB B 33.4 / Fußbodenheizung; StarREAL OG. ~30 min drive (21st district) / ~92 min PT (8th district). handed over belagsfertig; other units: 1784787073 €500k. adid 1979321848, first published 2026-05-06.",2026-10-08,active,2026-10-08,2026-10-10,,,,,,seen,makler,ISPRIVATE=0,StarREAL OG,3550.0,6.1,3.6,17146,5389,7348,17636,47519,537419,,nicht angegeben (willhaben detail),belagsfertig,Erstbezug,willhaben detail (condition/description),img/HL38.jpg,archive/HL38.html,2026-10-08,2026-10-08T10:36,45,Not recommended,"{""cost"":15.1,""pt"":4.9,""drive"":7.1,""living"":6.4,""garden"":2.5,""storage"":5,""room5"":4,""sauna"":0,""penalty"":0}",True,Weak fit (45/100): Short drive to the 21st district (30 min); 5 rooms: one spare for guests/office; High overall cost (est. €572k–€597k incl. renovation).,Short drive to the 21st district (30 min) | 5 rooms: one spare for guests/office | Cellar mentioned,High overall cost (est. €572k–€597k incl. renovation) | Long public-transport commute to the 8th district (92 min),Choose own floors/finishes,35000,60000,572419,597419,177,"Est. ~€177/month: BK €150 (assumed, not in listing) + heating ~€27 (HWB 33, Air-source heat pump). Estimate.",yes,223,2026-10-10,"belagsfertig: floors, doors, painting, fittings at €250–450/m²"
HL39,EFH — ehem. Dorfschule; 30 min von Wien; großzügiges Wohnen (Niederhollabrunn),honourable,,EFH,Niederhollabrunn,2003,Bezirk Korneuburg / Niederhollabrunn,Hollabrunn/Korneuburg-north,225000,,320.0,1100.0,10,1877,F,210.0,"Hauszentralheizung, Ölheizung",Oil,Ölheizung,True,True,"Garage, Parkplatz",True,False,False,Sanierungsbedürftig; Altbau; Baujahr 1877,,,,,26,osrm_free_flow,69,vao_hafas_weekday_100000_best_of_5,48.413853,16.244375,listing_coords,https://www.willhaben.at/iad/immobilien/d/haus-kaufen/niederoesterreich/korneuburg/ehem-dorfschule-30-min-von-wien-grosszuegiges-wohnen-1901167589/,,"Region expansion 2026-10-08 (Hollabrunn/Korneuburg-north). Niederhollabrunn EFH €225.000 / 320 m² / 10 rooms / plot 1100 m² / BJ 1877 / HWB F 210.0 / Hauszentralheizung, Ölheizung; private seller. ~26 min drive (21st district) / ~69 min PT (8th district). needs renovation. adid 1901167589, first published 2026-09-12.",2026-10-08,active,2026-10-08,2026-10-10,,,,,,seen,private,ISPRIVATE=1,,703.12,6.1,0.0,7875,2475,3375,0,13725,238725,,nicht angegeben (willhaben detail),sanierungsbedarf,Sanierungsbedürftig,willhaben detail (condition/description),img/HL39.jpg,archive/HL39.html,2026-10-08,2026-10-08T10:36,44,Not recommended,"{""cost"":0.8,""pt"":11.2,""drive"":8.3,""living"":8.0,""garden"":10.0,""storage"":2,""room5"":4,""sauna"":0,""penalty"":0}",True,Weak fit (44/100): Short drive to the 21st district (26 min); 10 rooms: one spare for guests/office; Oil heating: replacement expected.,Short drive to the 21st district (26 min) | 10 rooms: one spare for guests/office | Spacious (320 m² living) | Large garden (est. ~908 m²) | Some storage (no cellar named),Oil heating: replacement expected,"Private seller: no buyer commission | Renovate to own taste; NÖ/federal renovation subsidies (e.g. Sanierungsbonus, heating replacement) may reduce cost | Big plot: room for play area, garden shed or extension",240000,475000,478725,713725,822,"Est. ~€822/month: BK €150 (assumed, not in listing) + heating ~€672 (HWB 210, Oil). Estimate.",storage,908,2026-10-10,"renovation needed, heavy (old/poor energy/complete): €700–1,400/m²; + €15–25k oil-heating replacement"
HL40,"EFH — TOP PREISLEISTUNGSVERHÄLTNIS! 3 Wohnetagen mit Pool, Balkon, Garage, Wintergärten und Pano (Hollabrunn)",over_budget,,EFH,Hollabrunn,2020,Bezirk Hollabrunn / Hollabrunn,Hollabrunn/Korneuburg-north,460000,over budget (+€10k),195.0,555.0,6.5,1965,C,67.1,Zentralheizung,Gas,Gaszentralheizung; Gasheizung,True,True,Garage,True,False,True,Sehr gut/gut; Baujahr 1965,,,,,37,osrm_free_flow,73,vao_hafas_weekday_100000_best_of_5,48.5503,16.080538,listing_coords,https://www.willhaben.at/iad/immobilien/d/haus-kaufen/niederoesterreich/hollabrunn/top-preisleistungsverhaeltnis-3-wohnetagen-mit-pool-balkon-garage-wintergaerten-und-panoramablick-1692982553/,,"Region expansion 2026-10-08 (Hollabrunn/Korneuburg-north). Hollabrunn EFH €460.000 / 195 m² / 6.5 rooms / plot 555 m² / BJ 1965 / HWB C 67.1 / Zentralheizung; REMAX Gold. ~37 min drive (21st district) / ~73 min PT (8th district). adid 1692982553, first published 2026-06-03.",2026-10-08,active,2026-10-08,2026-10-10,,,,,,seen,makler,ISPRIVATE=0; Provision: 3% des Kaufpreises zzgl. 20% USt.,REMAX Gold,2358.97,6.1,3.6,16100,5060,6900,16560,44620,504620,,nicht angegeben (willhaben detail),unknown,Sehr gut/gut,willhaben detail (condition/description),img/HL40.jpg,archive/HL40.html,2026-10-08,2026-10-08T10:36,44,Not recommended,"{""cost"":4.7,""pt"":10.1,""drive"":5.1,""living"":8.0,""garden"":6.8,""storage"":5,""room5"":4,""sauna"":0,""penalty"":0}",True,Weak fit (44/100): 6 rooms: one spare for guests/office; Spacious (195 m² living); High overall cost (est. €595k–€680k incl. renovation).,6 rooms: one spare for guests/office | Spacious (195 m² living) | Cellar mentioned,High overall cost (est. €595k–€680k incl. renovation),"Renovate to own taste; NÖ/federal renovation subsidies (e.g. Sanierungsbonus, heating replacement) may reduce cost",90000,175000,594620,679620,281,"Est. ~€281/month: BK €150 (assumed, not in listing) + heating ~€131 (HWB 67, Gas). Estimate.",yes,438,2026-10-10,pre-1970 or HWB F/G: substantial renovation €450–900/m²
HL41,EFH — Magie der Jahrhundertwende: Stilvolles Stadthaus mit Pool und idyllischer Garten-Oase (Hollabrunn),over_budget,,EFH,Hollabrunn,2020,Bezirk Hollabrunn / Hollabrunn,Hollabrunn/Korneuburg-north,465000,over budget (+€15k),124.0,557.0,5.5,1910,,241.5,Zentralheizung,Gas,Gasheizung,True,False,,False,False,True,Sehr gut/gut; Altbau; Baujahr 1910; Keller,,,,,40,osrm_free_flow,72,vao_hafas_weekday_100000_best_of_5,48.562637,16.08771,listing_coords,https://www.willhaben.at/iad/immobilien/d/haus-kaufen/niederoesterreich/hollabrunn/magie-der-jahrhundertwende-stilvolles-stadthaus-mit-pool-und-idyllischer-garten-oase-2117215966/,,"Region expansion 2026-10-08 (Hollabrunn/Korneuburg-north). Hollabrunn EFH €465.000 / 124 m² / 5.5 rooms / plot 557 m² / BJ 1910 / HWB  241.5 / Zentralheizung; REMAX Gold. ~40 min drive (21st district) / ~72 min PT (8th district). adid 2117215966, first published 2026-09-11.",2026-10-08,active,2026-10-08,2026-10-10,,,,,,seen,makler,ISPRIVATE=0; Provision: 3% des Kaufpreises zzgl. 20% USt.,REMAX Gold,3750.0,6.1,3.6,16275,5115,6975,16740,45105,510105,,nicht angegeben (willhaben detail),unknown,Sehr gut/gut,willhaben detail (condition/description),img/HL41.jpg,archive/HL41.html,2026-10-08,2026-10-08T10:36,44,Not recommended,"{""cost"":8.6,""pt"":10.4,""drive"":4.3,""living"":4.5,""garden"":7.6,""storage"":5,""room5"":4,""sauna"":0,""penalty"":0}",True,Weak fit (44/100): 5 rooms: one spare for guests/office; Large garden (est. ~482 m²); High overall cost (est. €565k–€620k incl. renovation).,5 rooms: one spare for guests/office | Large garden (est. ~482 m²) | Cellar mentioned,High overall cost (est. €565k–€620k incl. renovation),"Renovate to own taste; NÖ/federal renovation subsidies (e.g. Sanierungsbonus, heating replacement) may reduce cost",55000,110000,565105,620105,449,"Est. ~€449/month: BK €150 (assumed, not in listing) + heating ~€299 (HWB 242, Gas). Estimate.",yes,482,2026-10-10,pre-1970 or HWB F/G: substantial renovation €450–900/m²
HL42,EFH — Privatverkauf - Großzügiges Stadthaus im Zentrum von Hollabrunn (Hollabrunn),honourable,,EFH,Hollabrunn,2020,Bezirk Hollabrunn / Hollabrunn,Hollabrunn/Korneuburg-north,419000,,196.0,326.0,6,,F,194.8,Gasheizung,Gas,Gasheizung,True,False,,False,False,False,Keller,,,,,40,osrm_free_flow,73,vao_hafas_weekday_100000_best_of_5,48.56578,16.08386,listing_coords,https://www.willhaben.at/iad/immobilien/d/haus-kaufen/niederoesterreich/hollabrunn/privatverkauf-grosszuegiges-stadthaus-im-zentrum-von-hollabrunn-884458923/,,"Region expansion 2026-10-08 (Hollabrunn/Korneuburg-north). Hollabrunn EFH €419.000 / 196 m² / 6 rooms / plot 326 m² / HWB F 194.8 / Gasheizung; private seller. ~40 min drive (21st district) / ~73 min PT (8th district). adid 884458923, first published 2026-10-05. Two residential units in one house (works as one family home or with a granny flat).",2026-10-08,active,2026-10-08,2026-10-10,,,,,,seen,private,ISPRIVATE=1,,2137.76,6.1,0.0,14665,4609,6285,0,25559,444559,,nicht angegeben (willhaben detail),unknown,,willhaben detail (condition/description),img/HL42.jpg,archive/HL42.html,2026-10-08,2026-10-08T10:36,43,Not recommended,"{""cost"":9.5,""pt"":10.1,""drive"":4.3,""living"":8.0,""garden"":2.2,""storage"":5,""room5"":4,""sauna"":0,""penalty"":0}",True,Weak fit (43/100): 6 rooms: one spare for guests/office; Spacious (196 m² living).,6 rooms: one spare for guests/office | Spacious (196 m² living) | Cellar mentioned,,"Private seller: no buyer commission | Renovate to own taste; NÖ/federal renovation subsidies (e.g. Sanierungsbonus, heating replacement) may reduce cost",90000,175000,534559,619559,532,"Est. ~€532/month: BK €150 (assumed, not in listing) + heating ~€382 (HWB 195, Gas). Estimate.",yes,208,2026-10-10,pre-1970 or HWB F/G: substantial renovation €450–900/m²
HL43,EFH — Moderner Neubau mit exklusiver Rundum-Dachterrasse- Einfamilienhaus mit Gestaltungsspielra (Hollabrunn),over_budget,,EFH,Hollabrunn,2020,Bezirk Hollabrunn / Hollabrunn,Hollabrunn/Korneuburg-north,495000,over budget (+€45k),130.0,98.0,4.5,2025,C,60.0,Zentralheizung,Air-source heat pump,Luftwärmepumpe,True,False,,False,False,False,Sehr gut/gut; Baujahr 2025; Keller,,,,,41,osrm_free_flow,72,vao_hafas_weekday_100000_best_of_5,48.565956,16.085009,listing_coords,https://www.willhaben.at/iad/immobilien/d/haus-kaufen/niederoesterreich/hollabrunn/moderner-neubau-mit-exklusiver-rundum-dachterrasse-einfamilienhaus-mit-gestaltungsspielraum-in-zentraler-lage-von-hollabrunn-1093283164/,,"Region expansion 2026-10-08 (Hollabrunn/Korneuburg-north). Hollabrunn EFH €495.000 / 130 m² / 4.5 rooms / plot 98 m² / BJ 2025 / HWB C 60.0 / Zentralheizung; REMAX Gold. ~41 min drive (21st district) / ~72 min PT (8th district). adid 1093283164, first published 2026-06-03.",2026-10-08,active,2026-10-08,2026-10-10,,,,,,seen,makler,ISPRIVATE=0; Provision: 3% des Kaufpreises zzgl. 20% USt.,REMAX Gold,3807.69,6.1,3.6,17325,5445,7425,17820,48015,543015,,nicht angegeben (willhaben detail),unknown,Sehr gut/gut,willhaben detail (condition/description),img/HL43.jpg,archive/HL43.html,2026-10-08,2026-10-08T10:36,43,Not recommended,"{""cost"":18.2,""pt"":10.4,""drive"":4.0,""living"":5.3,""garden"":0.0,""storage"":5,""room5"":0,""sauna"":0,""penalty"":0}",True,Weak fit (43/100): 4 rooms: meets the parents/boys/girls need; Cellar mentioned; High overall cost (est. €553k–€573k incl. renovation).,4 rooms: meets the parents/boys/girls need | Cellar mentioned,High overall cost (est. €553k–€573k incl. renovation) | Little garden (est. ~20 m²),Cellar could take an office/hobby room,10000,30000,553015,573015,196,"Est. ~€196/month: BK €150 (assumed, not in listing) + heating ~€46 (HWB 60, Air-source heat pump). Estimate.",yes,20,2026-10-10,1990–2009 or HWB C: refresh €80–250/m²
HL44,EFH — charmantes 3 Zimmer-Haus mit Garten in Karnabrunn - ideal zur Sanierung! (Karnabrunn),honourable,,EFH,Karnabrunn,2113,Bezirk Korneuburg / Großrußbach,Hollabrunn/Korneuburg-north,150000,,69.8,474.0,3,1900,G,422.9,Sonstige,Wood,Heizungsart: HOLZ,True,False,,False,False,False,Sanierungsbedürftig; Altbau; Baujahr 1900,,,,,30,osrm_free_flow,86,vao_hafas_weekday_100000_best_of_5_from_town_centre (no stop within walking range of the listing pin),48.46214,16.355103,listing_coords,https://www.willhaben.at/iad/immobilien/d/haus-kaufen/niederoesterreich/korneuburg/charmantes-3-zimmer-haus-mit-garten-in-karnabrunn-ideal-zur-sanierung-1995939393/,,"Region expansion 2026-10-08 (Hollabrunn/Korneuburg-north). Karnabrunn EFH €150.000 / 70 m² / 3 rooms / plot 474 m² / BJ 1900 / HWB G 422.9 / Sonstige; s REAL - Niederösterreich. ~30 min drive (21st district) / ~86 min PT (8th district). needs renovation. adid 1995939393, first published 2026-09-21.",2026-10-08,active,2026-10-08,2026-10-10,,,,,,seen,makler,ISPRIVATE=0; Provision: 3% des Kaufpreises zzgl. 20% USt.,s REAL - Niederösterreich,2149.0,6.1,3.6,5250,1650,2250,5400,14550,164550,,nicht angegeben (willhaben detail),sanierungsbedarf,Sanierungsbedürftig,willhaben detail (condition/description),img/HL44.jpg,archive/HL44.html,2026-10-08,2026-10-08T10:36,42,Not recommended,"{""cost"":45.0,""pt"":6.5,""drive"":7.1,""living"":0.0,""garden"":6.6,""storage"":2,""room5"":0,""sauna"":0,""penalty"":-25}",False,Weak fit (42/100): Low overall cost (est. €215k–€265k incl. renovation); Short drive to the 21st district (30 min); Only 3 rooms — fails the 4-room need.,Low overall cost (est. €215k–€265k incl. renovation) | Short drive to the 21st district (30 min) | Some storage (no cellar named),Only 3 rooms — fails the 4-room need | Small living area (70 m²),"Renovate to own taste; NÖ/federal renovation subsidies (e.g. Sanierungsbonus, heating replacement) may reduce cost",50000,100000,214550,264550,445,"Est. ~€445/month: BK €150 (assumed, not in listing) + heating ~€295 (HWB 423, Wood). Estimate.",storage,432,2026-10-10,"renovation needed, heavy (old/poor energy/complete): €700–1,400/m²"
HL45,DHH — Moderner Wohntraum mit Eigengarten: Frisch renovierte Haushälfte in der Hollabrunner Garte (Hollabrunn),honourable,,DHH,Hollabrunn,2020,Bezirk Hollabrunn / Hollabrunn,Hollabrunn/Korneuburg-north,299900,,110.0,188.0,3.5,,,187.0,Zentralheizung,Air-source heat pump,Luftwärmepumpe,True,False,,False,False,False,Sehr gut/gut; Neubau; Keller,,,,,38,osrm_free_flow,76,vao_hafas_weekday_100000_best_of_5,48.545967,16.081713,listing_coords,https://www.willhaben.at/iad/immobilien/d/haus-kaufen/niederoesterreich/hollabrunn/moderner-wohntraum-mit-eigengarten-frisch-renovierte-haushaelfte-in-der-hollabrunner-gartenstadt-1262965696/,,"Region expansion 2026-10-08 (Hollabrunn/Korneuburg-north). Hollabrunn DHH €299.900 / 110 m² / 3.5 rooms / plot 188 m² / HWB  187.0 / Zentralheizung; REMAX Gold. ~38 min drive (21st district) / ~76 min PT (8th district). adid 1262965696, first published 2026-09-01.",2026-10-08,active,2026-10-08,2026-10-10,,,,,,seen,makler,ISPRIVATE=0; Provision: 3% des Kaufpreises zzgl. 20% USt.,REMAX Gold,2726.36,6.1,3.6,10497,3299,4498,10796,29090,328990,,nicht angegeben (willhaben detail),unknown,Sehr gut/gut,willhaben detail (condition/description),img/HL45.jpg,archive/HL45.html,2026-10-08,2026-10-08T10:36,42,Not recommended,"{""cost"":45.0,""pt"":9.3,""drive"":4.9,""living"":2.7,""garden"":0.4,""storage"":5,""room5"":0,""sauna"":0,""penalty"":-25}",False,Weak fit (42/100): Low overall cost (est. €344k–€384k incl. renovation); Cellar mentioned; Only 3 rooms — fails the 4-room need.,Low overall cost (est. €344k–€384k incl. renovation) | Cellar mentioned,Only 3 rooms — fails the 4-room need | Little garden (est. ~122 m²),Negotiate on price; check BK and heating bills,15000,55000,343990,383990,270,"Est. ~€270/month: BK €150 (assumed, not in listing) + heating ~€120 (HWB 187, Air-source heat pump). Estimate.",yes,122,2026-10-10,condition unknown: €150–500/m²
HL46,EFH — Idyllisches Wohnen mit städtischem Komfort im Hollabrunner Mariathal (Mariathal),over_budget,,EFH,Mariathal,2020,Bezirk Hollabrunn / Hollabrunn,Hollabrunn/Korneuburg-north,498000,over budget (+€48k),150.0,225.0,4.5,2020,B,39.5,Fußbodenheizung,Air-source heat pump,Luft-Wärmepumpe · also Solaranlage,True,True,,False,False,False,Neuwertig; Neubau; Baujahr 2020,,,,,44,osrm_free_flow,82,vao_hafas_weekday_100000_best_of_5,48.56782,16.112267,listing_coords,https://www.willhaben.at/iad/immobilien/d/haus-kaufen/niederoesterreich/hollabrunn/idyllisches-wohnen-mit-staedtischem-komfort-im-hollabrunner-mariathal-1808534590/,,"Region expansion 2026-10-08 (Hollabrunn/Korneuburg-north). Mariathal EFH €498.000 / 150 m² / 4.5 rooms / plot 225 m² / BJ 2020 / HWB B 39.5 / Fußbodenheizung; REMAX Gold. ~44 min drive (21st district) / ~82 min PT (8th district). adid 1808534590, first published 2026-07-14.",2026-10-08,active,2026-10-08,2026-10-10,,,,,,seen,makler,ISPRIVATE=0; Provision: 3% des Kaufpreises zzgl. 20% USt.,REMAX Gold,3320.0,6.1,3.6,17430,5478,7470,17928,48306,546306,,nicht angegeben (willhaben detail),schluesselfertig,Neuwertig,willhaben detail (condition/description),img/HL46.jpg,archive/HL46.html,2026-10-08,2026-10-08T10:36,42,Not recommended,"{""cost"":20.3,""pt"":7.6,""drive"":3.1,""living"":8.0,""garden"":0.7,""storage"":2,""room5"":0,""sauna"":0,""penalty"":0}",True,Weak fit (42/100): 4 rooms: meets the parents/boys/girls need; Spacious (150 m² living); Little garden (est. ~135 m²).,4 rooms: meets the parents/boys/girls need | Spacious (150 m² living) | Some storage (no cellar named),Little garden (est. ~135 m²),Negotiate on price; check BK and heating bills,0,10000,546306,556306,185,"Est. ~€185/month: BK €150 (assumed, not in listing) + heating ~€35 (HWB 40, Air-source heat pump). Estimate.",storage,135,2026-10-10,turnkey: minor works only
HL47,"EFH — Familien-Traum in Hollabrunn - 240 m², großer Garten, Top Lage - provisionsfrei (Hollabrunn)",over_budget,,EFH,Hollabrunn,2020,Bezirk Hollabrunn / Hollabrunn,Hollabrunn/Korneuburg-north,498000,over budget (+€48k),240.0,673.0,8,,F,147.0,"Zentralheizung, Fußbodenheizung, Fernwärme",District heating,Fernwärme,True,True,"Garage, Parkplatz",True,False,False,Sehr gut/gut; Neubau; Keller,,,,,38,osrm_free_flow,72,vao_hafas_weekday_100000_best_of_6,48.55671,16.08178,listing_coords,https://www.willhaben.at/iad/immobilien/d/haus-kaufen/niederoesterreich/hollabrunn/familien-traum-in-hollabrunn-240-m-grosser-garten-top-lage-provisionsfrei-1018587454/,,"Region expansion 2026-10-08 (Hollabrunn/Korneuburg-north). Hollabrunn EFH €498.000 / 240 m² / 8 rooms / plot 673 m² / HWB F 147.0 / Zentralheizung, Fußbodenheizung, Fernwärme; private seller. ~38 min drive (21st district) / ~72 min PT (8th district). adid 1018587454, first published 2026-09-29.",2026-10-08,active,2026-10-08,2026-10-10,,,,,,seen,private,ISPRIVATE=1; Provision: 0,,2075.0,6.1,0.0,17430,5478,7470,0,30378,528378,,nicht angegeben (willhaben detail),unknown,Sehr gut/gut,willhaben detail (condition/description),img/HL47.jpg,archive/HL47.html,2026-10-08,2026-10-08T10:36,41,Not recommended,"{""cost"":0.0,""pt"":10.4,""drive"":4.9,""living"":8.0,""garden"":8.6,""storage"":5,""room5"":4,""sauna"":0,""penalty"":0}",True,Weak fit (41/100): 8 rooms: one spare for guests/office; Spacious (240 m² living); High overall cost (est. €638k–€743k incl. renovation).,8 rooms: one spare for guests/office | Spacious (240 m² living) | Large garden (est. ~529 m²) | Cellar mentioned,High overall cost (est. €638k–€743k incl. renovation),"Private seller: no buyer commission | Renovate to own taste; NÖ/federal renovation subsidies (e.g. Sanierungsbonus, heating replacement) may reduce cost",110000,215000,638378,743378,503,"Est. ~€503/month: BK €150 (assumed, not in listing) + heating ~€353 (HWB 147, District heating). Estimate.",yes,529,2026-10-10,pre-1970 or HWB F/G: substantial renovation €450–900/m²
HL48,EFH — Charmantes Bauernhaus für Pferdeliebhaber auf 2.700 m² Grundstück (Wetzleinsdorf),sauna,,EFH,Wetzleinsdorf,2113,Bezirk Korneuburg / Großrußbach,Hollabrunn/Korneuburg-north,349000,,200.0,2700.0,8,1905,G,279.0,Zentralheizung,Unknown,"listing only names Zentralheizung, no fuel",True,False,,False,True,False,Sehr gut/gut; Altbau; Baujahr 1905,,,,,32,osrm_free_flow,91,vao_hafas_weekday_100000_best_of_5,48.480526,16.37983,listing_coords,https://www.willhaben.at/iad/immobilien/d/haus-kaufen/niederoesterreich/korneuburg/charmantes-bauernhaus-fuer-pferdeliebhaber-auf-2-700-m-grundstueck-1133015026/,,"Region expansion 2026-10-08 (Hollabrunn/Korneuburg-north). Wetzleinsdorf EFH €349.000 / 200 m² / 8 rooms / plot 2700 m² / BJ 1905 / HWB G 279.0 / Zentralheizung; 4M Immobilien&Consulting GmbH & Co KG. ~32 min drive (21st district) / ~91 min PT (8th district). needs renovation. adid 1133015026, first published 2026-10-02.",2026-10-08,active,2026-10-08,2026-10-10,,,,,,seen,makler,ISPRIVATE=0; Provision: 3% des Kaufpreises zzgl. 20% USt.,4M Immobilien&Consulting GmbH & Co KG,1745.0,6.1,3.6,12215,3839,5235,12564,33853,382853,,nicht angegeben (willhaben detail),sanierungsbedarf,Sehr gut/gut,willhaben detail (condition/description),img/HL48.jpg,archive/HL48.html,2026-10-08,2026-10-08T10:36,40,Not recommended,"{""cost"":3.6,""pt"":5.2,""drive"":6.6,""living"":8.0,""garden"":10.0,""storage"":0,""room5"":4,""sauna"":3,""penalty"":0}",True,Weak fit (40/100): 8 rooms: one spare for guests/office; Spacious (200 m² living); Long public-transport commute to the 8th district (91 min).,8 rooms: one spare for guests/office | Spacious (200 m² living) | Large garden (est. ~2580 m²) | Sauna,Long public-transport commute to the 8th district (91 min) | Cellar unknown,"Renovate to own taste; NÖ/federal renovation subsidies (e.g. Sanierungsbonus, heating replacement) may reduce cost | Big plot: room for play area, garden shed or extension",140000,280000,522853,662853,708,"Est. ~€708/month: BK €150 (assumed, not in listing) + heating ~€558 (HWB 279, Unknown). Estimate.",unknown,2580,2026-10-10,"renovation needed, heavy (old/poor energy/complete): €700–1,400/m²"
HL49,EFH — Sehr gute Lage - LUX Haus - belagsfertig - moderne Planung - hochwertige Materialien - gr (Großrußbach),over_budget,,EFH,Großrußbach,2113,Bezirk Korneuburg / Großrußbach,Hollabrunn/Korneuburg-north,468000,over budget (+€18k),103.0,,4,,,37.0,,Air-source heat pump,Luft Wärmepumpe; Luft-Wasserwärmepumpe,True,True,,False,False,False,Erstbezug,,,,,31,osrm_free_flow,85,vao_hafas_weekday_100000_best_of_5,48.47804,16.38355,listing_coords,https://www.willhaben.at/iad/immobilien/d/haus-kaufen/niederoesterreich/korneuburg/sehr-gute-lage-lux-haus-belagsfertig-moderne-planung-hochwertige-materialien-grosszuegiges-raumangebot-grosser-garten-1314670116/,,"Region expansion 2026-10-08 (Hollabrunn/Korneuburg-north). Großrußbach EFH €468.000 / 103 m² / 4 rooms / plot not stated / HWB  37.0; Makler. ~31 min drive (21st district) / ~85 min PT (8th district). handed over belagsfertig. adid 1314670116, first published 2026-10-01.",2026-10-08,active,2026-10-08,2026-10-10,,,,,,seen,makler,ISPRIVATE=0; Provision: nein,,4543.69,6.1,3.6,16380,5148,7020,16848,45396,513396,,nicht angegeben (willhaben detail),belagsfertig,Erstbezug,willhaben detail (condition/description),img/HL49.jpg,archive/HL49.html,2026-10-08,2026-10-08T10:36,39,Not recommended,"{""cost"":21.0,""pt"":6.8,""drive"":6.9,""living"":1.7,""garden"":1.0,""storage"":2,""room5"":0,""sauna"":0,""penalty"":0}",True,Weak fit (39/100): 4 rooms: meets the parents/boys/girls need; Some storage (no cellar named); Garden size unknown.,4 rooms: meets the parents/boys/girls need | Some storage (no cellar named),Garden size unknown,Choose own floors/finishes,25000,45000,538396,558396,172,"Est. ~€172/month: BK €150 (assumed, not in listing) + heating ~€22 (HWB 37, Air-source heat pump). Estimate.",storage,,2026-10-10,"belagsfertig: floors, doors, painting, fittings at €250–450/m²"
HL50,EFH — Wohnhaus mit Kellergewölbe als besonderes Highlight! (Wullersdorf),sauna,,EFH,Wullersdorf,2041,Bezirk Hollabrunn / Wullersdorf,Hollabrunn/Korneuburg-north,299000,,125.0,535.0,3,,g,286.0,Sonstige,Oil,Ölheizung · also Ofen für feste Brennstoffe,True,True,,False,True,False,,,,,,47,osrm_free_flow,84,vao_hafas_weekday_100000_best_of_5,48.631916,16.10776,listing_coords,https://www.willhaben.at/iad/immobilien/d/haus-kaufen/niederoesterreich/hollabrunn/wohnhaus-mit-kellergewoelbe-als-besonderes-highlight-1574251022/,,"Region expansion 2026-10-08 (Hollabrunn/Korneuburg-north). Wullersdorf EFH €299.000 / 125 m² / 3 rooms / plot 535 m² / HWB g 286.0 / Sonstige; Raiffeisen Immobilien Vermittlung Ges.m.b.H.. ~47 min drive (21st district) / ~84 min PT (8th district). adid 1574251022, first published 2026-09-29.",2026-10-08,active,2026-10-08,2026-10-10,,,,,,seen,makler,ISPRIVATE=0; Provision: 3% des Kaufpreises plus 20% USt.,Raiffeisen Immobilien Vermittlung Ges.m.b.H.,2392.0,6.1,3.6,10465,3289,4485,10764,29003,328003,,nicht angegeben (willhaben detail),unknown,,willhaben detail (condition/description),img/HL50.jpg,archive/HL50.html,2026-10-08,2026-10-08T10:36,37,Not recommended,"{""cost"":33.1,""pt"":7.1,""drive"":2.3,""living"":4.7,""garden"":7.2,""storage"":5,""room5"":0,""sauna"":3,""penalty"":-25}",False,Weak fit (37/100): Low overall cost (est. €398k–€468k incl. renovation); Large garden (est. ~460 m²); Long drive to the 21st district (47 min).,Low overall cost (est. €398k–€468k incl. renovation) | Large garden (est. ~460 m²) | Cellar mentioned | Sauna,Long drive to the 21st district (47 min) | Only 3 rooms — fails the 4-room need | Oil heating: replacement expected,"Renovate to own taste; NÖ/federal renovation subsidies (e.g. Sanierungsbonus, heating replacement) may reduce cost",70000,140000,398003,468003,508,"Est. ~€508/month: BK €150 (assumed, not in listing) + heating ~€358 (HWB 286, Oil). Estimate.",yes,460,2026-10-10,pre-1970 or HWB F/G: substantial renovation €450–900/m²; + €15–25k oil-heating replacement
HL51,EFH — Neuer Preis Arkadenbauernhaus mit Innenhofatrium und Garten in ruhiger Lage !Bedarf Renovi (Ziersdorf),honourable,,EFH,Ziersdorf,3710,Bezirk Hollabrunn / Ziersdorf,Hollabrunn/Korneuburg-north,180000,,90.0,703.0,3,1900,F,,Zentralheizung,Gas + Wood,Gasheizung; Heizungsart: HOLZ,True,False,,False,False,False,Baujahr 1900,,,,,45,osrm_free_flow,100,vao_hafas_weekday_100000_best_of_5,48.52647,15.912302,listing_coords,https://www.willhaben.at/iad/immobilien/d/haus-kaufen/niederoesterreich/hollabrunn/neuer-preis-arkadenbauernhaus-mit-innenhofatrium-und-garten-in-ruhiger-lage-bedarf-renovierung-1961150313/,,"Region expansion 2026-10-08 (Hollabrunn/Korneuburg-north). Ziersdorf EFH €180.000 / 90 m² / 3 rooms / plot 703 m² / BJ 1900 / HWB F / Zentralheizung; IMMOcontract Immobilien Vermittlung GmbH. ~45 min drive (21st district) / ~100 min PT (8th district). needs renovation. adid 1961150313, first published 2026-02-02.",2026-10-08,active,2026-10-08,2026-10-10,,,,,,seen,makler,"ISPRIVATE=0; Provision: 6.480,00 EUR inkl. 20% USt.",IMMOcontract Immobilien Vermittlung GmbH,2000.0,6.1,3.6,6300,1980,2700,6480,17460,197460,,nicht angegeben (willhaben detail),sanierungsbedarf,,willhaben detail (condition/description),img/HL51.jpg,archive/HL51.html,2026-10-08,2026-10-08T10:36,36,Not recommended,"{""cost"":45.0,""pt"":2.7,""drive"":2.9,""living"":0.0,""garden"":10.0,""storage"":0,""room5"":0,""sauna"":0,""penalty"":-25}",False,Weak fit (36/100): Low overall cost (est. €262k–€322k incl. renovation); Large garden (est. ~649 m²); Long public-transport commute to the 8th district (100 min).,Low overall cost (est. €262k–€322k incl. renovation) | Large garden (est. ~649 m²),Long public-transport commute to the 8th district (100 min) | Only 3 rooms — fails the 4-room need | Small living area (90 m²) | Cellar unknown,"Renovate to own taste; NÖ/federal renovation subsidies (e.g. Sanierungsbonus, heating replacement) may reduce cost | Big plot: room for play area, garden shed or extension",65000,125000,262460,322460,357,"Est. ~€357/month: BK €150 (assumed, not in listing) + heating ~€207 (HWB 230 from class F, Gas + Wood). Estimate.",unknown,649,2026-10-10,"renovation needed, heavy (old/poor energy/complete): €700–1,400/m²"
HL52,EFH — Idyllischer Dreiseithof im Weinviertel - Viel Platz zum Wohlfühlen und Entspannen (Guntersdorf),honourable,,EFH,Guntersdorf,2042,Bezirk Hollabrunn / Guntersdorf,Hollabrunn/Korneuburg-north,449000,price reduced on willhaben (was €499.000),180.0,2022.0,6,1800,G,421.8,Zentralheizung,Gas + Wood,Gaszentralheizung; Gasheizung; Kachelofen,True,False,,False,False,False,Altbau; Baujahr 1800,,,,,48,osrm_free_flow,85,vao_hafas_weekday_100000_best_of_5,48.64829,16.03788,listing_coords,https://www.willhaben.at/iad/immobilien/d/haus-kaufen/niederoesterreich/hollabrunn/idyllischer-dreiseithof-im-weinviertel-viel-platz-zum-wohlfuehlen-und-entspannen-1868498630/,,"Region expansion 2026-10-08 (Hollabrunn/Korneuburg-north). Guntersdorf EFH €449.000 / 180 m² / 6 rooms / plot 2022 m² / BJ 1800 / HWB G 421.8 / Zentralheizung; Birnleitner Immobilien GmbH. ~48 min drive (21st district) / ~85 min PT (8th district). adid 1868498630, first published 2024-12-09.",2026-10-08,active,2026-10-08,2026-10-10,,,,,,seen,makler,ISPRIVATE=0; Provision: 3% d. Kaufpreises + 20% MwSt.,Birnleitner Immobilien GmbH,2494.44,6.1,3.6,15715,4939,6735,16164,43553,492553,,nicht angegeben (willhaben detail),unknown,,willhaben detail (condition/description),img/HL52.jpg,archive/HL52.html,2026-10-08,2026-10-08T10:36,36,Not recommended,"{""cost"":0.0,""pt"":6.8,""drive"":2.0,""living"":8.0,""garden"":10.0,""storage"":5,""room5"":4,""sauna"":0,""penalty"":0}",True,Weak fit (36/100): 6 rooms: one spare for guests/office; Spacious (180 m² living); High overall cost (est. €573k–€653k incl. renovation).,6 rooms: one spare for guests/office | Spacious (180 m² living) | Large garden (est. ~1914 m²) | Cellar mentioned,High overall cost (est. €573k–€653k incl. renovation) | Long drive to the 21st district (48 min),"Renovate to own taste; NÖ/federal renovation subsidies (e.g. Sanierungsbonus, heating replacement) may reduce cost | Big plot: room for play area, garden shed or extension",80000,160000,572553,652553,909,"Est. ~€909/month: BK €150 (assumed, not in listing) + heating ~€759 (HWB 422, Gas + Wood). Estimate.",yes,1914,2026-10-10,pre-1970 or HWB F/G: substantial renovation €450–900/m²
HL53,"DHH — Modernes Doppelhaus in Tresdorf, 5 Zimmer, Garten, Terrasse, Erstbezug, 549.000 EUR (Tresdorf)",over_budget,,DHH,Tresdorf,2111,Bezirk Korneuburg / Leobendorf,Hollabrunn/Korneuburg-north,549000,over budget (+€99k),138.82,,5,2026,,,Fußbodenheizung,Air-source heat pump,Luft-Wasser-Wärmepumpe; Luftwärmepumpe · also Photovoltaik,True,True,,False,False,False,Erstbezug; Neubau; Baujahr 2026,,,,,23,osrm_free_flow,71,vao_hafas_weekday_100000_best_of_6,48.38875,16.377378,listing_coords,https://www.willhaben.at/iad/immobilien/d/haus-kaufen/niederoesterreich/korneuburg/modernes-doppelhaus-in-tresdorf-5-zimmer-garten-terrasse-erstbezug-549-000-eur-1836509268/,,"Region expansion 2026-10-08 (Hollabrunn/Korneuburg-north). Tresdorf DHH €549.000 / 139 m² / 5 rooms / plot not stated / BJ 2026 / Fußbodenheizung; teamneunzehn-Gruppe. ~23 min drive (21st district) / ~71 min PT (8th district). handed over belagsfertig. adid 1836509268, first published 2026-10-06.",2026-10-08,active,2026-10-08,2026-10-10,,,,,,seen,makler,ISPRIVATE=0; Provision: 3% des Kaufpreises zzgl. 20% USt.,teamneunzehn-Gruppe,3954.76,6.1,3.6,19215,6039,8235,19764,53253,602253,,nicht angegeben (willhaben detail),belagsfertig,Erstbezug,willhaben detail (condition/description),img/HL53.jpg,archive/HL53.html,2026-10-08,2026-10-08T10:36,36,Not recommended,"{""cost"":2.4,""pt"":10.6,""drive"":9.1,""living"":6.5,""garden"":1.0,""storage"":2,""room5"":4,""sauna"":0,""penalty"":0}",True,Weak fit (36/100): Short drive to the 21st district (23 min); 5 rooms: one spare for guests/office; High overall cost (est. €637k–€662k incl. renovation).,Short drive to the 21st district (23 min) | 5 rooms: one spare for guests/office | Some storage (no cellar named),High overall cost (est. €637k–€662k incl. renovation) | Garden size unknown,Choose own floors/finishes,35000,60000,637253,662253,296,"Est. ~€296/month: BK €150 (assumed, not in listing) + heating ~€146 (HWB 180 assumed, Air-source heat pump). Estimate.",storage,,2026-10-10,"belagsfertig: floors, doors, painting, fittings at €250–450/m²"
HL54,EFH — SOFORT EINZIEHEN UND WOHLFÜHLEN - MASSIVE UND HOCHWERTIGE BAUWEISE MIT HOHER LEBENSQUALITÄ (Guntersdorf),honourable,,EFH,Guntersdorf,2042,Bezirk Hollabrunn / Guntersdorf,Hollabrunn/Korneuburg-north,189000,,66.4,,3,,b,41.0,Sonstige,Gas,Gaszentralheizung; heizung mit Gas; Gasheizung,True,True,Parkplatz,False,False,False,Keller,,,,,48,osrm_free_flow,85,vao_hafas_weekday_100000_best_of_5,48.64829,16.03788,listing_coords,https://www.willhaben.at/iad/immobilien/d/haus-kaufen/niederoesterreich/hollabrunn/sofort-einziehen-und-wohlfuehlen-massive-und-hochwertige-bauweise-mit-hoher-lebensqualitaet-am-land-795088409/,,"Region expansion 2026-10-08 (Hollabrunn/Korneuburg-north). Guntersdorf EFH €189.000 / 66 m² / 3 rooms / plot not stated / HWB b 41.0 / Sonstige; Raiffeisen Immobilien Vermittlung Ges.m.b.H.. ~48 min drive (21st district) / ~85 min PT (8th district). adid 795088409, first published 2026-08-23.",2026-10-08,active,2026-10-08,2026-10-10,,,,,,seen,makler,ISPRIVATE=0; Provision: 3% des Kaufpreises plus 20% USt.,Raiffeisen Immobilien Vermittlung Ges.m.b.H.,2846.39,6.1,3.6,6615,2079,2835,6804,18333,207333,192.98,willhaben MONTHCOSTS_GROSS,schluesselfertig,,willhaben detail (condition/description),img/HL54.jpg,archive/HL54.html,2026-10-08,2026-10-08T10:36,35,Not recommended,"{""cost"":45.0,""pt"":6.8,""drive"":2.0,""living"":0.0,""garden"":1.0,""storage"":5,""room5"":0,""sauna"":0,""penalty"":-25}",False,Weak fit (35/100): Low overall cost (est. €207k–€217k incl. renovation); Cellar mentioned; Long drive to the 21st district (48 min).,Low overall cost (est. €207k–€217k incl. renovation) | Cellar mentioned,Long drive to the 21st district (48 min) | Only 3 rooms — fails the 4-room need | Small living area (66 m²) | Garden size unknown,Negotiate on price; check BK and heating bills,0,10000,207333,217333,220,"Est. ~€220/month: BK €193 (listing) + heating ~€27 (HWB 41, Gas). Estimate.",yes,,2026-10-10,turnkey: minor works only
HL55,RH — Attraktives Mittelhaus zum Vorzugspreis (Harmannsdorf),over_budget,,RH,Harmannsdorf,2111,Bezirk Korneuburg / Harmannsdorf,Hollabrunn/Korneuburg-north,489000,"over budget (+€39k); project: 3 units listed, €509k, €509k for the others",115.11,,,2023,B,30.8,Fußbodenheizung,Air-source heat pump,Luftwärmepumpe,True,True,Parkplatz,False,False,False,Neubau; Baujahr 2023,,,,,21,osrm_free_flow,75,vao_hafas_weekday_100000_best_of_6,48.393524,16.385296,listing_coords,https://www.willhaben.at/iad/immobilien/d/haus-kaufen/niederoesterreich/korneuburg/attraktives-mittelhaus-zum-vorzugspreis-922488967/,,"Region expansion 2026-10-08 (Hollabrunn/Korneuburg-north). Harmannsdorf RH €489.000 / 115 m² / rooms not stated / plot not stated / BJ 2023 / HWB B 30.8 / Fußbodenheizung; Mag. iur. Diana Voskov, MBL. ~21 min drive (21st district) / ~75 min PT (8th district). handed over belagsfertig; other units: 1129224592 €509k, 2004531351 €509k. adid 922488967, first published 2026-08-13.",2026-10-08,active,2026-10-08,2026-10-10,,,,,,seen,makler,"ISPRIVATE=0; Provision: 17.604,00 EUR inkl. 20% USt.","Mag. iur. Diana Voskov, MBL",4248.11,6.1,3.6,17115,5379,7335,17604,47433,536433,,nicht angegeben (willhaben detail),belagsfertig,,willhaben detail (condition/description),img/HL55.jpg,archive/HL55.html,2026-10-08,2026-10-08T10:36,34,Not recommended,"{""cost"":16.6,""pt"":9.5,""drive"":9.7,""living"":3.3,""garden"":1.0,""storage"":2,""room5"":0,""sauna"":0,""penalty"":-8}",,Weak fit (34/100): Short drive to the 21st district (21 min); Some storage (no cellar named); High overall cost (est. €566k–€586k incl. renovation).,Short drive to the 21st district (21 min) | Some storage (no cellar named),High overall cost (est. €566k–€586k incl. renovation) | Room count unknown — check before viewing | Garden size unknown,Choose own floors/finishes,30000,50000,566433,586433,171,"Est. ~€171/month: BK €150 (assumed, not in listing) + heating ~€21 (HWB 31, Air-source heat pump). Estimate.",storage,,2026-10-10,"belagsfertig: floors, doors, painting, fittings at €250–450/m²"
HL56,"RH — Traumhaftes Eckreihenhaus (Bj. 2018) inkl. 2 PKW-Stellplätze: Modern, energieeffizient und (Hollabrunn)",over_budget,,RH,Hollabrunn,2020,Bezirk Hollabrunn / Hollabrunn,Hollabrunn/Korneuburg-north,498000,over budget (+€48k),109.5,,4,2018,,38.6,Zentralheizung,Air-source heat pump,Luftwärmepumpe · also PV,True,True,Parkplatz,False,False,False,Sehr gut/gut; Neubau; Baujahr 2018,,,,,44,osrm_free_flow,90,vao_hafas_weekday_100000_best_of_5,48.569675,16.056055,listing_coords,https://www.willhaben.at/iad/immobilien/d/haus-kaufen/niederoesterreich/hollabrunn/traumhaftes-eckreihenhaus-bj-2018-inkl-2-pkw-stellplaetze-modern-energieeffizient-und-bezugsfertig-2052025202/,,"Region expansion 2026-10-08 (Hollabrunn/Korneuburg-north). Hollabrunn RH €498.000 / 110 m² / 4 rooms / plot not stated / BJ 2018 / HWB  38.6 / Zentralheizung; REMAX Gold. ~44 min drive (21st district) / ~90 min PT (8th district). adid 2052025202, first published 2026-09-09. Wohnungseigentum: no separate plot of its own; exclusive garden + share of the common plot.",2026-10-08,active,2026-10-08,2026-10-10,,,,,,seen,makler,ISPRIVATE=0; Provision: 3% des Kaufpreises zzgl. 20% USt.,REMAX Gold,4547.95,6.1,3.6,17430,5478,7470,17928,48306,546306,,nicht angegeben (willhaben detail),unknown,Sehr gut/gut,willhaben detail (condition/description),img/HL56.jpg,archive/HL56.html,2026-10-08,2026-10-08T10:36,34,Not recommended,"{""cost"":20.1,""pt"":5.5,""drive"":3.1,""living"":2.6,""garden"":1.0,""storage"":2,""room5"":0,""sauna"":0,""penalty"":0}",True,Weak fit (34/100): 4 rooms: meets the parents/boys/girls need; Some storage (no cellar named); Garden size unknown.,4 rooms: meets the parents/boys/girls need | Some storage (no cellar named),Garden size unknown,Negotiate on price; check BK and heating bills,0,15000,546306,561306,175,"Est. ~€175/month: BK €150 (assumed, not in listing) + heating ~€25 (HWB 39, Air-source heat pump). Estimate.",storage,,2026-10-10,recent/efficient: €0–15k
HL57,EFH — Viel Platz für eigene Ideen: Rohbau zum Fertigstellen in Großmugl! (Großmugl),honourable,,EFH,Großmugl,2002,Bezirk Korneuburg / Großmugl,Hollabrunn/Korneuburg-north,289000,,222.0,405.0,6,1950,C,59.4,,Unknown,no heating system named in the listing text,True,False,,False,False,False,Altbau; Baujahr 1950,,,,,34,osrm_free_flow,89,vao_hafas_weekday_100000_best_of_5,48.486126,16.241922,listing_coords,https://www.willhaben.at/iad/immobilien/d/haus-kaufen/niederoesterreich/korneuburg/viel-platz-fuer-eigene-ideen-rohbau-zum-fertigstellen-in-grossmugl-2074074582/,,"Region expansion 2026-10-08 (Hollabrunn/Korneuburg-north). Großmugl EFH €289.000 / 222 m² / 6 rooms / plot 405 m² / BJ 1950 / HWB C 59.4; REMAX Gold. ~34 min drive (21st district) / ~89 min PT (8th district). Rohbau: interior still to be completed. adid 2074074582, first published 2026-06-16.",2026-10-08,active,2026-10-08,2026-10-10,,,,,,seen,makler,ISPRIVATE=0; Provision: 3% des Kaufpreises zzgl. 20% USt.,REMAX Gold,1301.8,6.1,3.6,10115,3179,4335,10404,28033,317033,,nicht angegeben (willhaben detail),rohbaufertig,,willhaben detail (condition/description),img/HL57.jpg,archive/HL57.html,2026-10-08,2026-10-08T10:36,33,Not recommended,"{""cost"":6.3,""pt"":5.7,""drive"":6.0,""living"":8.0,""garden"":3.4,""storage"":0,""room5"":4,""sauna"":0,""penalty"":0}",True,Weak fit (33/100): 6 rooms: one spare for guests/office; Spacious (222 m² living); High overall cost (est. €562k–€692k incl. renovation).,6 rooms: one spare for guests/office | Spacious (222 m² living),High overall cost (est. €562k–€692k incl. renovation) | Cellar unknown | Rohbau: large completion cost and time,"Renovate to own taste; NÖ/federal renovation subsidies (e.g. Sanierungsbonus, heating replacement) may reduce cost",245000,375000,562033,692033,282,"Est. ~€282/month: BK €150 (assumed, not in listing) + heating ~€132 (HWB 59, Unknown). Estimate.",unknown,271,2026-10-10,"Rohbau: interior completion at €1,100–1,700/m²"
HL58,EFH — Wohnhaus auf sonnigem Eckgrundstück nahe dem Kirchenwald! (Hollabrunn),honourable,,EFH,Hollabrunn,2020,Bezirk Hollabrunn / Hollabrunn,Hollabrunn/Korneuburg-north,359000,,119.0,1128.0,3,,G,322.0,,Unknown,no heating system named in the listing text,,True,"Garage, Parkplatz",True,False,False,Keller,,,,,40,osrm_free_flow,68,vao_hafas_weekday_100000_best_of_5,48.56257,16.078724,listing_coords,https://www.willhaben.at/iad/immobilien/d/haus-kaufen/niederoesterreich/hollabrunn/wohnhaus-auf-sonnigem-eckgrundstueck-nahe-dem-kirchenwald-1528454253/,,"Region expansion 2026-10-08 (Hollabrunn/Korneuburg-north). Hollabrunn EFH €359.000 / 119 m² / 3 rooms / plot 1128 m² / HWB G 322.0; SMK Immo Treuhand GmbH. ~40 min drive (21st district) / ~68 min PT (8th district). adid 1528454253, first published 2026-09-01.",2026-10-08,active,2026-10-08,2026-10-10,,,,,,seen,makler,ISPRIVATE=0,SMK Immo Treuhand GmbH,3016.81,6.1,3.6,12565,3949,5385,12924,34823,393823,,nicht angegeben (willhaben detail),unknown,,willhaben detail (condition/description),img/HL58.jpg,archive/HL58.html,2026-10-08,2026-10-08T10:36,33,Not recommended,"{""cost"":26.1,""pt"":11.5,""drive"":4.3,""living"":3.9,""garden"":10.0,""storage"":2,""room5"":0,""sauna"":0,""penalty"":-25}",False,Weak fit (33/100): Large garden (est. ~1056 m²); Some storage (no cellar named); Only 3 rooms — fails the 4-room need.,Large garden (est. ~1056 m²) | Some storage (no cellar named),Only 3 rooms — fails the 4-room need,"Renovate to own taste; NÖ/federal renovation subsidies (e.g. Sanierungsbonus, heating replacement) may reduce cost | Big plot: room for play area, garden shed or extension",55000,105000,448823,498823,533,"Est. ~€533/month: BK €150 (assumed, not in listing) + heating ~€383 (HWB 322, Unknown). Estimate.",storage,1056,2026-10-10,pre-1970 or HWB F/G: substantial renovation €450–900/m²
HL59,EFH — Lichtdurchfluteter Wohntraum mit Panoramablick und Ausbaupotenzial: Ihr neues Familiendomi (Breitenwaida),honourable,,EFH,Breitenwaida,2014,Bezirk Hollabrunn / Hollabrunn,Hollabrunn/Korneuburg-north,395000,,86.0,626.0,3.5,1981,,,Zentralheizung,Gas,Gaszentralheizung; Gasheizung · also Schwedenofen,True,True,Garage,True,False,False,Sehr gut/gut; Neubau; Baujahr 1981; Keller,,,,,37,osrm_free_flow,89,vao_hafas_weekday_100000_best_of_6,48.507275,16.070395,listing_coords,https://www.willhaben.at/iad/immobilien/d/haus-kaufen/niederoesterreich/hollabrunn/lichtdurchfluteter-wohntraum-mit-panoramablick-und-ausbaupotenzial-ihr-neues-familiendomizil-in-familienfreundlicher-lage-von-breitenwaida-1173671220/,,"Region expansion 2026-10-08 (Hollabrunn/Korneuburg-north). Breitenwaida EFH €395.000 / 86 m² / 3.5 rooms / plot 626 m² / BJ 1981 / Zentralheizung; REMAX Gold. ~37 min drive (21st district) / ~89 min PT (8th district). adid 1173671220, first published 2026-09-29.",2026-10-08,active,2026-10-08,2026-10-10,,,,,,seen,makler,ISPRIVATE=0; Provision: 3% des Kaufpreises zzgl. 20% USt.,REMAX Gold,4593.02,6.1,3.6,13825,4345,5925,14220,38315,433315,,nicht angegeben (willhaben detail),unknown,Sehr gut/gut,willhaben detail (condition/description),img/HL59.jpg,archive/HL59.html,2026-10-08,2026-10-08T10:36,32,Not recommended,"{""cost"":31.4,""pt"":5.7,""drive"":5.1,""living"":0.0,""garden"":9.5,""storage"":5,""room5"":0,""sauna"":0,""penalty"":-25}",False,Weak fit (32/100): Low overall cost (est. €453k–€483k incl. renovation); Large garden (est. ~574 m²); Only 3 rooms — fails the 4-room need.,Low overall cost (est. €453k–€483k incl. renovation) | Large garden (est. ~574 m²) | Cellar mentioned,Only 3 rooms — fails the 4-room need | Small living area (86 m²),Negotiate on price; check BK and heating bills,20000,50000,453315,483315,305,"Est. ~€305/month: BK €150 (assumed, not in listing) + heating ~€155 (HWB 180 assumed, Gas). Estimate.",yes,574,2026-10-10,1970–89 or HWB D/E: partial renovation €250–600/m²
HL60,EFH — KAUFPREIS NEU! EINZIGARTIG! Eigentum auf 1010 m² Grund. Ruhelage und WEINKELLER (Karnabrunn),honourable,,EFH,Karnabrunn,2113,Bezirk Korneuburg / Großrußbach,Hollabrunn/Korneuburg-north,295000,,63.79,1010.0,3,1972,D,126.9,Gasheizung,Gas,Gasheizung,True,True,"Carport, Parkplatz",False,False,False,Neubau; Baujahr 1972; Keller,,,,,37,osrm_free_flow,106,vao_hafas_weekday_100000_best_of_5,48.473873,16.369799,listing_coords,https://www.willhaben.at/iad/immobilien/d/haus-kaufen/niederoesterreich/korneuburg/kaufpreis-neu-einzigartig-eigentum-auf-1010-m-grund-ruhelage-und-weinkeller-843327476/,,"Region expansion 2026-10-08 (Hollabrunn/Korneuburg-north). Karnabrunn EFH €295.000 / 64 m² / 3 rooms / plot not stated / BJ 1972 / HWB D 126.9 / Gasheizung; Immoexpress KG. ~37 min drive (21st district) / ~106 min PT (8th district). needs renovation. adid 843327476, first published 2026-10-01. Plot from the description.",2026-10-08,active,2026-10-08,2026-10-10,,,,,,seen,makler,ISPRIVATE=0; Provision: 3 % exkl. 20% MwSt. vom Gesamtkaufpreis,Immoexpress KG,4625,6.1,3.6,10325,3245,4425,10620,28615,323615,,nicht angegeben (willhaben detail),sanierungsbedarf,,willhaben detail (condition/description),img/HL60.jpg,archive/HL60.html,2026-10-08,2026-10-08T10:36,38,Not recommended,"{""cost"":45.0,""pt"":1.1,""drive"":5.1,""living"":0.0,""garden"":10.0,""storage"":2,""room5"":0,""sauna"":0,""penalty"":-25}",False,Weak fit (38/100): Low overall cost (est. €369k–€414k incl. renovation); Large garden (est. ~971 m²); Long public-transport commute to the 8th district (106 min).,Low overall cost (est. €369k–€414k incl. renovation) | Large garden (est. ~971 m²) | Some storage (no cellar named),Long public-transport commute to the 8th district (106 min) | Only 3 rooms — fails the 4-room need | Small living area (64 m²),"Renovate to own taste; NÖ/federal renovation subsidies (e.g. Sanierungsbonus, heating replacement) may reduce cost | Big plot: room for play area, garden shed or extension",45000,90000,368615,413615,231,"Est. ~€231/month: BK €150 (assumed, not in listing) + heating ~€81 (HWB 127, Gas). Estimate.",storage,971,2026-10-10,"renovation needed, heavy (old/poor energy/complete): €700–1,400/m²"
HL61,"EFH — Budgetfreundliches Renovierungshaus, barrierefrei - Ihre Ideen sind gefragt! (Dürnleis)",honourable,,EFH,Dürnleis,2033,Bezirk Hollabrunn / Nappersdorf-Kammersdorf,Hollabrunn/Korneuburg-north,129000,,90.0,550.0,3.5,1975,G,305.6,Sonstige,Unknown,"listing only names Sonstige, no fuel; only an open fireplace mentioned (Holzofen), not counted as the heating system",True,False,,False,False,False,Sanierungsbedürftig; Baujahr 1975,,,,,57,osrm_free_flow,134,vao_hafas_weekday_100000_best_of_5,48.641396,16.225101,listing_coords,https://www.willhaben.at/iad/immobilien/d/haus-kaufen/niederoesterreich/hollabrunn/budgetfreundliches-renovierungshaus-barrierefrei-ihre-ideen-sind-gefragt-1636076765/,,"Region expansion 2026-10-08 (Hollabrunn/Korneuburg-north). Dürnleis EFH €129.000 / 90 m² / 3.5 rooms / plot 550 m² / BJ 1975 / HWB G 305.6 / Sonstige; REMAX Gold. ~57 min drive (21st district) / ~134 min PT (8th district). needs renovation. adid 1636076765, first published 2026-06-03.",2026-10-08,active,2026-10-08,2026-10-10,,,,,,seen,makler,ISPRIVATE=0; Provision: 3% des Kaufpreises zzgl. 20% USt.,REMAX Gold,1433.33,6.1,3.6,4515,1419,1935,4644,12513,141513,,nicht angegeben (willhaben detail),sanierungsbedarf,Sanierungsbedürftig,willhaben detail (condition/description),img/HL61.jpg,archive/HL61.html,2026-10-08,2026-10-08T10:36,28,Not recommended,"{""cost"":45.0,""pt"":0.0,""drive"":0.0,""living"":0.0,""garden"":7.9,""storage"":0,""room5"":0,""sauna"":0,""penalty"":-25}",False,Weak fit (28/100): Low overall cost (est. €207k–€267k incl. renovation); Large garden (est. ~496 m²); Long public-transport commute to the 8th district (134 min).,Low overall cost (est. €207k–€267k incl. renovation) | Large garden (est. ~496 m²),Long public-transport commute to the 8th district (134 min) | Long drive to the 21st district (57 min) | Only 3 rooms — fails the 4-room need | Small living area (90 m²) | Cellar unknown,"Renovate to own taste; NÖ/federal renovation subsidies (e.g. Sanierungsbonus, heating replacement) may reduce cost",65000,125000,206513,266513,425,"Est. ~€425/month: BK €150 (assumed, not in listing) + heating ~€275 (HWB 306, Unknown). Estimate.",unknown,496,2026-10-10,"renovation needed, heavy (old/poor energy/complete): €700–1,400/m²"
HL62,"EFH — 2020 Schöngrabern/Hollabrunn: Neu sanierter, entkernter Bungalow (ehem. Althaus) mit große (Schöngrabern)",honourable,,EFH,Schöngrabern,2020,Bezirk Hollabrunn / Grabern,Hollabrunn/Korneuburg-north,425000,,86.0,422.0,3,,,,,Air-source heat pump,Luftwärmepumpe · also PV,True,True,,True,False,False,Sehr gut/gut; Keller,,,,,40,osrm_free_flow,81,vao_hafas_weekday_100000_best_of_5,48.54817,16.072758,listing_coords,https://www.willhaben.at/iad/immobilien/d/haus-kaufen/niederoesterreich/hollabrunn/2020-schoengrabern-hollabrunn-neu-sanierter-entkernter-bungalow-ehem-althaus-mit-grosser-doppelgarage-1531286315/,,"Region expansion 2026-10-08 (Hollabrunn/Korneuburg-north). Schöngrabern EFH €425.000 / 86 m² / 3 rooms / plot 422 m²; Immobilien Stütz. ~40 min drive (21st district) / ~81 min PT (8th district). adid 1531286315, first published 2026-10-05.",2026-10-08,active,2026-10-08,2026-10-10,,,,,,seen,makler,"ISPRIVATE=0; Provision: 3,00 % zzgl. gesetzliche MwSt",Immobilien Stütz,4941.86,6.1,3.6,14875,4675,6375,15300,41225,466225,,nicht angegeben (willhaben detail),unknown,Sehr gut/gut,willhaben detail (condition/description),img/HL62.jpg,archive/HL62.html,2026-10-08,2026-10-08T10:36,23,Not recommended,"{""cost"":28.1,""pt"":7.9,""drive"":4.3,""living"":0.0,""garden"":5.4,""storage"":2,""room5"":0,""sauna"":0,""penalty"":-25}",False,Weak fit (23/100): Some storage (no cellar named); Only 3 rooms — fails the 4-room need.,Some storage (no cellar named),Only 3 rooms — fails the 4-room need | Small living area (86 m²),Negotiate on price; check BK and heating bills,15000,45000,481225,511225,240,"Est. ~€240/month: BK €150 (assumed, not in listing) + heating ~€90 (HWB 180 assumed, Air-source heat pump). Estimate.",storage,370,2026-10-10,condition unknown: €150–500/m²
VIE1,"EFH — SONNIGER, RUHIGER EIGENGRUND 528 m2 MIT EINFAMILIENHAUS ZUM WOHNUNGSPREIS (Wien, 21. Bezirk, Floridsdorf)",honourable,,EFH,"Wien, 21. Bezirk, Floridsdorf",1210,Bezirk Wien / Wien,Vienna,447000,,150.0,528.0,4,1938,D,130.0,,Wood + Electric,Kachelofen; Infrarotheizung; Elektroheizung,True,False,,False,False,False,Sehr gut/gut; Baujahr 1938; Keller,,,,,7,osrm_free_flow,48,vao_hafas_weekday_100000_best_of_5,48.276466,16.40874,listing_coords,https://www.willhaben.at/iad/immobilien/d/haus-kaufen/wien/wien-1210-floridsdorf/sonniger-ruhiger-eigengrund-528-m2-mit-einfamilienhaus-zum-wohnungspreis-1224097657/,,"Region expansion 2026-10-08 (Vienna). Wien. 21. Bezirk. Floridsdorf EFH €447.000 / 150 m² / 4 rooms / plot 528 m² / BJ 1938 / HWB D 130.0; NEUWIRTH Immobilienmakler Ges.m.b.H.. ~7 min drive (21st district) / ~48 min PT (8th district). own land (Eigengrund); half of the access strip belongs to Stift Klosterneuburg (canal lease ~€295/yr); Vienna is not a watch region. adid 1224097657, first published 2026-08-02.",2026-10-08,active,2026-10-08,2026-10-10,,,,,,seen,makler,"ISPRIVATE=0; Provision: 3,00 % zzgl. gesetzliche MwSt",NEUWIRTH Immobilienmakler Ges.m.b.H.,2980.0,6.1,3.6,15645,4917,6705,16092,43359,490359,,nicht angegeben (willhaben detail),unknown,Sehr gut/gut,willhaben detail (condition/description),img/VIE1.jpg,archive/VIE1.html,2026-10-08,2026-10-08T10:36,55,Worth a look,"{""cost"":10.6,""pt"":15.0,""drive"":10.0,""living"":8.0,""garden"":6.8,""storage"":5,""room5"":0,""sauna"":0,""penalty"":0}",True,Possible fit (55/100): Good public transport to the 8th district (48 min); Short drive to the 21st district (7 min); High overall cost (est. €560k–€625k incl. renovation).,Good public transport to the 8th district (48 min) | Short drive to the 21st district (7 min) | 4 rooms: meets the parents/boys/girls need | Spacious (150 m² living) | Cellar mentioned,High overall cost (est. €560k–€625k incl. renovation),"Renovate to own taste; NÖ/federal renovation subsidies (e.g. Sanierungsbonus, heating replacement) may reduce cost | Cellar could take an office/hobby room",70000,135000,560359,625359,345,"Est. ~€345/month: BK €150 (assumed, not in listing) + heating ~€195 (HWB 130, Wood + Electric). Estimate.",yes,438,2026-10-10,pre-1970 or HWB F/G: substantial renovation €450–900/m²
HL63,EFH — Familienidyll! (Hollabrunn),shortlist,,EFH,Hollabrunn,2020,Bezirk Hollabrunn / Hollabrunn,Hollabrunn/Korneuburg-north,310000,under budget,140.0,1344,4,,G,436.0,,Unknown,no heating system named in the listing text,True,False,,True,False,False,,,,,,43,osrm_free_flow,73,vao_hafas_weekday_100000_best_of_5,48.58652,16.09696,listing_coords,https://www.willhaben.at/iad/immobilien/d/haus-kaufen/niederoesterreich/hollabrunn/familienidyll-1352179648/,,Morning watch 2026-10-09. ~3 km from Hollabrunn centre; plot 1344 m²; full cellar with garage; available 01.01.2027; HWB G. ~43 min drive (21st district) / ~73 min PT (8th district). adid 1352179648.,2026-10-09,active,2026-10-09,2026-10-10,,,,,,seen,makler,ISPRIVATE=0; DEALER=1; SMK Immo Treuhand GmbH,SMK Immo Treuhand GmbH,2214.29,6.1,3.6,10850,3410,4650,11160,30070,340070,,nicht angegeben (willhaben detail),unknown,,willhaben detail (condition/description),img/HL63.jpg,archive/HL63.html,2026-10-09,2026-10-09T06:40,63,Worth a look,"{""cost"":27.9,""pt"":10.1,""drive"":3.4,""living"":6.7,""garden"":10.0,""storage"":5,""room5"":0,""sauna"":0,""penalty"":0}",True,Possible fit (63/100): 4 rooms: meets the parents/boys/girls need; Spacious (140 m² living).,4 rooms: meets the parents/boys/girls need | Spacious (140 m² living) | Large garden (est. ~1260 m²) | Cellar mentioned,,"Renovate to own taste; NÖ/federal renovation subsidies (e.g. Sanierungsbonus, heating replacement) may reduce cost | Big plot: room for play area, garden shed or extension | Cellar could take an office/hobby room",65000,125000,405070,465070,760,"Est. ~€760/month: BK €150 (assumed, not in listing) + heating ~€610 (HWB 436, Unknown). Estimate.",yes,1260,2026-10-10,pre-1970 or HWB F/G: substantial renovation €450–900/m²
MF156,EFH — Charmantes Haus mit großem Garten und separater Wohneinheit (Haringsee),shortlist,,EFH,Haringsee,2286,Bezirk Gänserndorf / Haringsee,Marchfeld,360000,under budget,209.0,1395,5,,G,379.6,,Heat pump + Wood,Wärmepumpe; festen Brennstoffen,True,False,,False,False,False,,,,,,45,osrm_free_flow,73,vao_hafas_weekday_100000_best_of_5,48.199383,16.792152,listing_coords,https://www.willhaben.at/iad/immobilien/d/haus-kaufen/niederoesterreich/gaenserndorf/charmantes-haus-mit-grossem-garten-und-separater-wohneinheit-1671104504/,,Morning watch 2026-10-09. Zweifamilien/separate small unit (1 room+kitchen+bath); large garden plot 1395 m²; BJ ~1945 renovated. ~45 min drive (21st district) / ~73 min PT (8th district). adid 1671104504.,2026-10-09,active,2026-10-09,2026-10-10,,,,,,seen,makler,ISPRIVATE=0; DEALER=1; Wertimmobilien Consulting KG,Wertimmobilien Consulting KG,1722.49,6.1,3.6,12600,3960,5400,12960,34920,394920,,nicht angegeben (willhaben detail),unknown,,willhaben detail (condition/description),img/MF156.jpg,archive/MF156.html,2026-10-09,2026-10-09T06:40,51,Not recommended,"{""cost"":14.3,""pt"":10.1,""drive"":2.9,""living"":8.0,""garden"":10.0,""storage"":2,""room5"":4,""sauna"":0,""penalty"":0}",True,Weak fit (51/100): 5 rooms: one spare for guests/office; Spacious (209 m² living).,5 rooms: one spare for guests/office | Spacious (209 m² living) | Large garden (est. ~1269 m²) | Some storage (no cellar named),,"Renovate to own taste; NÖ/federal renovation subsidies (e.g. Sanierungsbonus, heating replacement) may reduce cost | Big plot: room for play area, garden shed or extension",95000,190000,489920,584920,613,"Est. ~€613/month: BK €150 (assumed, not in listing) + heating ~€463 (HWB 380, Heat pump + Wood). Estimate.",storage,1269,2026-10-10,pre-1970 or HWB F/G: substantial renovation €450–900/m²
S2W56,EFH — Wohnen im Einklang mit der Natur! (Herrnleis),shortlist,,EFH,Herrnleis,2126,Bezirk Mistelbach / Herrnleis,S2 Wolkersdorf/Mistelbach,395000,under budget,200.0,2278,5,1970,G,349.2,Pellets,Pellets,Pelletsheizung; Pelletheizung,True,False,,True,False,False,,,,,,44,osrm_free_flow,135,vao_hafas_weekday_100000_best_of_5,48.52458,16.457197,listing_coords,https://www.willhaben.at/iad/immobilien/d/haus-kaufen/niederoesterreich/mistelbach/wohnen-im-einklang-mit-der-natur-1692103821/,,Morning watch 2026-10-09. Alleinlage; ~2300 m² garden; pellets + tiled stove; PT long (~135 min). ~44 min drive (21st district) / ~135 min PT (8th district). adid 1692103821.,2026-10-09,active,2026-10-09,2026-10-10,,,,,,seen,makler,ISPRIVATE=0; DEALER=1; REMAX Best in Mistelbach Nuva GmbH,REMAX Best in Mistelbach Nuva GmbH,1975.0,6.1,3.6,13825,4345,5925,14220,38315,433315,100.0,MONTHCOSTS_GROSS €100.0,unknown,,willhaben detail (condition/description),img/S2W56.jpg,archive/S2W56.html,2026-10-09,2026-10-09T06:40,36,Not recommended,"{""cost"":5.8,""pt"":0.0,""drive"":3.1,""living"":8.0,""garden"":10.0,""storage"":5,""room5"":4,""sauna"":0,""penalty"":0}",True,Weak fit (36/100): 5 rooms: one spare for guests/office; Spacious (200 m² living); Long public-transport commute to the 8th district (135 min).,5 rooms: one spare for guests/office | Spacious (200 m² living) | Large garden (est. ~2158 m²) | Cellar mentioned,Long public-transport commute to the 8th district (135 min),"Renovate to own taste; NÖ/federal renovation subsidies (e.g. Sanierungsbonus, heating replacement) may reduce cost | Big plot: room for play area, garden shed or extension",90000,180000,523315,613315,798,"Est. ~€798/month: BK €100 (listing) + heating ~€698 (HWB 349, Pellets). Estimate.",yes,2158,2026-10-10,pre-1970 or HWB F/G: substantial renovation €450–900/m²
MF157,EFH — Modernes Einfamilienhaus mit viel Platz & 3 Grundstücken (Auersthal),shortlist,,EFH,Auersthal,2214,Bezirk Gänserndorf / Auersthal,Marchfeld,399000,under budget,142.55,290,5,1961,B,43.2,Zentralheizung,Gas + Wood,Gaszentralheizung; Gasheizung; Holzofen; Heizungsart: HOLZ,True,False,,True,False,False,,,,,,34,osrm_free_flow,92,vao_hafas_weekday_100000_best_of_5,48.360847,16.648283,listing_coords,https://www.willhaben.at/iad/immobilien/d/haus-kaufen/niederoesterreich/gaenserndorf/modernes-einfamilienhaus-mit-viel-platz-charme-vielseitige-moeglichkeiten-in-auersthal-im-weinviertel-1566879439/,,Morning watch 2026-10-09. Three adjacent plots (144+67+79=290 m²) sold only together; +€9k +€7k Ablöse extras; HWB B. ~34 min drive (21st district) / ~92 min PT (8th district). adid 1566879439.,2026-10-09,active,2026-10-09,2026-10-10,,,,,,seen,makler,ISPRIVATE=0; DEALER=1; Wolke 7 Immobilien-Gruppe,Wolke 7 Immobilien-Gruppe,2799.02,6.1,3.6,13965,4389,5985,14364,38703,437703,,nicht angegeben (willhaben detail),unknown,Extra €9k Nebengrundstücke + €7k Ablöse on top of asking; 3 adjacent plots sold only together (290 m² total),willhaben detail (condition/description),img/MF157.jpg,archive/MF157.html,2026-10-09,2026-10-09T06:40,51,Not recommended,"{""cost"":22.4,""pt"":4.9,""drive"":6.0,""living"":7.0,""garden"":2.1,""storage"":5,""room5"":4,""sauna"":0,""penalty"":0}",True,Weak fit (51/100): 5 rooms: one spare for guests/office; Spacious (143 m² living); Long public-transport commute to the 8th district (92 min).,5 rooms: one spare for guests/office | Spacious (143 m² living) | Cellar mentioned,Long public-transport commute to the 8th district (92 min),"Renovate to own taste; NÖ/federal renovation subsidies (e.g. Sanierungsbonus, heating replacement) may reduce cost",65000,130000,502703,567703,212,"Est. ~€212/month: BK €150 (assumed, not in listing) + heating ~€62 (HWB 43, Gas + Wood). Estimate.",yes,204,2026-10-10,pre-1970 or HWB F/G: substantial renovation €450–900/m²
OB24,Neubau-Doppelhaushälfte belagsfertig Höf10 (Höflein an der Donau),over_budget,,DHH,Höflein an der Donau,3421,Bezirk Tulln / Höflein an der Donau,Tulln area,524000,over budget (+€74000),119.5,,5,2026,B,43.9,Fußbodenheizung,Air-source heat pump,Luft-Wasser-Wärmepumpe; Luftwärmepumpe,True,False,,False,False,False,,,,,,31,osrm_free_flow,47,vao_hafas_weekday_100000_best_of_5_from_town_centre,48.35295,16.28111,listing_coords,https://www.willhaben.at/iad/immobilien/d/haus-kaufen/niederoesterreich/tulln/naturnah-stadtnah-familienfreundliche-neubau-doppelhaushaelfte-in-ruhiger-lage-883654685/,,Morning watch 2026-10-09. Höf10 Neubau project; heat pump; HWB B; no separate freehold plot listed (garden terraces). ~31 min drive (21st district) / ~47 min PT (8th district). adid 883654685.,2026-10-09,active,2026-10-09,2026-10-10,,,,,,seen,makler,ISPRIVATE=0; DEALER=1; IMMOcontract Immobilien Vermittlung GmbH,IMMOcontract Immobilien Vermittlung GmbH,4384.94,6.1,3.6,18340,5764,7860,18864,50828,574828,,nicht angegeben (willhaben detail),belagsfertig,Neubau-DHH Höf10 project; belagsfertig; sibling unit adid 1056892778 (€527k) skipped,willhaben detail (condition/description),img/OB24.jpg,archive/OB24.html,2026-10-09,2026-10-09T06:40,43,Not recommended,"{""cost"":9.8,""pt"":15.0,""drive"":6.9,""living"":3.9,""garden"":1.0,""storage"":2,""room5"":4,""sauna"":0,""penalty"":0}",True,Weak fit (43/100): Good public transport to the 8th district (47 min); 5 rooms: one spare for guests/office; High overall cost (est. €605k–€630k incl. renovation).,Good public transport to the 8th district (47 min) | 5 rooms: one spare for guests/office | Some storage (no cellar named),High overall cost (est. €605k–€630k incl. renovation) | Garden size unknown,Choose own floors/finishes,30000,55000,604828,629828,181,"Est. ~€181/month: BK €150 (assumed, not in listing) + heating ~€31 (HWB 44, Air-source heat pump). Estimate.",storage,,2026-10-10,"belagsfertig: floors, doors, painting, fittings at €250–450/m²"
OB25,EFH — Historische Liegenschaft mit Werkstatt/Wagnerei (Neuaigen),over_budget,,EFH,Neuaigen,3430,Bezirk Tulln / Neuaigen,Tulln area,550000,over budget (+€100000),109.0,1848,4,1900,D,131.0,Fußbodenheizung,Oil + Wood,Ölheizung; Holzofen · also Solarheizung,True,False,,False,False,False,,,,,,31,osrm_free_flow,83,vao_hafas_weekday_100000_best_of_5,48.36576,16.024723,listing_coords,https://www.willhaben.at/iad/immobilien/d/haus-kaufen/niederoesterreich/tulln/historische-liegenschaft-mit-grossem-grundstueck-werkstatt-ehemaliger-wagnerei-und-vielseitigem-potenzial-933855542/,,Morning watch 2026-10-09. Historic 1900 + workshop/former Wagnerei; plot 1848 m²; over budget. ~31 min drive (21st district) / ~83 min PT (8th district). adid 933855542.,2026-10-09,active,2026-10-09,2026-10-10,,,,,,seen,makler,ISPRIVATE=0; DEALER=1; Immobilien 86 KG,Immobilien 86 KG,5045.87,6.1,3.6,19250,6050,8250,19800,53350,603350,328.36,MONTHCOSTS_GROSS €328.36,unknown,,willhaben detail (condition/description),img/OB25.jpg,archive/OB25.html,2026-10-09,2026-10-09T06:40,32,Not recommended,"{""cost"":0.0,""pt"":7.4,""drive"":6.9,""living"":2.5,""garden"":10.0,""storage"":5,""room5"":0,""sauna"":0,""penalty"":0}",True,Weak fit (32/100): 4 rooms: meets the parents/boys/girls need; Large garden (est. ~1782 m²); High overall cost (est. €668k–€728k incl. renovation).,4 rooms: meets the parents/boys/girls need | Large garden (est. ~1782 m²) | Cellar mentioned,High overall cost (est. €668k–€728k incl. renovation) | Oil heating: replacement expected,"Renovate to own taste; NÖ/federal renovation subsidies (e.g. Sanierungsbonus, heating replacement) may reduce cost | Big plot: room for play area, garden shed or extension | Cellar could take an office/hobby room",65000,125000,668350,728350,471,"Est. ~€471/month: BK €328 (listing) + heating ~€143 (HWB 131, Oil + Wood). Estimate.",yes,1782,2026-10-10,pre-1970 or HWB F/G: substantial renovation €450–900/m²; + €15–25k oil-heating replacement
NEW33,"RH — Mein kleines Haus am See, Costa Winum (Grafenwörth)",honourable,,RH,Grafenwörth,3484,Bezirk Tulln / Grafenwörth,Tulln area,341000,under budget,68.33,15,3,2024,B,32.1,Fußbodenheizung,Electric,Elektroheizung · also Photovoltaik,True,True,,False,False,False,,,,,,45,osrm_free_flow,110,vao_hafas_weekday_100000_best_of_5,48.40958,15.782095,listing_coords,https://www.willhaben.at/iad/immobilien/d/haus-kaufen/niederoesterreich/tulln/mein-kleines-haus-am-see-costa-winum-grafenwoerth-1749725444/,,Morning watch 2026-10-09. 3-room lake RH in Wohnungseigentum (Costa Winum / Sonnenweiher); track but rooms below 4+ preference. ~45 min drive (21st district) / ~110 min PT (8th district). adid 1749725444.,2026-10-09,active,2026-10-09,2026-10-10,,,,,,seen,makler,ISPRIVATE=0; DEALER=1; Dr. Funk Immobilien GmbH & Co KG,Dr. Funk Immobilien GmbH & Co KG,4990.49,6.1,3.6,11935,3751,5115,12276,33077,374077,193.61,MONTHCOSTS_GROSS €193.61,schlüsselfertig,Costa Winum / Sonnenweiher lake houses; Wohnungseigentum; siblings 984987558/1099192566 skipped,willhaben detail (condition/description),img/NEW33.jpg,archive/NEW33.html,2026-10-09,2026-10-09T06:40,25,Not recommended,"{""cost"":45.0,""pt"":0.0,""drive"":2.9,""living"":0.0,""garden"":0.0,""storage"":2,""room5"":0,""sauna"":0,""penalty"":-25}",False,Weak fit (25/100): Low overall cost (est. €374k–€389k incl. renovation); Some storage (no cellar named); Long public-transport commute to the 8th district (110 min).,Low overall cost (est. €374k–€389k incl. renovation) | Some storage (no cellar named),Long public-transport commute to the 8th district (110 min) | Only 3 rooms — fails the 4-room need | Small living area (68 m²) | Little garden (est. ~0 m²),Negotiate on price; check BK and heating bills,0,15000,374077,389077,216,"Est. ~€216/month: BK €194 (listing) + heating ~€22 (HWB 32, Electric). Estimate.",storage,0,2026-10-10,recent/efficient: €0–15k
NEW34,"EFH — Chaletgefühl im Wienerwald, Blockhaus (Tulln)",shortlist,,EFH,Tulln,,Bezirk Tulln / Tulln,Tulln area,385000,under budget,138.08,933,5,1988,E,157.0,Sonstige,Wood + Electric,Kachelofen; Heizungsart: HOLZ; Elektroheizung,True,False,,True,False,False,,,,,,37,osrm_free_flow,76,vao_hafas_weekday_100000_best_of_5,48.282166,16.184114,listing_coords,https://www.willhaben.at/iad/immobilien/d/haus-kaufen/niederoesterreich/tulln/chaletgefuehl-im-wienerwald-wohnen-wo-holz-und-natur-zuhause-sind-1431099832/,,Morning watch 2026-10-09. Blockhaus/Chalet Wienerwald edge near Tulln; plot 933 m²; electric underfloor + tiled stove. ~37 min drive (21st district) / ~76 min PT (8th district). adid 1431099832.,2026-10-09,active,2026-10-09,2026-10-10,,,,,,seen,makler,ISPRIVATE=0; DEALER=1; Immobilien 86 KG,Immobilien 86 KG,2788.24,6.1,3.6,13475,4235,5775,13860,37345,422345,80.71,MONTHCOSTS_GROSS €80.71,unknown,,willhaben detail (condition/description),img/NEW34.jpg,archive/NEW34.html,2026-10-09,2026-10-09T06:40,69,Worth a look,"{""cost"":29.3,""pt"":9.3,""drive"":5.1,""living"":6.4,""garden"":10.0,""storage"":5,""room5"":4,""sauna"":0,""penalty"":0}",True,Possible fit (69/100): Low overall cost (est. €457k–€507k incl. renovation); 5 rooms: one spare for guests/office.,Low overall cost (est. €457k–€507k incl. renovation) | 5 rooms: one spare for guests/office | Large garden (est. ~850 m²) | Cellar mentioned,,"Big plot: room for play area, garden shed or extension",35000,85000,457345,507345,297,"Est. ~€297/month: BK €81 (listing) + heating ~€217 (HWB 157, Wood + Electric). Estimate.",yes,850,2026-10-10,1970–89 or HWB D/E: partial renovation €250–600/m²
MF158,EFH — Familienfreundliches Haus in absoluter Ruhelage (Gänserndorf),over_budget,,EFH,Gänserndorf,2230,Bezirk Gänserndorf / Gänserndorf,Marchfeld,459000,over budget (+€9000),117.0,540,4,1993,,,Zentralheizung,Gas,gas ZH; Gas-Zentralheizung; Gasheizung · also Solaranlage,True,False,,True,False,False,,,,,,39,osrm_free_flow,97,vao_hafas_weekday_100000_best_of_5,48.31772,16.702827,listing_coords,https://www.willhaben.at/iad/immobilien/d/haus-kaufen/niederoesterreich/gaenserndorf/familienfreundliches-einfamilienhaus-in-absoluter-ruhelage-938465519/,,Morning watch 2026-10-09. Over budget (+€9k); BJ 1993; gas ZH; full cellar ~52 m². ~39 min drive (21st district) / ~97 min PT (8th district). adid 938465519.,2026-10-09,active,2026-10-09,2026-10-10,,,,,,seen,makler,ISPRIVATE=0; DEALER=1; REMAX Aktiv,REMAX Aktiv,3923.08,6.1,3.6,16065,5049,6885,16524,44523,503523,60.0,MONTHCOSTS_GROSS €60.0,unknown,,willhaben detail (condition/description),img/MF158.jpg,archive/MF158.html,2026-10-09,2026-10-09T06:40,47,Not recommended,"{""cost"":23.1,""pt"":3.5,""drive"":4.6,""living"":3.6,""garden"":7.4,""storage"":5,""room5"":0,""sauna"":0,""penalty"":0}",True,Weak fit (47/100): 4 rooms: meets the parents/boys/girls need; Large garden (est. ~469 m²); Long public-transport commute to the 8th district (97 min).,4 rooms: meets the parents/boys/girls need | Large garden (est. ~469 m²) | Cellar mentioned,Long public-transport commute to the 8th district (97 min),Cellar could take an office/hobby room,10000,30000,513523,533523,271,"Est. ~€271/month: BK €60 (listing) + heating ~€211 (HWB 180 assumed, Gas). Estimate.",yes,469,2026-10-10,1990–2009 or HWB C: refresh €80–250/m²
MF159,"EFH — Modernes Haus mit Top-Technik, Garage & Weinstüberl (Gänserndorf)",over_budget,,EFH,Gänserndorf,2230,Bezirk Gänserndorf / Gänserndorf,Marchfeld,545000,over budget (+€95000),155.0,745,5,,,,"Luftwärmepumpe, Zentralheizung, Photovoltaik",Air-source heat pump,Luftwärmepumpe · also Photovoltaik; PV,True,True,,True,False,False,Sehr gut/gut,,,,,33,osrm_free_flow,77,vao_hafas_weekday_100000_best_of_5,48.29914,16.67357,listing_coords,https://www.willhaben.at/iad/immobilien/d/haus-kaufen/niederoesterreich/gaenserndorf/gaenserndorf-sued-modernes-einfamilienhaus-mit-top-technik-garage-weinstueberl-781623855/,,Evening watch 2026-10-09. Gänserndorf-Süd; plot 745 m² (terrace 30 m² misread as plot in search); heat pump + 25 kWp PV; full cellar with garage + Weinstüberl; over budget. ~33 min drive (21st district) / ~77 min PT (8th district). adid 781623855.,2026-10-09,active,2026-10-09,2026-10-10,,,,,,seen,makler,ISPRIVATE=0; DEALER=1; Gahr-Immobilien,Gahr-Immobilien,3516.13,6.1,3.6,19075,5995,8175,19620,52865,597865,,nicht angegeben (willhaben detail),schlüsselfertig,Renovated; heat pump + 25 kWp PV; move-in ready per listing,willhaben detail (condition/description),img/MF159.jpg,archive/MF159.html,2026-10-09,2026-10-09T17:27,44,Not recommended,"{""cost"":1.9,""pt"":9.0,""drive"":6.3,""living"":8.0,""garden"":10.0,""storage"":5,""room5"":4,""sauna"":0,""penalty"":0}",True,Weak fit (44/100): 5 rooms: one spare for guests/office; Spacious (155 m² living); High overall cost (est. €623k–€678k incl. renovation).,5 rooms: one spare for guests/office | Spacious (155 m² living) | Large garden (est. ~652 m²) | Cellar mentioned,High overall cost (est. €623k–€678k incl. renovation),"Big plot: room for play area, garden shed or extension",25000,80000,622865,677865,313,"Est. ~€313/month: BK €150 (assumed, not in listing) + heating ~€163 (HWB 180 assumed, Air-source heat pump). Estimate.",yes,652,2026-10-10,condition unknown: €150–500/m²
OB26,DHH — Traumhafte Doppelhaushälfte mit Garten (Oberhausen),over_budget,,DHH,Oberhausen,2301,Bezirk Gänserndorf / Oberhausen,Marchfeld,520000,over budget (+€70000),113.44,250,4,2016,,39.0,Fußbodenheizung,Air-source heat pump,Luftwärmepumpe,True,True,,False,False,False,Neuwertig,,,,,35,osrm_free_flow,69,vao_hafas_weekday_100000_best_of_5,48.20509,16.581558,listing_coords,https://www.willhaben.at/iad/immobilien/d/haus-kaufen/niederoesterreich/gaenserndorf/traumhafte-doppelhaushaelfte-in-oberhausen-modernes-wohnen-mit-garten-und-2-stellplaetzen-jetzt-zugreifen-fuer-520-000-00-eur-1251013777/,,Evening watch 2026-10-09. Oberhausen DHH BJ 2016; plot ~250 m²; HWB 39; 2 baths; over budget (+€70k). ~35 min drive (21st district) / ~69 min PT (8th district). adid 1251013777.,2026-10-09,active,2026-10-09,2026-10-10,,,,,,seen,makler,ISPRIVATE=0; DEALER=1; Immo-Company Haas & Urban Immobilien GmbH,Immo-Company Haas & Urban Immobilien GmbH,4583.92,6.1,3.6,18200,5720,7800,18720,50440,570440,117.53,MONTHCOSTS_GROSS €117.53,schlüsselfertig,BJ 2016 neuwertig; kitchen included,willhaben detail (condition/description),img/OB26.jpg,archive/OB26.html,2026-10-09,2026-10-09T17:27,40,Not recommended,"{""cost"":16.9,""pt"":11.2,""drive"":5.7,""living"":3.1,""garden"":1.6,""storage"":2,""room5"":0,""sauna"":0,""penalty"":0}",True,Weak fit (40/100): 4 rooms: meets the parents/boys/girls need; Some storage (no cellar named); High overall cost (est. €570k–€585k incl. renovation).,4 rooms: meets the parents/boys/girls need | Some storage (no cellar named),High overall cost (est. €570k–€585k incl. renovation),Negotiate on price; check BK and heating bills,0,15000,570440,585440,143,"Est. ~€143/month: BK €118 (listing) + heating ~€26 (HWB 39, Air-source heat pump). Estimate.",storage,181,2026-10-10,recent/efficient: €0–15k
MF160,EFH — Elegantes Zweifamilienhaus mit privatem Garten (Gänserndorf),shortlist,,EFH,Gänserndorf,2230,Bezirk Gänserndorf / Gänserndorf,Marchfeld,449000,under budget,120.0,350,6,1956,E,158.0,Zentralheizung,Gas,gas ZH; Gasheizung,True,False,,False,False,False,Sehr gut/gut,,,,,39,osrm_free_flow,79,vao_hafas_weekday_100000_best_of_5,48.343857,16.71984,listing_coords,https://www.willhaben.at/iad/immobilien/d/haus-kaufen/niederoesterreich/gaenserndorf/elegantes-zweifamilienhaus-mit-privatem-garten-selten-flexibel-wertvoll-1823694331/,,Evening watch 2026-10-09. Zweifamilienhaus (2 fully separate units); BJ 1956; plot 350 m²; HWB E; gas ZH; BK ~€301/mo. ~39 min drive (21st district) / ~79 min PT (8th district). adid 1823694331.,2026-10-09,active,2026-10-09,2026-10-10,,,,,,seen,makler,ISPRIVATE=0; DEALER=1; 4M Immobilien&Consulting GmbH & Co KG,4M Immobilien&Consulting GmbH & Co KG,3741.67,6.1,3.6,15715,4939,6735,16164,43553,492553,301.0,MONTHCOSTS_GROSS €301.0,unknown,,willhaben detail (condition/description),img/MF160.jpg,archive/MF160.html,2026-10-09,2026-10-09T17:27,35,Not recommended,"{""cost"":10.6,""pt"":8.5,""drive"":4.6,""living"":4.0,""garden"":3.6,""storage"":0,""room5"":4,""sauna"":0,""penalty"":0}",True,Weak fit (35/100): 6 rooms: one spare for guests/office; Cellar unknown.,6 rooms: one spare for guests/office,Cellar unknown,"Renovate to own taste; NÖ/federal renovation subsidies (e.g. Sanierungsbonus, heating replacement) may reduce cost",55000,110000,547553,602553,491,"Est. ~€491/month: BK €301 (listing) + heating ~€190 (HWB 158, Gas). Estimate.",unknown,278,2026-10-10,pre-1970 or HWB F/G: substantial renovation €450–900/m²
NEW35,"EFH — Haus mit zwei Wohneinheiten, Scheune & Potenzial (Großweikersdorf)",honourable,,EFH,Großweikersdorf,3701,Bezirk Tulln / Großweikersdorf,Tulln area,220000,under budget,160.0,970,,,,,Elektroheizung,Electric,Elektroheizung,True,True,,False,False,False,Renoviert,,,,,35,osrm_free_flow,82,vao_hafas_weekday_100000_best_of_5,48.4730862,15.9838461,town_centroid_nominatim,https://www.willhaben.at/iad/immobilien/d/haus-kaufen/niederoesterreich/tulln/haus-mit-zwei-wohneinheiten-grosser-scheune-und-vielseitigem-potenzial-1335252512/,,Evening watch 2026-10-09. Private; 2 WE + large barn; former Heurigen/Presshaus note; plot 970 m²; rooms not stated on willhaben; electric + Kamine. ~35 min drive (21st district) / ~82 min PT (8th district). adid 1335252512. Price change 2026-10-10: €199000→€220000.,2026-10-09,active,2026-10-09,2026-10-10,,199000,2026-10-10,21000,"[{""price_eur"":199000,""at"":""2026-10-09""},{""price_eur"":220000,""at"":""2026-10-10""}]",price_up,private,ISPRIVATE=1; DEALER=0,,1375.0,6.1,0.0,7700,2420,3300,0,13420,233420,,nicht angegeben (willhaben detail),unknown,,willhaben detail (condition/description),img/NEW35.jpg,archive/NEW35.html,2026-10-09,2026-10-09T17:27,73,Worth a look,"{""cost"":45.0,""pt"":7.6,""drive"":5.7,""living"":8.0,""garden"":10.0,""storage"":5,""room5"":0,""sauna"":0,""penalty"":-8}",,Possible fit (73/100): Low overall cost (est. €258k–€313k incl. renovation); Spacious (160 m² living); Room count unknown — check before viewing.,Low overall cost (est. €258k–€313k incl. renovation) | Spacious (160 m² living) | Large garden (est. ~874 m²) | Cellar mentioned,Room count unknown — check before viewing,"Private seller: no buyer commission | Big plot: room for play area, garden shed or extension",25000,80000,258420,313420,438,"Est. ~€438/month: BK €150 (assumed, not in listing) + heating ~€288 (HWB 180 assumed, Electric). Estimate.",yes,874,2026-10-10,condition unknown: €150–500/m²
S2W57,EFH — Neubauprojekt Pillichsdorf (Haus 1 reserviert / belagsfertig) (Pillichsdorf),over_budget,,EFH,Pillichsdorf,2211,Bezirk Mistelbach / Pillichsdorf,S2 Wolkersdorf/Mistelbach,549000,over budget (+€99000),160.0,320,6,,,,Fußbodenheizung; Luftwärmepumpe,Air-source heat pump,Luftwärmepumpe · also Photovoltaik,True,True,2 Stellplätze,False,False,False,Neubau,,,,,20,osrm_free_flow,66,vao_hafas_weekday_100000_best_of_5,48.36373,16.5306,listing_coords,https://www.willhaben.at/iad/immobilien/d/haus-kaufen/niederoesterreich/mistelbach/-haus-1-reserviert-provisionsfrei-direkt-vom-eigentuemer-wien-naehe-modernes-neubauprojekt-in-pillichsdorf-wiener-speckguertel-gerasdorf-g3-zwei-exklusive-einfamilienhaeuser-in-hochwertiger-massivbauweise-haus-1341624862/,,"Morning watch 2026-10-10. Private/provisionsfrei; Neubauprojekt 2 EFH Massivbau; Haus 1 reserved at €549k belagsfertig (Haus 2 €559k — same project, one row); plot 320 m² / garden+terrace ~200 m²; Luftwärmepumpe Daikin + FB-Hzg; completion Nov 2026; 2 Stellplätze; over budget (+€99k). ~20 min drive (21st district) / ~66 min PT (8th district). adid 1341624862.",2026-10-10,active,2026-10-10,2026-10-10,,,,,,seen,private,ISPRIVATE=1; DEALER=0; private / provisionsfrei,,3431.25,6.1,0.0,19215,6039,8235,0,33489,582489,,nicht angegeben (willhaben detail),belagsfertig,"Belagsfertig; on request schlüsselfertig; completion planned Nov 2026; Haus 1 reserved, listing price = Haus 1 €549k (Haus 2 €559k)",willhaben detail (condition/description),img/S2W57.jpg,archive/S2W57.html,2026-10-10,2026-10-10T06:28,42,Not recommended,"{""cost"":3.9,""pt"":12.0,""drive"":10.0,""living"":8.0,""garden"":2.5,""storage"":2,""room5"":4,""sauna"":0,""penalty"":0}",True,Weak fit (42/100): Short drive to the 21st district (20 min); 6 rooms: one spare for guests/office; High overall cost (est. €622k–€652k incl. renovation).,Short drive to the 21st district (20 min) | 6 rooms: one spare for guests/office | Spacious (160 m² living) | Some storage (no cellar named),High overall cost (est. €622k–€652k incl. renovation),Private seller: no buyer commission | Choose own floors/finishes,40000,70000,622489,652489,318,"Est. ~€318/month: BK €150 (assumed, not in listing) + heating ~€168 (HWB 180 assumed, Air-source heat pump). Estimate.",storage,224,2026-10-10,"belagsfertig: floors, doors, painting, fittings at €250–450/m²"
MF161,EFH mit Garten & Pool — Sanierungsobjekt (Strasshof an der Nordbahn),honourable,,EFH,Strasshof an der Nordbahn,2231,Bezirk Gänserndorf / Strasshof an der Nordbahn,Marchfeld,399000,under budget,101.0,1000,3,1974,G,394.8,Gas-Zentralheizung,Gas,Gas-Zentralheizung; Gasheizung,True,True,,False,False,True,Sanierungsbedürftig,,,,,32,osrm_free_flow,65,vao_hafas_weekday_100000_best_of_5,48.319885,16.641806,listing_coords,https://www.willhaben.at/iad/immobilien/d/haus-kaufen/niederoesterreich/gaenserndorf/einfamilienhaus-mit-4-zimmer-grossem-garten-pool-direkt-in-strasshof-an-der-nordbahn-1638282991/,,"Evening watch 2026-10-10. Makler AK Sonnen; title claims 4 rooms but listing attrs = 3 (EG: Vorraum/Küche/Wohnzimmer + 3 Zimmer + Bad/WC); plot 1.000 m² with pool + Brunnen; Keller ~99 m² with moisture damage; Gas-ZH; HWB G 394.8 / FGEE G; additional fee €14.364 (=3.6%); false-dup near MF109 (~0.6 km, different house). ~32 min drive (21st district) / ~65 min PT (8th district). adid 1638282991.",2026-10-10,active,2026-10-10,2026-10-10,,,,,,new,makler,ISPRIVATE=0; DEALER=1; AK Sonnen Immobilien GmbH,AK Sonnen Immobilien GmbH,3950.5,6.1,3.6,13965,4389,5985,14364,38703,437703,,nicht angegeben (willhaben detail),sanierungsbedarf,Altbau sanierungsbedürftig; Feuchtigkeitsschäden im ~99 m² Keller; Gas-Zentralheizung; HWB G 394.8,willhaben detail (condition/description),img/MF161.jpg,archive/MF161.html,2026-10-10,,25,Not recommended,"{""cost"":14.7,""pt"":12.3,""drive"":6.6,""living"":1.5,""garden"":10.0,""storage"":5,""room5"":0,""sauna"":0,""penalty"":-25}",False,Weak fit (25/100): Good public transport to the 8th district (65 min); Large garden (est. ~939 m²); Only 3 rooms — fails the 4-room need.,Good public transport to the 8th district (65 min) | Large garden (est. ~939 m²) | Cellar mentioned,Only 3 rooms — fails the 4-room need,"Renovate to own taste; NÖ/federal renovation subsidies (e.g. Sanierungsbonus, heating replacement) may reduce cost | Big plot: room for play area, garden shed or extension",70000,140000,507703,577703,549,"Est. ~€549/month: BK €150 (assumed, not in listing) + heating ~€399 (HWB 395, Gas). Estimate.",yes,939,2026-10-10,"renovation needed, heavy (old/poor energy/complete): €700–1,400/m²"
HM24,Bungalow in guter Lage — sofort beziehbar (Tulln an der Donau),honourable,,Bungalow,Tulln an der Donau,3430,Bezirk Tulln,Tulln area,397000,under budget,80.0,513,3,1964,,,Gas-Zentralheizung,Gas,Gas-Zentralheizung,True,False,,True,False,False,,,,,,32,osrm_free_flow,63,vao_hafas_weekday_100000_best_of_5,48.3341046,16.0499932,town_centroid_nominatim,https://www.willhaben.at/iad/immobilien/d/haus-kaufen/niederoesterreich/tulln/-wohnen-ist-auch-in-tulln-leistbar-bungalow-in-guter-lage-1909266702/,,Evening watch 2026-10-10. Makler Immobilien Tulln KHG; 80 m² / 3 Zi / plot 513 m²; 70er Bungalow renovated mid-90s; near Bahnhof & Schulzentrum; BK €121/mo; Provision 3%+USt; search-result pin matched OB15 exactly but plot/price differ (OB15=666 m²/€547k) — treated as separate; detail had no COORDINATES → town_centroid_nominatim. ~32 min drive (21st district) / ~63 min PT (8th district). adid 1909266702.,2026-10-10,active,2026-10-10,2026-10-10,,,,,,new,makler,ISPRIVATE=0; DEALER=1; Immobilien Tulln KHG GmbH,Immobilien Tulln KHG GmbH,4962.5,6.1,3.6,13895,4367,5955,14292,38509,435509,121.0,MONTHCOSTS_GROSS €121.0,bezugsfertig,"70er-Jahre Bungalow, mid-90s renovated, laufend instand; sofort beziehbar; optisch modernisierungsfähig",willhaben detail (condition/description),img/HM24.jpg,archive/HM24.html,2026-10-10,,36,Not recommended,"{""cost"":29.0,""pt"":12.8,""drive"":6.6,""living"":0.0,""garden"":7.3,""storage"":5,""room5"":0,""sauna"":0,""penalty"":-25}",False,Weak fit (36/100): Low overall cost (est. €471k–€506k incl. renovation); Good public transport to the 8th district (63 min); Only 3 rooms — fails the 4-room need.,Low overall cost (est. €471k–€506k incl. renovation) | Good public transport to the 8th district (63 min) | Large garden (est. ~465 m²) | Cellar mentioned,Only 3 rooms — fails the 4-room need | Small living area (80 m²),Negotiate on price; check BK and heating bills,35000,70000,470509,505509,265,"Est. ~€265/month: BK €121 (listing) + heating ~€144 (HWB 180 assumed, Gas). Estimate.",yes,465,2026-10-10,pre-1970 or HWB F/G: substantial renovation €450–900/m²
